date,open,high,low,close,value_php,usd_open,usd_high,usd_low,usd_close
2020-01-02,302.8,316.0,301.0,316.0,35386490.0,5.9724,6.2327,5.9369,6.2327
2020-01-03,312.8,318.8,310.4,312.4,45925674.0,6.1814,6.2999,6.134,6.1735
2020-01-06,313.0,314.8,310.8,311.0,29395682.0,6.1292,6.1645,6.0861,6.09
2020-01-07,314.8,314.8,305.0,309.0,39151972.0,6.1526,6.1526,5.9611,6.0393
2020-01-08,309.0,309.0,300.4,301.8,52816442.0,6.0606,6.0606,5.8919,5.9194
2020-01-09,302.0,306.6,300.4,301.0,50937370.0,5.9869,6.0781,5.9552,5.9671
2020-01-10,303.6,308.0,301.0,308.0,52674228.0,5.9941,6.0809,5.9427,6.0809
2020-01-14,302.0,307.8,302.0,304.8,64003964.0,5.9826,6.0975,5.9826,6.038
2020-01-15,304.8,306.0,287.0,292.4,75078194.0,6.0297,6.0534,5.6775,5.7844
2020-01-16,295.0,299.8,290.0,295.0,52813922.0,5.811,5.9055,5.7125,5.811
2020-01-17,295.0,298.0,291.0,291.0,57163154.0,5.8025,5.8615,5.7238,5.7238
2020-01-20,295.0,295.0,280.4,281.0,101994336.0,5.8048,5.8048,5.5175,5.5293
2020-01-21,281.0,284.8,279.2,279.2,40468374.0,5.5228,5.5975,5.4874,5.4874
2020-01-22,276.4,290.0,276.0,290.0,65686428.0,5.4196,5.6863,5.4118,5.6863
2020-01-23,290.0,302.0,285.2,302.0,91483156.0,5.6879,5.9233,5.5938,5.9233
2020-01-24,299.8,302.4,290.0,302.4,35046060.0,5.8813,5.9323,5.6891,5.9323
2020-01-27,302.2,302.2,291.0,294.0,73954632.0,5.957,5.957,5.7363,5.7954
2020-01-28,293.0,298.0,282.0,282.0,47591650.0,5.7623,5.8606,5.5459,5.5459
2020-01-29,296.0,296.0,275.0,275.0,81028230.0,5.8368,5.8368,5.4227,5.4227
2020-01-30,280.0,285.0,276.0,277.4,51216934.0,5.5086,5.6069,5.4299,5.4574
2020-01-31,277.4,280.0,256.0,256.0,160636492.0,5.4565,5.5076,5.0355,5.0355
2020-02-03,264.0,264.0,256.0,259.0,73062030.0,5.2006,5.2006,5.043,5.1021
2020-02-04,260.0,274.0,259.8,266.8,43535850.0,5.1121,5.3873,5.1081,5.2458
2020-02-05,268.2,274.8,268.2,274.8,29933154.0,5.2847,5.4148,5.2847,5.4148
2020-02-06,275.0,291.0,275.0,291.0,75428152.0,5.4182,5.7334,5.4182,5.7334
2020-02-07,286.0,288.8,282.8,288.8,30513644.0,5.6444,5.6996,5.5812,5.6996
2020-02-10,288.8,288.8,279.0,279.0,47764420.0,5.6794,5.6794,5.4867,5.4867
2020-02-11,279.0,282.0,277.0,277.0,22036166.0,5.4921,5.5512,5.4528,5.4528
2020-02-12,276.8,277.4,263.8,263.8,72805102.0,5.4787,5.4906,5.2214,5.2214
2020-02-13,264.2,268.0,262.0,263.2,83427972.0,5.2162,5.2912,5.1728,5.1964
2020-02-14,263.2,270.4,262.0,262.0,76746282.0,5.2282,5.3713,5.2044,5.2044
2020-02-17,266.8,268.0,264.0,266.0,7867240.0,5.2919,5.3157,5.2363,5.276
2020-02-18,268.8,268.8,266.0,268.8,28126892.0,5.3185,5.3185,5.2631,5.3185
2020-02-19,269.0,279.0,267.6,279.0,39336976.0,5.3099,5.5073,5.2823,5.5073
2020-02-20,278.8,281.6,275.4,279.0,42885996.0,5.5132,5.5685,5.4459,5.5171
2020-02-21,279.0,280.0,270.0,270.0,45641630.0,5.5068,5.5265,5.3291,5.3291
2020-02-24,262.0,263.2,260.4,262.0,96392744.0,5.1624,5.186,5.1308,5.1624
2020-02-26,261.0,265.8,255.2,257.0,155070206.0,5.1026,5.1965,4.9892,5.0244
2020-02-27,257.2,261.8,256.6,260.0,105140556.0,5.0303,5.1203,5.0186,5.0851
2020-02-28,257.0,269.8,256.4,269.8,106496834.0,5.0442,5.2954,5.0324,5.2954
2020-03-02,265.0,266.0,257.0,257.0,145822894.0,5.2137,5.2333,5.0563,5.0563
2020-03-03,261.0,264.0,257.4,257.8,99120116.0,5.1596,5.2189,5.0885,5.0964
2020-03-04,260.0,267.4,257.6,267.4,69062774.0,5.1282,5.2742,5.0809,5.2742
2020-03-05,269.0,269.8,265.0,267.0,77001880.0,5.3146,5.3304,5.2356,5.2751
2020-03-06,267.0,269.0,264.2,269.0,51323922.0,5.2915,5.3312,5.236,5.3312
2020-03-09,268.0,268.0,258.0,258.0,58392422.0,5.3006,5.3006,5.1028,5.1028
2020-03-10,257.0,257.0,251.0,253.0,94781410.0,5.0945,5.0945,4.9756,5.0152
2020-03-11,254.0,264.8,254.0,256.0,110779156.0,5.0262,5.2399,5.0262,5.0658
2020-03-12,255.4,255.4,230.0,230.2,153651962.0,5.0474,5.0474,4.5455,4.5494
2020-03-13,220.0,253.0,210.2,240.0,144087740.0,4.3099,4.9564,4.1179,4.7017
2020-03-16,253.0,253.0,231.0,243.0,116820318.0,4.9584,4.9584,4.5272,4.7624
2020-03-19,218.8,230.0,189.7,210.0,146917974.0,4.1998,4.4148,3.6412,4.0309
2020-03-20,220.0,226.0,196.1,200.0,145049251.0,4.1941,4.3085,3.7384,3.8128
2020-03-23,200.0,218.0,199.0,218.0,112345506.0,3.934,4.2881,3.9144,4.2881
2020-03-24,214.0,214.0,206.0,208.0,101512252.0,4.183,4.183,4.0266,4.0657
2020-03-25,218.0,220.0,210.2,212.4,81721478.0,4.202,4.2406,4.0517,4.0941
2020-03-26,216.6,224.8,212.6,216.2,112142644.0,4.2552,4.4163,4.1767,4.2474
2020-03-27,225.0,230.0,218.2,220.0,86168524.0,4.3732,4.4704,4.241,4.276
2020-03-30,220.0,221.8,210.0,214.4,65844206.0,4.3071,4.3423,4.1113,4.1974
2020-03-31,221.2,225.0,213.0,225.0,83180356.0,4.3052,4.3791,4.1456,4.3791
2020-04-01,223.0,236.2,220.4,231.2,87621522.0,4.3958,4.656,4.3446,4.5575
2020-04-02,231.2,234.0,222.2,232.0,28868664.0,4.4919,4.5463,4.3171,4.5075
2020-04-03,232.0,240.0,227.0,240.0,45432114.0,4.5339,4.6902,4.4362,4.6902
2020-04-06,241.0,260.0,240.0,260.0,109955446.0,4.7357,5.1091,4.7161,5.1091
2020-04-07,270.0,275.0,251.0,266.2,121607674.0,5.3475,5.4465,4.9712,5.2723
2020-04-08,253.0,268.0,253.0,266.2,86251898.0,4.9965,5.2928,4.9965,5.2572
2020-04-13,266.2,267.0,258.0,267.0,81313492.0,5.2701,5.286,5.1078,5.286
2020-04-14,267.0,277.0,260.8,268.0,97698324.0,5.273,5.4705,5.1506,5.2928
2020-04-15,277.8,278.0,268.4,278.0,71373074.0,5.506,5.51,5.3197,5.51
2020-04-16,274.0,274.6,260.0,260.0,166636786.0,5.3923,5.4041,5.1168,5.1168
2020-04-17,263.0,270.2,262.0,269.0,105975384.0,5.1677,5.3092,5.1481,5.2856
2020-04-20,269.0,275.0,261.8,261.8,56423146.0,5.2911,5.4091,5.1495,5.1495
2020-04-21,264.0,266.0,257.6,257.6,57083348.0,5.1856,5.2249,5.0599,5.0599
2020-04-22,255.0,270.0,252.2,270.0,66121594.0,5.0204,5.3157,4.9653,5.3157
2020-04-23,268.0,268.0,258.4,258.4,68763244.0,5.3034,5.3034,5.1134,5.1134
2020-04-24,258.0,262.4,255.0,256.0,37457966.0,5.0978,5.1847,5.0385,5.0583
2020-04-27,255.0,255.0,251.2,252.0,54315126.0,5.0207,5.0207,4.9459,4.9616
2020-04-28,252.2,263.8,252.2,262.2,39149962.0,4.9966,5.2265,4.9966,5.1948
2020-04-29,264.0,264.0,255.2,261.8,53113332.0,5.2181,5.2181,5.0442,5.1746
2020-04-30,264.2,266.0,254.4,254.4,89554478.0,5.2436,5.2793,5.0491,5.0491
2020-05-04,255.0,257.8,252.8,254.6,71491154.0,5.0435,5.0989,5.0,5.0356
2020-05-05,257.0,260.0,255.0,256.0,55610162.0,5.0891,5.1485,5.0495,5.0693
2020-05-06,256.2,258.8,253.2,253.2,71823600.0,5.0559,5.1073,4.9967,4.9967
2020-05-07,256.4,256.8,252.2,256.0,40990244.0,5.0469,5.0548,4.9643,5.0391
2020-05-08,254.0,256.6,252.0,252.0,61605100.0,5.0213,5.0727,4.9817,4.9817
2020-05-11,252.2,256.2,252.2,255.4,16467488.0,4.9955,5.0748,4.9955,5.0589
2020-05-12,255.8,264.0,255.4,264.0,92271914.0,5.0761,5.2388,5.0682,5.2388
2020-05-13,264.0,270.0,259.2,270.0,452252372.0,5.2553,5.3747,5.1597,5.3747
2020-05-14,269.8,275.0,265.2,275.0,155364260.0,5.3777,5.4814,5.286,5.4814
2020-05-15,274.0,275.4,265.4,274.4,121169958.0,5.422,5.4497,5.2518,5.4299
2020-05-18,274.4,275.0,266.2,275.0,55081498.0,5.4096,5.4214,5.2479,5.4214
2020-05-19,272.0,275.4,270.0,272.2,98323774.0,5.3445,5.4114,5.3052,5.3485
2020-05-20,272.2,272.2,266.2,271.0,43362144.0,5.3704,5.3704,5.252,5.3467
2020-05-21,267.4,276.0,266.0,276.0,125272808.0,5.2794,5.4492,5.2517,5.4492
2020-05-22,275.8,276.0,271.2,276.0,48611664.0,5.4313,5.4352,5.3407,5.4352
2020-05-26,275.6,275.6,267.0,274.0,80365808.0,5.4252,5.4252,5.2559,5.3937
2020-05-27,274.0,275.0,270.4,275.0,51257260.0,5.4204,5.4402,5.3492,5.4402
2020-05-28,275.0,275.0,271.8,272.0,49171370.0,5.423,5.423,5.3599,5.3638
2020-05-29,273.4,283.0,270.4,283.0,199934764.0,5.3994,5.589,5.3402,5.589
2020-06-01,281.8,293.0,276.8,292.0,151910624.0,5.5759,5.7975,5.477,5.7777
2020-06-02,292.0,292.0,285.2,289.0,84357292.0,5.7914,5.7914,5.6565,5.7319
2020-06-03,289.0,293.2,285.0,292.0,93059612.0,5.7739,5.8578,5.6939,5.8338
2020-06-04,286.0,293.4,285.4,293.4,151012826.0,5.732,5.8803,5.72,5.8803
2020-06-05,292.0,294.0,286.2,288.4,57252806.0,5.8517,5.8918,5.7355,5.7796
2020-06-08,290.0,293.6,285.0,285.0,69515548.0,5.8314,5.9038,5.7308,5.7308
2020-06-09,289.8,291.0,285.2,291.0,57642110.0,5.816,5.8401,5.7237,5.8401
2020-06-10,291.0,294.8,287.0,292.0,84693972.0,5.8403,5.9166,5.76,5.8604
2020-06-11,292.0,292.0,286.2,292.0,76365600.0,5.8617,5.8617,5.7453,5.8617
2020-06-15,292.0,292.0,280.0,285.0,179112694.0,5.8062,5.8062,5.5676,5.667
2020-06-16,285.0,285.0,277.0,283.0,174523880.0,5.6733,5.6733,5.5141,5.6335
2020-06-17,283.0,285.0,277.4,278.2,168309558.0,5.6634,5.7034,5.5513,5.5673
2020-06-18,278.2,280.0,276.6,276.6,71422924.0,5.5474,5.5833,5.5155,5.5155
2020-06-19,276.0,284.6,265.0,265.0,261219020.0,5.5013,5.6727,5.282,5.282
2020-06-22,270.0,278.4,270.0,278.4,66801528.0,5.3939,5.5617,5.3939,5.5617
2020-06-23,278.0,278.0,270.6,276.8,64246576.0,5.5445,5.5445,5.3969,5.5205
2020-06-24,276.6,277.0,265.6,266.8,78684112.0,5.527,5.535,5.3072,5.3312
2020-06-25,266.0,272.8,266.0,270.0,120256088.0,5.3083,5.444,5.3083,5.3881
2020-06-26,270.0,274.6,265.2,266.6,96529116.0,5.4027,5.4947,5.3067,5.3347
2020-06-29,268.6,269.6,265.6,268.4,53406744.0,5.3753,5.3953,5.3153,5.3713
2020-06-30,267.0,270.2,267.0,268.0,98846156.0,5.3739,5.4383,5.3739,5.394
2020-07-01,269.0,270.6,267.2,268.8,29434156.0,5.4128,5.445,5.3766,5.4088
2020-07-02,272.0,276.0,268.0,274.8,106113018.0,5.4739,5.5544,5.3934,5.5303
2020-07-03,275.0,278.2,275.0,278.2,43939190.0,5.5505,5.6151,5.5505,5.6151
2020-07-06,279.0,283.0,275.0,283.0,29943066.0,5.6401,5.721,5.5593,5.721
2020-07-07,281.0,283.0,278.6,281.0,94894226.0,5.6992,5.7398,5.6505,5.6992
2020-07-08,281.0,281.8,279.0,281.0,60516550.0,5.675,5.6912,5.6347,5.675
2020-07-09,281.2,282.4,270.2,270.2,62713400.0,5.6751,5.6993,5.4531,5.4531
2020-07-10,270.4,278.0,270.4,278.0,114902924.0,5.4681,5.6218,5.4681,5.6218
2020-07-13,277.0,278.0,274.0,276.4,37777602.0,5.6038,5.624,5.5431,5.5916
2020-07-14,274.2,275.2,268.2,268.2,107563402.0,5.5467,5.5669,5.4253,5.4253
2020-07-15,270.0,270.0,260.0,260.0,103430194.0,5.4639,5.4639,5.2616,5.2616
2020-07-16,263.0,268.0,258.0,260.8,62001438.0,5.3131,5.4141,5.2121,5.2687
2020-07-17,264.0,266.8,260.2,260.6,33770766.0,5.3285,5.385,5.2518,5.2599
2020-07-20,262.0,265.8,260.2,260.2,63469766.0,5.307,5.3839,5.2705,5.2705
2020-07-21,263.6,263.6,260.2,262.8,38665452.0,5.3404,5.3404,5.2715,5.3241
2020-07-22,262.8,264.6,261.0,262.0,40777716.0,5.3231,5.3595,5.2866,5.3069
2020-07-23,261.2,261.8,258.2,258.2,50871020.0,5.2874,5.2996,5.2267,5.2267
2020-07-24,259.0,261.0,258.2,261.0,39036572.0,5.2344,5.2749,5.2183,5.2749
2020-07-27,261.0,261.0,254.0,258.0,55096430.0,5.2914,5.2914,5.1495,5.2306
2020-07-28,258.0,268.0,256.0,268.0,29699260.0,5.2492,5.4527,5.2085,5.4527
2020-07-29,267.8,268.0,260.4,268.0,22326402.0,5.4447,5.4488,5.2943,5.4488
2020-07-30,268.0,268.0,262.2,265.0,53535512.0,5.4655,5.4655,5.3472,5.4043
2020-08-03,263.0,263.0,255.2,257.0,68371994.0,5.3557,5.3557,5.1968,5.2335
2020-08-04,259.0,262.0,256.4,257.0,43011778.0,5.2653,5.3263,5.2124,5.2246
2020-08-05,261.4,264.8,258.0,258.0,70087382.0,5.3363,5.4057,5.2669,5.2669
2020-08-06,259.4,266.6,259.2,266.6,26072204.0,5.2861,5.4328,5.282,5.4328
2020-08-07,266.6,266.8,263.0,266.8,18116402.0,5.4704,5.4745,5.3965,5.4745
2020-08-10,266.6,266.6,264.2,264.8,32789342.0,5.4304,5.4304,5.3815,5.3937
2020-08-11,264.8,268.0,264.0,267.8,36038946.0,5.3909,5.456,5.3746,5.452
2020-08-12,268.0,271.8,266.6,270.8,40508284.0,5.4688,5.5464,5.4403,5.526
2020-08-13,271.0,276.0,270.6,276.0,66364550.0,5.5374,5.6396,5.5292,5.6396
2020-08-14,276.2,279.4,271.2,278.6,68931176.0,5.6661,5.7318,5.5635,5.7154
2020-08-17,275.0,277.8,271.0,274.8,20205488.0,5.652,5.7096,5.5698,5.6479
2020-08-18,275.0,280.0,271.2,280.0,69325324.0,5.6544,5.7572,5.5762,5.7572
2020-08-19,279.0,279.0,271.0,271.0,29305698.0,5.7425,5.7425,5.5779,5.5779
2020-08-20,273.4,273.4,266.2,270.0,59683366.0,5.6145,5.6145,5.4667,5.5447
2020-08-24,272.0,272.0,267.2,270.0,96832216.0,5.5848,5.5848,5.4862,5.5437
2020-08-25,267.2,273.0,260.0,270.0,116454062.0,5.5053,5.6248,5.357,5.563
2020-08-26,270.0,276.4,270.0,275.8,109539016.0,5.559,5.6908,5.559,5.6784
2020-08-27,275.0,275.0,267.0,267.0,57325006.0,5.6622,5.6622,5.4974,5.4974
2020-08-28,269.0,270.0,267.4,269.0,99300400.0,5.547,5.5676,5.514,5.547
2020-09-01,267.0,267.6,260.6,260.6,107002222.0,5.5211,5.5335,5.3888,5.3888
2020-09-02,261.4,264.0,261.0,264.0,49332984.0,5.383,5.4366,5.3748,5.4366
2020-09-03,261.4,264.2,261.0,263.0,57185782.0,5.3786,5.4362,5.3704,5.4115
2020-09-04,260.8,264.0,259.4,259.6,117685980.0,5.3536,5.4193,5.3248,5.329
2020-09-07,260.0,262.2,260.0,262.2,27925812.0,5.3525,5.3978,5.3525,5.3978
2020-09-08,262.2,272.4,260.6,272.4,61242308.0,5.4028,5.613,5.3699,5.613
2020-09-09,271.6,271.6,265.0,265.0,54657118.0,5.5937,5.5937,5.4577,5.4577
2020-09-10,270.0,270.0,265.4,268.8,50453482.0,5.5493,5.5493,5.4547,5.5246
2020-09-11,269.4,270.0,266.4,270.0,70951214.0,5.5564,5.5687,5.4945,5.5687
2020-09-14,269.0,274.0,268.0,273.0,112228434.0,5.5423,5.6453,5.5217,5.6247
2020-09-15,273.0,280.0,268.0,278.6,254409904.0,5.6343,5.7788,5.5311,5.7499
2020-09-16,277.0,277.6,269.8,269.8,117975072.0,5.7398,5.7522,5.5906,5.5906
2020-09-17,271.0,271.8,269.2,271.8,26724852.0,5.6084,5.625,5.5712,5.625
2020-09-18,274.4,278.6,270.0,278.6,124692296.0,5.6747,5.7616,5.5837,5.7616
2020-09-21,278.0,278.0,273.2,275.8,37015130.0,5.7355,5.7355,5.6365,5.6901
2020-09-22,276.0,276.4,270.2,273.2,56293656.0,5.6989,5.7072,5.5792,5.6411
2020-09-23,273.2,275.0,273.2,275.0,64604844.0,5.6376,5.6748,5.6376,5.6748
2020-09-24,274.0,276.8,273.0,276.6,97352694.0,5.6402,5.6978,5.6196,5.6937
2020-09-25,276.6,279.8,273.0,275.8,56814114.0,5.7031,5.7691,5.6289,5.6866
2020-09-28,277.0,277.6,274.0,277.6,50197494.0,5.7156,5.728,5.6537,5.728
2020-09-29,277.6,279.0,275.4,278.0,31466156.0,5.7395,5.7684,5.694,5.7477
2020-09-30,278.0,278.4,271.0,271.0,52299934.0,5.7491,5.7574,5.6044,5.6044
2020-10-01,275.6,275.6,271.0,271.4,30728518.0,5.6842,5.6842,5.5894,5.5976
2020-10-02,271.4,277.0,271.4,277.0,26392074.0,5.6113,5.727,5.6113,5.727
2020-10-05,276.0,277.0,274.2,275.0,39361414.0,5.6924,5.713,5.6552,5.6717
2020-10-06,274.0,276.0,271.2,272.0,52220840.0,5.667,5.7084,5.6091,5.6256
2020-10-07,272.0,273.0,269.2,272.0,66936492.0,5.6117,5.6323,5.554,5.6117
2020-10-08,272.6,276.6,270.0,276.6,48326436.0,5.6229,5.7054,5.5693,5.7054
2020-10-09,276.6,276.6,272.6,273.6,94926534.0,5.714,5.714,5.6314,5.6521
2020-10-12,274.0,284.6,273.8,281.0,101613882.0,5.6669,5.8861,5.6628,5.8117
2020-10-13,281.0,284.0,279.6,284.0,36126352.0,5.8008,5.8627,5.7719,5.8627
2020-10-14,283.8,283.8,281.2,283.8,63290532.0,5.8132,5.8132,5.7599,5.8132
2020-10-15,283.8,286.8,281.8,285.4,73325378.0,5.8528,5.9147,5.8116,5.8858
2020-10-16,285.4,293.8,285.4,292.0,153624444.0,5.8671,6.0398,5.8671,6.0028
2020-10-19,290.0,290.0,285.0,289.6,48016936.0,5.9627,5.9627,5.8599,5.9544
2020-10-20,289.6,291.6,286.0,289.2,58188684.0,5.9693,6.0105,5.8951,5.961
2020-10-21,290.0,291.0,285.0,285.0,73361536.0,5.9815,6.0021,5.8783,5.8783
2020-10-22,284.8,295.0,281.2,295.0,234642610.0,5.8722,6.0825,5.7979,6.0825
2020-10-23,295.0,295.0,289.2,295.0,93966664.0,6.0772,6.0772,5.9577,6.0772
2020-10-26,295.0,298.8,294.0,298.0,41826692.0,6.1105,6.1892,6.0898,6.1727
2020-10-27,297.8,297.8,293.0,295.0,35381572.0,6.1565,6.1565,6.0572,6.0986
2020-10-28,290.0,295.0,290.0,291.0,48663358.0,6.0088,6.1124,6.0088,6.0295
2020-10-29,293.0,295.0,290.0,294.0,86820244.0,6.0547,6.096,5.9927,6.0754
2020-10-30,295.0,300.0,291.0,300.0,94316208.0,6.0979,6.2013,6.0153,6.2013
2020-11-03,300.0,300.6,295.0,299.8,51838220.0,6.2022,6.2146,6.0988,6.1981
2020-11-04,300.0,302.4,296.0,301.0,116110626.0,6.2239,6.2737,6.141,6.2447
2020-11-05,302.0,305.4,296.0,296.0,81283122.0,6.263,6.3335,6.1385,6.1385
2020-11-06,297.8,301.0,296.8,300.2,81331718.0,6.1724,6.2387,6.1517,6.2221
2020-11-09,300.2,313.0,298.0,313.0,87150802.0,6.2474,6.5137,6.2016,6.5137
2020-11-10,310.0,313.0,304.0,310.0,140726728.0,6.4293,6.4915,6.3048,6.4293
2020-11-11,310.0,313.0,309.2,310.4,48528732.0,6.412,6.474,6.3954,6.4203
2020-11-13,309.6,309.6,300.0,303.0,45979808.0,6.3835,6.3835,6.1856,6.2474
2020-11-16,305.0,315.0,300.4,315.0,40784834.0,6.3331,6.5407,6.2375,6.5407
2020-11-17,314.0,314.0,305.2,311.0,48333402.0,6.519,6.519,6.3363,6.4567
2020-11-18,309.0,310.4,300.4,306.0,91231046.0,6.4065,6.4356,6.2282,6.3443
2020-11-19,309.0,309.0,300.0,300.0,70869882.0,6.4446,6.4446,6.2569,6.2569
2020-11-20,303.0,306.0,301.0,304.2,40905782.0,6.2782,6.3404,6.2368,6.3031
2020-11-23,304.2,309.0,301.0,301.0,79940000.0,6.3225,6.4223,6.256,6.256
2020-11-24,301.6,303.0,295.2,299.8,114693876.0,6.256,6.285,6.1232,6.2186
2020-11-25,299.8,299.8,295.0,295.0,76384738.0,6.2251,6.2251,6.1254,6.1254
2020-11-26,295.0,295.4,285.0,287.0,87296132.0,6.1458,6.1542,5.9375,5.9792
2020-11-27,287.0,294.8,281.6,281.6,325617980.0,5.9812,6.1438,5.8687,5.8687
2020-12-01,282.0,300.0,282.0,300.0,92902862.0,5.8567,6.2305,5.8567,6.2305
2020-12-02,300.0,300.0,295.0,298.0,89922550.0,6.2422,6.2422,6.1382,6.2006
2020-12-03,300.0,300.0,290.2,296.0,86891100.0,6.2653,6.2653,6.0607,6.1818
2020-12-04,296.0,300.4,294.0,295.0,58209592.0,6.1794,6.2713,6.1377,6.1586
2020-12-07,295.0,301.6,294.4,297.0,84599666.0,6.1481,6.2857,6.1356,6.1898
2020-12-09,298.0,303.6,298.0,300.0,73491864.0,6.1787,6.2948,6.1787,6.2202
2020-12-10,300.0,300.0,295.4,295.4,85241628.0,6.2176,6.2176,6.1223,6.1223
2020-12-11,300.0,300.0,290.0,290.0,123375188.0,6.2189,6.2189,6.0116,6.0116
2020-12-14,294.6,295.0,287.0,287.0,155600994.0,6.1354,6.1437,5.9771,5.9771
2020-12-15,290.0,294.8,287.0,287.0,102584918.0,6.0241,6.1238,5.9618,5.9618
2020-12-16,295.0,295.0,285.8,285.8,132661874.0,6.1602,6.1602,5.9681,5.9681
2020-12-17,285.8,289.4,284.0,284.0,165281674.0,5.9635,6.0386,5.9259,5.9259
2020-12-18,285.0,289.4,281.6,281.6,186807778.0,5.9264,6.0179,5.8557,5.8557
2020-12-21,283.0,285.8,282.0,282.8,72774172.0,5.9012,5.9596,5.8804,5.8971
2020-12-22,283.0,284.2,282.0,282.0,67924478.0,5.8762,5.9012,5.8555,5.8555
2020-12-23,282.0,284.0,281.8,282.6,65047302.0,5.847,5.8885,5.8428,5.8594
2020-12-28,285.0,292.0,285.0,288.4,46012866.0,5.9369,6.0827,5.9369,6.0077
2020-12-29,290.0,293.0,289.0,292.0,97296312.0,6.0537,6.1163,6.0328,6.0954
2021-01-04,293.0,295.0,292.0,295.0,53190440.0,6.094,6.1356,6.0732,6.1356
2021-01-05,295.0,299.2,288.8,299.2,82710446.0,6.1574,6.245,6.028,6.245
2021-01-06,299.2,299.2,291.0,299.0,51480066.0,6.2204,6.2204,6.0499,6.2162
2021-01-07,298.6,298.6,294.0,297.0,46281444.0,6.2092,6.2092,6.1135,6.1759
2021-01-08,297.0,300.0,294.2,299.0,118733330.0,6.1663,6.2286,6.1082,6.2078
2021-01-11,300.0,301.4,295.0,298.0,101430698.0,6.2586,6.2878,6.1543,6.2169
2021-01-12,298.0,299.6,295.0,295.0,46731072.0,6.2073,6.2406,6.1448,6.1448
2021-01-13,295.0,299.4,294.4,296.6,34366790.0,6.1369,6.2284,6.1244,6.1702
2021-01-14,298.6,299.0,290.2,290.2,151604706.0,6.2304,6.2388,6.0552,6.0552
2021-01-15,292.0,298.8,290.2,297.2,36877320.0,6.0827,6.2244,6.0452,6.191
2021-01-18,297.0,297.0,293.0,297.0,68682148.0,6.1969,6.1969,6.1134,6.1969
2021-01-19,291.2,293.8,290.0,290.0,112218358.0,6.06,6.1141,6.035,6.035
2021-01-20,290.4,293.8,288.0,293.8,60880444.0,6.0424,6.1132,5.9925,6.1132
2021-01-21,293.8,293.8,286.0,286.0,60901824.0,6.1132,6.1132,5.9509,5.9509
2021-01-22,288.0,289.8,282.8,285.0,97429146.0,5.993,6.0305,5.8848,5.9306
2021-01-25,285.0,290.0,284.0,284.0,60444924.0,5.9448,6.0491,5.9239,5.9239
2021-01-26,284.0,285.0,282.0,282.0,39926716.0,5.9056,5.9264,5.864,5.864
2021-01-27,281.6,282.0,280.0,280.0,75113706.0,5.8613,5.8696,5.828,5.828
2021-01-28,280.0,286.0,280.0,280.0,52321086.0,5.8182,5.9429,5.8182,5.8182
2021-01-29,280.0,282.8,261.0,261.0,263875280.0,5.8212,5.8794,5.4262,5.4262
2021-02-01,268.0,278.0,268.0,276.8,100977534.0,5.578,5.7861,5.578,5.7611
2021-02-02,275.0,284.8,275.0,284.8,62657752.0,5.7196,5.9235,5.7196,5.9235
2021-02-03,284.8,284.8,279.0,284.0,114457448.0,5.9597,5.9597,5.8383,5.943
2021-02-04,284.0,288.0,281.6,288.0,45664752.0,5.9241,6.0075,5.874,6.0075
2021-02-05,288.0,293.8,285.0,293.8,128397392.0,5.9894,6.11,5.927,6.11
2021-02-08,293.0,295.0,289.0,291.0,108653966.0,6.1163,6.158,6.0328,6.0745
2021-02-09,291.0,294.8,290.2,293.6,45914288.0,6.052,6.1311,6.0354,6.1061
2021-02-10,293.0,294.8,291.4,294.8,37543670.0,6.1004,6.1378,6.067,6.1378
2021-02-11,294.8,294.8,289.2,289.2,34903012.0,6.1364,6.1364,6.0199,6.0199
2021-02-15,289.2,294.0,289.0,289.0,32081088.0,6.0186,6.1185,6.0144,6.0144
2021-02-16,289.0,294.0,289.0,293.8,13028224.0,6.0265,6.1307,6.0265,6.1266
2021-02-17,289.4,291.4,288.0,288.0,54105490.0,5.9859,6.0273,5.9569,5.9569
2021-02-18,288.2,289.8,285.6,285.6,96735170.0,5.9548,5.9879,5.9011,5.9011
2021-02-19,285.4,288.8,282.0,282.0,74804090.0,5.8777,5.9478,5.8077,5.8077
2021-02-22,283.0,288.0,283.0,285.0,99603402.0,5.8508,5.9542,5.8508,5.8922
2021-02-23,284.8,289.0,277.8,278.6,71098474.0,5.8535,5.9398,5.7096,5.726
2021-02-24,278.8,279.0,275.0,275.0,82892228.0,5.7287,5.7328,5.6506,5.6506
2021-02-26,275.0,278.0,270.4,271.0,200520526.0,5.6065,5.6677,5.5127,5.525
2021-03-01,278.0,286.4,274.0,274.0,63170208.0,5.7165,5.8892,5.6342,5.6342
2021-03-02,282.0,284.0,275.0,276.0,70625496.0,5.809,5.8502,5.6648,5.6854
2021-03-03,276.0,281.6,275.0,281.0,63998348.0,5.6806,5.7959,5.6601,5.7836
2021-03-04,281.0,283.0,277.2,277.6,66487404.0,5.7831,5.8242,5.7049,5.7131
2021-03-05,277.6,280.8,277.2,279.0,45690312.0,5.7256,5.7917,5.7174,5.7545
2021-03-08,279.0,280.0,271.0,275.2,69632868.0,5.7536,5.7742,5.5886,5.6752
2021-03-09,275.4,279.0,272.0,277.2,31157150.0,5.6638,5.7378,5.5938,5.7008
2021-03-10,278.8,282.0,275.0,278.0,105665044.0,5.7505,5.8165,5.6721,5.734
2021-03-11,282.0,282.0,271.2,272.2,61421548.0,5.8142,5.8142,5.5915,5.6121
2021-03-12,273.0,275.8,270.8,271.0,64964182.0,5.6411,5.6989,5.5956,5.5998
2021-03-15,278.0,278.0,266.8,267.4,99181920.0,5.7476,5.7476,5.5161,5.5285
2021-03-16,269.0,273.8,267.0,267.4,87171010.0,5.5481,5.6471,5.5069,5.5151
2021-03-17,268.6,272.8,268.0,268.0,110585004.0,5.5382,5.6248,5.5259,5.5259
2021-03-18,268.0,274.0,268.0,273.6,21284464.0,5.4888,5.6116,5.4888,5.6035
2021-03-19,273.6,280.0,270.0,280.0,149613088.0,5.6354,5.7673,5.5613,5.7673
2021-03-22,275.6,280.0,271.8,272.6,69760920.0,5.6882,5.779,5.6098,5.6263
2021-03-23,273.0,279.0,272.0,272.0,66873078.0,5.6101,5.7334,5.5896,5.5896
2021-03-24,273.6,280.0,272.2,280.0,79612742.0,5.6112,5.7424,5.5824,5.7424
2021-03-25,273.0,274.6,270.2,274.6,71758710.0,5.6022,5.635,5.5447,5.635
2021-03-26,274.6,274.6,270.4,270.4,46946700.0,5.6479,5.6479,5.5615,5.5615
2021-03-29,270.2,276.0,270.0,270.0,62391210.0,5.5794,5.6992,5.5753,5.5753
2021-03-30,270.2,277.4,270.2,277.4,37362240.0,5.5701,5.7185,5.5701,5.7185
2021-03-31,276.2,277.0,272.0,272.0,68620006.0,5.6787,5.6951,5.5923,5.5923
2021-04-05,272.4,276.8,270.8,274.6,27695538.0,5.6111,5.7017,5.5781,5.6564
2021-04-06,275.0,276.8,274.8,276.0,25906526.0,5.6402,5.6771,5.6361,5.6607
2021-04-07,276.6,283.8,276.6,283.8,72048410.0,5.6709,5.8186,5.6709,5.8186
2021-04-08,283.6,284.0,280.0,280.6,53105130.0,5.8047,5.8129,5.731,5.7433
2021-04-12,281.0,283.0,280.0,282.2,33610008.0,5.7906,5.8318,5.77,5.8153
2021-04-13,282.2,282.6,275.0,278.6,45869874.0,5.7836,5.7918,5.6361,5.7098
2021-04-14,277.8,278.6,273.0,278.0,43095834.0,5.702,5.7184,5.6034,5.7061
2021-04-15,278.0,278.0,274.0,275.0,31986126.0,5.7462,5.7462,5.6635,5.6842
2021-04-16,275.2,277.6,273.2,273.8,32869074.0,5.6684,5.7178,5.6272,5.6395
2021-04-19,274.0,276.0,273.6,273.6,22961538.0,5.6688,5.7101,5.6605,5.6605
2021-04-20,274.4,278.0,274.0,278.0,37862198.0,5.6647,5.7391,5.6565,5.7391
2021-04-21,276.0,277.6,271.0,271.0,58507816.0,5.6872,5.7202,5.5842,5.5842
2021-04-22,271.2,275.0,271.2,275.0,36465420.0,5.6144,5.6931,5.6144,5.6931
2021-04-23,274.0,275.0,271.0,275.0,41815136.0,5.6533,5.674,5.5914,5.674
2021-04-26,275.0,276.4,272.4,275.0,32664890.0,5.7001,5.7291,5.6462,5.7001
2021-04-27,273.0,275.0,270.2,270.2,67130888.0,5.6378,5.6791,5.58,5.58
2021-04-28,274.6,274.6,271.2,271.2,66028234.0,5.6549,5.6549,5.5848,5.5848
2021-04-29,273.0,275.8,271.2,275.8,54940626.0,5.6223,5.6799,5.5852,5.6799
2021-04-30,274.8,275.4,272.8,272.8,47825820.0,5.6712,5.6836,5.63,5.63
2021-05-03,273.0,275.0,272.4,272.4,25763892.0,5.6653,5.7068,5.6529,5.6529
2021-05-04,272.6,274.8,272.4,272.4,21598510.0,5.6894,5.7353,5.6852,5.6852
2021-05-05,274.6,274.6,272.0,272.6,20723024.0,5.7022,5.7022,5.6482,5.6607
2021-05-06,272.6,273.8,270.2,270.2,36685410.0,5.691,5.7161,5.6409,5.6409
2021-05-07,273.0,273.8,271.2,273.8,23984000.0,5.6934,5.7101,5.6559,5.7101
2021-05-10,273.6,274.2,272.0,272.2,21223252.0,5.7256,5.7382,5.6922,5.6963
2021-05-11,272.0,274.8,271.8,274.8,29294874.0,5.6717,5.7301,5.6676,5.7301
2021-05-12,274.8,274.8,272.2,274.2,21308740.0,5.7245,5.7245,5.6704,5.712
2021-05-14,274.0,274.2,271.2,274.0,54671790.0,5.7382,5.7424,5.6796,5.7382
2021-05-17,274.0,274.0,271.0,273.8,47506792.0,5.7401,5.7401,5.6773,5.736
2021-05-18,273.8,273.8,271.4,273.8,32203968.0,5.7077,5.7077,5.6577,5.7077
2021-05-19,273.8,273.8,272.0,273.8,19952162.0,5.7135,5.7135,5.6759,5.7135
2021-05-20,274.0,274.0,272.6,274.0,51425976.0,5.7137,5.7137,5.6845,5.7137
2021-05-21,274.0,275.0,272.0,272.0,38932300.0,5.7182,5.7391,5.6765,5.6765
2021-05-24,272.0,273.6,271.8,272.4,32528984.0,5.6746,5.708,5.6704,5.6829
2021-05-25,272.4,274.0,271.8,274.0,66964098.0,5.6591,5.6923,5.6466,5.6923
2021-05-26,274.0,276.4,272.6,272.6,89181084.0,5.6971,5.747,5.6679,5.6679
2021-05-27,272.8,276.6,272.8,276.0,308768884.0,5.6545,5.7332,5.6545,5.7208
2021-05-28,276.4,285.0,276.4,284.0,104860908.0,5.7458,5.9245,5.7458,5.9038
2021-05-31,284.0,284.6,282.0,283.6,28842548.0,5.948,5.9606,5.9061,5.9396
2021-06-01,283.6,283.6,280.0,280.0,49854550.0,5.9634,5.9634,5.8877,5.8877
2021-06-02,280.0,285.0,278.2,285.0,46887566.0,5.8693,5.9741,5.8316,5.9741
2021-06-03,285.0,285.4,280.0,284.0,42094096.0,5.9655,5.9738,5.8608,5.9445
2021-06-04,285.0,285.0,281.2,282.0,41440484.0,5.9747,5.9747,5.895,5.9118
2021-06-07,281.0,282.0,275.0,275.0,113661824.0,5.898,5.919,5.7721,5.7721
2021-06-08,275.6,281.0,275.0,275.0,72607134.0,5.7801,5.8933,5.7675,5.7675
2021-06-09,275.4,278.6,275.4,275.4,34046004.0,5.7871,5.8544,5.7871,5.7871
2021-06-10,278.0,280.8,277.6,277.6,54046934.0,5.8213,5.8799,5.8129,5.8129
2021-06-11,280.0,280.4,278.0,280.0,32626222.0,5.8674,5.8758,5.8255,5.8674
2021-06-14,279.0,282.2,279.0,280.0,35228672.0,5.84,5.907,5.84,5.8609
2021-06-15,280.2,281.6,279.2,280.0,123527470.0,5.8466,5.8758,5.8258,5.8425
2021-06-16,280.0,281.6,277.0,278.0,63799024.0,5.8251,5.8584,5.7627,5.7835
2021-06-17,279.0,279.2,277.2,278.0,46482676.0,5.7886,5.7928,5.7513,5.7679
2021-06-18,278.4,280.0,275.0,279.6,135422644.0,5.7396,5.7726,5.6695,5.7644
2021-06-21,279.6,279.6,275.2,275.8,36081000.0,5.763,5.763,5.6724,5.6847
2021-06-22,278.0,278.2,275.8,276.0,41124010.0,5.7213,5.7255,5.6761,5.6802
2021-06-23,276.0,278.0,275.2,275.2,59249060.0,5.6565,5.6975,5.6402,5.6402
2021-06-24,278.0,278.0,275.6,275.6,57733918.0,5.7155,5.7155,5.6661,5.6661
2021-06-25,276.0,277.8,275.4,275.4,49288596.0,5.666,5.7029,5.6536,5.6536
2021-06-28,275.4,278.6,275.4,278.0,44495420.0,5.6899,5.756,5.6899,5.7436
2021-06-29,278.0,279.0,275.0,275.0,35331696.0,5.7111,5.7317,5.6495,5.6495
2021-06-30,279.0,279.0,276.0,277.2,55072060.0,5.7324,5.7324,5.6707,5.6954
2021-07-01,278.0,281.0,277.4,278.0,41352994.0,5.6825,5.7438,5.6703,5.6825
2021-07-02,280.8,281.6,278.4,281.6,49582608.0,5.7209,5.7372,5.672,5.7372
2021-07-05,282.0,283.4,281.8,282.0,17907168.0,5.7296,5.7581,5.7255,5.7296
2021-07-06,283.0,284.8,282.0,283.6,41875504.0,5.7383,5.7748,5.718,5.7504
2021-07-07,284.4,285.0,282.0,285.0,45583366.0,5.6983,5.7103,5.6502,5.7103
2021-07-08,285.0,285.0,280.0,281.0,55575684.0,5.6895,5.6895,5.5897,5.6097
2021-07-09,280.6,280.8,275.2,275.2,111465724.0,5.6165,5.6205,5.5084,5.5084
2021-07-12,275.8,280.0,274.4,275.4,81132738.0,5.5128,5.5968,5.4848,5.5048
2021-07-13,275.4,276.8,275.4,276.6,24663550.0,5.4497,5.4774,5.4497,5.4734
2021-07-14,276.4,276.6,274.6,274.6,55943904.0,5.505,5.509,5.4691,5.4691
2021-07-15,275.2,278.0,273.0,273.0,28675136.0,5.4834,5.5392,5.4395,5.4395
2021-07-16,273.2,277.0,272.0,272.0,68437206.0,5.4349,5.5105,5.411,5.411
2021-07-19,272.0,272.4,270.4,270.6,69673822.0,5.3946,5.4025,5.3628,5.3668
2021-07-21,270.6,274.0,266.0,266.0,110016168.0,5.3122,5.379,5.2219,5.2219
2021-07-22,267.0,270.4,267.0,269.4,26330760.0,5.3074,5.375,5.3074,5.3551
2021-07-23,270.0,270.0,267.8,269.0,22786998.0,5.3799,5.3799,5.336,5.36
2021-07-26,269.8,269.8,267.0,267.0,27556646.0,5.3762,5.3762,5.3204,5.3204
2021-07-27,269.0,272.0,268.0,272.0,54325926.0,5.3481,5.4078,5.3282,5.4078
2021-07-28,272.0,272.0,267.0,267.0,53371394.0,5.39,5.39,5.2909,5.2909
2021-07-29,267.0,269.8,266.6,267.0,70007874.0,5.3166,5.3724,5.3086,5.3166
2021-07-30,269.0,269.0,265.0,265.0,93734918.0,5.3527,5.3527,5.2731,5.2731
2021-08-02,265.0,267.0,264.0,265.2,47903196.0,5.3053,5.3453,5.2853,5.3093
2021-08-03,265.2,269.0,263.2,269.0,78524042.0,5.3077,5.3838,5.2677,5.3838
2021-08-04,269.0,270.8,266.0,268.0,45384348.0,5.3987,5.4348,5.3385,5.3786
2021-08-05,269.8,272.0,268.0,272.0,54463276.0,5.4216,5.4658,5.3854,5.4658
2021-08-06,272.0,277.8,272.0,276.0,57779888.0,5.4129,5.5284,5.4129,5.4925
2021-08-09,276.8,276.8,270.0,270.0,43598576.0,5.4546,5.4546,5.3206,5.3206
2021-08-10,270.4,277.0,270.4,276.4,74791718.0,5.3669,5.4979,5.3669,5.486
2021-08-11,276.6,281.2,275.0,281.2,185678814.0,5.4721,5.5631,5.4405,5.5631
2021-08-12,280.2,280.2,277.0,280.0,35588224.0,5.5638,5.5638,5.5003,5.5599
2021-08-13,280.0,290.2,278.0,290.0,524801732.0,5.535,5.7367,5.4955,5.7327
2021-08-16,289.8,291.0,283.0,291.0,89337410.0,5.7338,5.7576,5.5993,5.7576
2021-08-17,289.8,292.0,287.0,292.0,173462866.0,5.703,5.7463,5.6479,5.7463
2021-08-18,287.0,287.0,278.0,285.0,42929144.0,5.67,5.67,5.4922,5.6305
2021-08-19,284.8,290.0,281.0,290.0,67419540.0,5.6402,5.7431,5.5649,5.7431
2021-08-20,290.0,290.0,285.0,286.0,72418256.0,5.7539,5.7539,5.6546,5.6745
2021-08-23,285.0,285.0,281.0,281.0,70760384.0,5.6715,5.6715,5.5919,5.5919
2021-08-24,282.0,289.4,281.0,289.0,85694534.0,5.6097,5.7569,5.5898,5.749
2021-08-25,288.6,290.0,287.4,290.0,29280380.0,5.7851,5.8132,5.761,5.8132
2021-08-26,290.0,290.0,286.0,290.0,55697904.0,5.821,5.821,5.7407,5.821
2021-08-27,289.4,292.0,285.0,285.0,78631330.0,5.8022,5.8543,5.7139,5.7139
2021-08-31,285.0,289.8,275.0,282.0,439594920.0,5.7137,5.8099,5.5132,5.6536
2021-09-01,282.0,288.8,279.2,285.2,81081592.0,5.6823,5.8193,5.6259,5.7468
2021-09-02,285.2,288.0,281.8,281.8,56771042.0,5.7017,5.7577,5.6337,5.6337
2021-09-03,281.8,292.0,281.8,289.8,127490736.0,5.6575,5.8623,5.6575,5.8181
2021-09-06,289.8,291.6,287.2,289.8,20156344.0,5.8066,5.8426,5.7545,5.8066
2021-09-07,290.0,290.0,287.4,289.4,29434172.0,5.8003,5.8003,5.7483,5.7883
2021-09-08,290.0,292.0,289.4,292.0,136269224.0,5.8014,5.8414,5.7894,5.8414
2021-09-09,292.0,292.0,289.4,291.0,18004514.0,5.8092,5.8092,5.7575,5.7893
2021-09-10,290.4,293.6,290.2,293.6,55922270.0,5.8309,5.8952,5.8269,5.8952
2021-09-13,293.6,297.8,292.0,297.8,84268862.0,5.8806,5.9647,5.8485,5.9647
2021-09-14,297.8,298.0,295.0,295.0,59264400.0,5.9638,5.9678,5.9077,5.9077
2021-09-15,295.0,298.0,291.8,296.8,62897210.0,5.9047,5.9648,5.8407,5.9408
2021-09-16,296.0,296.0,293.0,296.0,38982790.0,5.9541,5.9541,5.8937,5.9541
2021-09-17,296.0,297.8,294.0,296.0,80662940.0,5.9153,5.9512,5.8753,5.9153
2021-09-20,294.0,294.4,289.0,289.0,33051632.0,5.8765,5.8845,5.7765,5.7765
2021-09-21,287.0,294.0,287.0,294.0,36279630.0,5.7245,5.8642,5.7245,5.8642
2021-09-22,292.4,295.8,288.0,288.0,54986512.0,5.8227,5.8904,5.7351,5.7351
2021-09-23,291.8,293.8,291.6,292.0,36333478.0,5.7949,5.8346,5.7909,5.7988
2021-09-24,295.0,295.0,292.0,292.0,18939466.0,5.8791,5.8791,5.8193,5.8193
2021-09-27,292.0,296.2,290.0,296.2,49775612.0,5.748,5.8307,5.7087,5.8307
2021-09-28,296.2,296.2,292.4,296.0,53470134.0,5.8123,5.8123,5.7378,5.8084
2021-09-29,295.0,297.0,291.0,297.0,33389634.0,5.7836,5.8228,5.7052,5.8228
2021-09-30,296.8,298.0,294.0,298.0,44859150.0,5.8094,5.8328,5.7546,5.8328
2021-10-01,298.0,298.2,295.0,297.0,30458426.0,5.8311,5.835,5.7724,5.8116
2021-10-04,297.0,297.0,292.0,292.0,32976468.0,5.8657,5.8657,5.767,5.767
2021-10-05,292.8,296.8,292.8,295.0,31721432.0,5.7474,5.8259,5.7474,5.7906
2021-10-06,295.0,296.2,293.2,294.0,28712356.0,5.8404,5.8642,5.8048,5.8206
2021-10-07,296.2,297.0,293.0,293.0,29007226.0,5.8116,5.8273,5.7488,5.7488
2021-10-08,295.4,298.0,288.0,288.0,55429496.0,5.8325,5.8839,5.6864,5.6864
2021-10-11,292.0,296.0,288.2,292.0,48358568.0,5.7738,5.8529,5.6987,5.7738
2021-10-12,293.0,296.0,290.8,291.6,54846154.0,5.7451,5.8039,5.702,5.7176
2021-10-13,292.0,292.0,288.0,289.0,51150466.0,5.7283,5.7283,5.6498,5.6694
2021-10-14,290.0,295.0,290.0,295.0,30858968.0,5.7528,5.852,5.7528,5.852
2021-10-15,295.0,299.0,292.2,299.0,74394544.0,5.8065,5.8852,5.7514,5.8852
2021-10-18,299.0,301.4,297.0,298.6,57853876.0,5.897,5.9443,5.8575,5.8891
2021-10-19,298.6,299.2,297.0,298.0,40368770.0,5.8515,5.8632,5.8201,5.8397
2021-10-20,297.6,298.2,291.0,293.8,55619484.0,5.8448,5.8566,5.7152,5.7702
2021-10-21,296.0,296.8,294.4,296.6,103406858.0,5.8153,5.831,5.7839,5.8271
2021-10-22,296.6,296.8,292.2,294.6,47222494.0,5.8225,5.8265,5.7362,5.7833
2021-10-25,294.6,295.8,293.4,293.4,17378180.0,5.8057,5.8294,5.7821,5.7821
2021-10-26,294.4,295.0,293.8,295.0,17120762.0,5.799,5.8109,5.7872,5.8109
2021-10-27,295.0,295.0,294.0,295.0,31033936.0,5.8025,5.8025,5.7828,5.8025
2021-10-28,294.6,294.8,292.4,293.0,32306026.0,5.8189,5.8229,5.7755,5.7873
2021-10-29,293.0,293.0,287.0,287.0,116976532.0,5.7802,5.7802,5.6619,5.6619
2021-11-02,289.0,293.6,287.0,287.0,78176992.0,5.7323,5.8235,5.6926,5.6926
2021-11-03,294.0,294.2,286.0,286.0,56382184.0,5.8481,5.852,5.6889,5.6889
2021-11-04,287.0,293.0,287.0,293.0,66868630.0,5.6624,5.7808,5.6624,5.7808
2021-11-05,293.0,295.0,292.4,295.0,51031032.0,5.8066,5.8462,5.7947,5.8462
2021-11-08,295.0,299.0,294.6,299.0,32965552.0,5.8615,5.941,5.8536,5.941
2021-11-09,299.0,299.0,297.0,297.0,47297122.0,5.9608,5.9608,5.9209,5.9209
2021-11-10,297.0,298.0,295.0,297.6,35105288.0,5.9116,5.9315,5.8718,5.9236
2021-11-11,297.6,298.8,295.4,298.8,50455018.0,5.952,5.976,5.908,5.976
2021-11-12,298.4,298.4,296.0,298.0,37763538.0,5.9531,5.9531,5.9052,5.9451
2021-11-15,298.0,298.4,297.2,297.8,39452914.0,5.9827,5.9908,5.9667,5.9787
2021-11-16,297.8,298.6,297.2,298.6,53512378.0,5.9299,5.9458,5.918,5.9458
2021-11-17,298.6,302.6,297.0,302.6,91474746.0,5.9131,5.9923,5.8814,5.9923
2021-11-18,302.8,302.8,295.2,295.2,81743194.0,6.0157,6.0157,5.8647,5.8647
2021-11-19,296.0,300.0,294.8,300.0,70096034.0,5.8818,5.9613,5.8579,5.9613
2021-11-22,296.0,300.0,295.6,296.2,49582064.0,5.876,5.9554,5.868,5.8799
2021-11-23,295.4,303.0,295.2,303.0,109397812.0,5.8416,5.9919,5.8376,5.9919
2021-11-24,303.0,303.0,299.0,300.0,28997510.0,6.006,6.006,5.9268,5.9466
2021-11-25,299.0,301.0,299.0,300.2,17604498.0,5.9477,5.9875,5.9477,5.9715
2021-11-26,299.0,300.4,294.0,294.0,50159838.0,5.9568,5.9847,5.8572,5.8572
2021-11-29,293.0,296.0,288.0,288.0,218144184.0,5.8175,5.8771,5.7183,5.7183
2021-12-01,289.2,299.0,287.0,298.0,447343342.0,5.7407,5.9352,5.697,5.9154
2021-12-02,295.0,299.8,292.4,299.8,127021522.0,5.8491,5.9443,5.7976,5.9443
2021-12-03,299.8,299.8,295.0,295.0,63757884.0,5.9536,5.9536,5.8583,5.8583
2021-12-06,295.0,297.0,294.2,295.0,52128702.0,5.8616,5.9013,5.8457,5.8616
2021-12-07,295.2,296.8,292.0,292.0,17844166.0,5.8496,5.8813,5.7862,5.7862
2021-12-09,293.2,297.4,292.8,297.0,28864626.0,5.829,5.9125,5.8211,5.9046
2021-12-10,297.0,297.0,294.4,296.8,37506070.0,5.8876,5.8876,5.8361,5.8836
2021-12-13,297.0,298.8,295.0,297.8,49188944.0,6.0642,6.101,6.0234,6.0805
2021-12-14,297.2,299.4,296.0,299.4,54535914.0,5.8912,5.9348,5.8674,5.9348
2021-12-15,299.0,299.0,296.4,298.4,50201266.0,5.9367,5.9367,5.885,5.9247
2021-12-16,299.0,305.0,297.4,305.0,284148722.0,5.9556,6.0751,5.9237,6.0751
2021-12-17,305.0,307.0,300.8,307.0,121539476.0,6.1012,6.1412,6.0172,6.1412
2021-12-20,306.0,307.0,299.0,304.8,57566314.0,6.147,6.1671,6.0064,6.1229
2021-12-21,304.8,304.8,299.0,299.0,28765954.0,6.1292,6.1292,6.0126,6.0126
2021-12-22,303.2,303.8,299.6,303.0,5561522.0,6.0874,6.0995,6.0152,6.0834
2021-12-23,303.0,304.0,300.0,302.0,27010940.0,6.0371,6.057,5.9773,6.0171
2021-12-24,304.0,304.0,299.0,299.0,16797066.0,6.0707,6.0707,5.9708,5.9708
2021-12-27,299.0,301.0,298.0,300.6,15998142.0,5.9941,6.0342,5.9741,6.0262
2021-12-28,301.0,302.4,300.8,302.0,21363726.0,5.996,6.0239,5.992,6.0159
2021-12-29,302.0,302.6,299.0,300.0,45383292.0,5.9643,5.9761,5.905,5.9248
2021-12-31,300.0,300.0,295.2,295.2,32142030.0,5.8554,5.8554,5.7617,5.7617
2022-01-03,295.2,299.0,295.2,297.6,18031222.0,5.8032,5.878,5.8032,5.8504
2022-01-05,299.6,303.0,298.6,303.0,35437606.0,5.809,5.8749,5.7896,5.8749
2022-01-06,303.0,305.0,301.0,305.0,57427032.0,5.954,5.9933,5.9147,5.9933
2022-01-07,305.0,306.0,301.2,306.0,41816538.0,5.9143,5.9337,5.8406,5.9337
2022-01-10,306.0,307.0,304.0,306.4,41682624.0,5.9764,5.9959,5.9373,5.9842
2022-01-11,306.0,306.4,303.0,306.2,58813180.0,5.9337,5.9414,5.8755,5.9376
2022-01-12,306.2,307.0,304.4,307.0,55235744.0,6.0204,6.0362,5.9851,6.0362
2022-01-13,307.0,307.0,305.0,307.0,34707052.0,6.0196,6.0196,5.9804,6.0196
2022-01-14,306.8,307.0,305.4,306.8,50414590.0,5.9869,5.9908,5.9596,5.9869
2022-01-17,306.0,313.0,305.8,309.4,79983138.0,5.9775,6.1142,5.9736,6.0439
2022-01-18,309.4,314.0,309.4,313.6,32097626.0,6.0054,6.0947,6.0054,6.087
2022-01-19,313.0,313.6,309.0,309.0,48457568.0,6.0471,6.0587,5.9699,5.9699
2022-01-20,311.0,313.0,309.8,311.8,22936152.0,6.0562,6.0952,6.0329,6.0718
2022-01-21,310.0,315.0,310.0,315.0,21047336.0,6.0147,6.1118,6.0147,6.1118
2022-01-24,315.0,315.0,311.0,315.0,33146384.0,6.1572,6.1572,6.079,6.1572
2022-01-25,315.0,325.0,314.8,324.4,111236832.0,6.1169,6.311,6.113,6.2994
2022-01-26,324.8,325.0,320.0,325.0,36097380.0,6.3652,6.3691,6.2711,6.3691
2022-01-27,324.0,327.0,321.0,327.0,99888040.0,6.2974,6.3557,6.2391,6.3557
2022-01-28,325.0,327.0,323.0,323.0,41029966.0,6.3297,6.3687,6.2908,6.2908
2022-01-31,323.0,335.0,323.0,335.0,78192034.0,6.3364,6.5719,6.3364,6.5719
2022-02-02,335.0,335.0,329.2,329.2,47681302.0,6.551,6.551,6.4376,6.4376
2022-02-03,330.8,337.2,330.0,336.8,76117098.0,6.4736,6.5988,6.4579,6.591
2022-02-04,336.8,365.0,335.2,345.0,296704442.0,6.5965,7.1489,6.5652,6.7572
2022-02-07,348.0,353.8,340.4,340.4,74820096.0,6.8142,6.9278,6.6654,6.6654
2022-02-08,341.4,356.8,341.4,350.0,101229868.0,6.606,6.904,6.606,6.7724
2022-02-09,350.0,360.4,350.0,359.0,90599728.0,6.7757,6.9771,6.7757,6.95
2022-02-10,355.0,358.0,345.0,350.0,140094324.0,6.907,6.9654,6.7125,6.8097
2022-02-11,353.0,357.0,344.0,347.0,172834898.0,6.8677,6.9455,6.6926,6.751
2022-02-14,344.6,362.0,337.0,362.0,112904962.0,6.739,7.0793,6.5904,7.0793
2022-02-15,362.0,363.0,351.2,359.0,133002710.0,7.036,7.0554,6.826,6.9776
2022-02-16,356.0,361.6,353.4,361.0,75945330.0,6.9409,7.0501,6.8902,7.0384
2022-02-17,361.0,362.0,356.4,362.0,37835334.0,7.0265,7.046,6.937,7.046
2022-02-18,362.0,363.6,356.4,363.6,65405972.0,7.0401,7.0712,6.9312,7.0712
2022-02-21,363.6,365.0,359.4,365.0,103986852.0,7.0698,7.097,6.9881,7.097
2022-02-22,362.8,366.0,360.2,366.0,73375340.0,7.0406,7.1027,6.9901,7.1027
2022-02-23,365.0,366.0,361.2,366.0,74292062.0,7.103,7.1224,7.029,7.1224
2022-02-24,364.8,367.0,361.0,363.0,129276882.0,7.1362,7.1792,7.0618,7.1009
2022-02-28,361.0,368.0,361.0,368.0,190148112.0,7.0483,7.185,7.0483,7.185
2022-03-01,369.0,375.0,365.4,368.0,158499358.0,7.1958,7.3128,7.1256,7.1763
2022-03-02,365.0,367.2,350.0,350.0,194611340.0,7.0956,7.1384,6.804,6.804
2022-03-03,355.0,362.0,354.0,361.2,107457396.0,6.8802,7.0159,6.8609,7.0004
2022-03-04,358.2,364.6,358.2,364.6,45698182.0,6.9513,7.0755,6.9513,7.0755
2022-03-07,364.0,364.0,352.4,355.0,97907166.0,7.0203,7.0203,6.7965,6.8467
2022-03-08,355.0,361.6,353.0,360.0,149519772.0,6.7452,6.8706,6.7072,6.8402
2022-03-09,361.0,377.6,360.8,372.0,254710270.0,6.8627,7.1783,6.8589,7.0718
2022-03-10,374.0,375.2,362.0,374.6,98118396.0,7.1675,7.1905,6.9375,7.179
2022-03-11,374.6,374.6,366.0,370.0,74396240.0,7.1343,7.1343,6.9705,7.0467
2022-03-14,370.0,370.0,354.2,354.2,112487838.0,7.0686,7.0686,6.7668,6.7668
2022-03-15,356.0,360.6,354.6,360.0,121525072.0,6.7616,6.849,6.735,6.8376
2022-03-16,360.0,380.0,355.6,380.0,161474678.0,6.8549,7.2358,6.7711,7.2358
2022-03-17,380.0,380.0,372.0,378.0,107639348.0,7.2704,7.2704,7.1173,7.2321
2022-03-18,377.0,378.0,358.2,358.2,512061144.0,7.2126,7.2317,6.8529,6.8529
2022-03-21,359.0,362.6,359.0,359.0,173166798.0,6.8326,6.9011,6.8326,6.8326
2022-03-22,359.0,380.8,358.6,369.8,322667572.0,6.8203,7.2345,6.8127,7.0255
2022-03-23,369.8,374.0,364.2,374.0,48010928.0,7.0438,7.1238,6.9371,7.1238
2022-03-24,373.8,379.8,373.0,379.0,133798330.0,7.1163,7.2306,7.1011,7.2153
2022-03-25,372.6,372.6,364.0,369.0,40947652.0,7.1097,7.1097,6.9456,7.041
2022-03-28,369.0,373.2,360.2,373.2,88258468.0,7.0757,7.1563,6.907,7.1563
2022-03-29,373.8,373.8,367.0,371.0,69028162.0,7.1719,7.1719,7.0414,7.1182
2022-03-30,371.6,373.2,367.2,368.2,92491750.0,7.1396,7.1703,7.055,7.0742
2022-03-31,368.0,373.6,368.0,373.6,97272940.0,7.062,7.1694,7.062,7.1694
2022-04-01,370.0,373.8,370.0,373.8,65087752.0,7.142,7.2154,7.142,7.2154
2022-04-04,371.0,373.8,371.0,373.8,47239588.0,7.1924,7.2467,7.1924,7.2467
2022-04-05,373.2,374.0,368.4,374.0,66413396.0,7.2583,7.2739,7.1649,7.2739
2022-04-06,373.8,373.8,367.0,367.0,75793052.0,7.2738,7.2738,7.1415,7.1415
2022-04-07,372.8,373.2,367.0,372.6,120876646.0,7.2443,7.2521,7.1316,7.2404
2022-04-08,370.0,374.0,370.0,374.0,86409648.0,7.1755,7.2531,7.1755,7.2531
2022-04-11,373.8,374.0,370.2,372.4,110559190.0,7.2456,7.2495,7.1758,7.2185
2022-04-12,371.6,372.4,363.2,363.2,247273476.0,7.1126,7.128,6.9519,6.9519
2022-04-13,363.2,365.8,361.6,362.2,40635886.0,6.9565,7.0063,6.9259,6.9374
2022-04-18,362.0,362.8,358.8,362.0,41818496.0,6.9386,6.9539,6.8773,6.9386
2022-04-19,362.0,367.0,357.0,357.0,76576774.0,6.9058,7.0011,6.8104,6.8104
2022-04-20,357.0,359.8,355.0,355.6,95167402.0,6.7772,6.8303,6.7392,6.7506
2022-04-21,356.0,358.4,347.6,351.8,110130322.0,6.803,6.8488,6.6425,6.7227
2022-04-22,351.0,355.0,340.0,340.0,130502022.0,6.6836,6.7597,6.4741,6.4741
2022-04-25,339.0,344.0,333.0,342.4,71301874.0,6.4682,6.5636,6.3537,6.5331
2022-04-26,340.4,349.6,340.0,347.0,67168100.0,6.4794,6.6545,6.4718,6.605
2022-04-27,346.6,350.0,342.0,350.0,78362374.0,6.6095,6.6743,6.5217,6.6743
2022-04-28,351.0,359.0,347.2,357.8,108000926.0,6.7177,6.8708,6.645,6.8478
2022-04-29,357.8,359.8,347.0,352.4,108814320.0,6.8075,6.8455,6.602,6.7047
2022-05-02,352.2,354.8,346.0,350.0,14332720.0,6.7304,6.78,6.6119,6.6883
2022-05-04,350.0,350.0,333.2,337.8,149984584.0,6.6326,6.6326,6.3142,6.4014
2022-05-05,337.0,345.0,335.0,341.0,55225696.0,6.4215,6.5739,6.3834,6.4977
2022-05-06,340.0,344.8,335.6,344.0,110331146.0,6.4873,6.5789,6.4034,6.5636
2022-05-10,335.0,343.0,330.0,343.0,135647982.0,6.3184,6.4693,6.2241,6.4693
2022-05-11,340.0,340.0,333.2,333.2,71192534.0,6.4713,6.4713,6.3418,6.3418
2022-05-12,333.2,340.0,331.2,333.8,60495038.0,6.3652,6.4951,6.327,6.3767
2022-05-13,333.0,339.8,330.2,330.2,117370240.0,6.3236,6.4527,6.2704,6.2704
2022-05-16,335.0,335.0,330.0,330.4,80335578.0,6.4036,6.4036,6.3081,6.3157
2022-05-17,330.4,332.0,330.0,330.0,87077694.0,6.3005,6.331,6.2929,6.2929
2022-05-18,330.0,360.0,330.0,360.0,202737350.0,6.2881,6.8598,6.2881,6.8598
2022-05-19,348.0,359.2,341.0,351.0,105617790.0,6.6463,6.8602,6.5126,6.7036
2022-05-20,345.0,360.0,344.8,360.0,99487228.0,6.6181,6.9058,6.6142,6.9058
2022-05-23,360.0,360.0,346.0,350.0,52310620.0,6.8902,6.8902,6.6223,6.6988
2022-05-24,350.0,352.0,342.8,343.0,54732076.0,6.6832,6.7214,6.5457,6.5496
2022-05-25,351.4,351.4,342.0,344.4,52674174.0,6.7016,6.7016,6.5224,6.5681
2022-05-26,341.0,360.0,341.0,360.0,108335504.0,6.5259,6.8896,6.5259,6.8896
2022-05-27,359.6,360.0,352.2,360.0,36251142.0,6.8665,6.8742,6.7252,6.8742
2022-05-30,359.6,372.0,356.0,372.0,154922348.0,6.8889,7.1264,6.8199,7.1264
2022-05-31,372.0,374.8,364.0,373.2,398698626.0,7.121,7.1746,6.9678,7.144
2022-06-01,373.2,373.2,360.4,362.0,72587222.0,7.1303,7.1303,6.8857,6.9163
2022-06-02,362.0,364.8,361.0,362.0,23861036.0,6.8769,6.9301,6.8579,6.8769
2022-06-03,360.4,370.0,360.0,369.0,61512646.0,6.889,7.0725,6.8814,7.0534
2022-06-06,369.0,369.0,358.2,361.2,46808222.0,6.9729,6.9729,6.7688,6.8255
2022-06-07,361.2,363.0,360.0,361.0,49482810.0,6.8061,6.84,6.7835,6.8023
2022-06-08,362.0,367.8,361.2,363.0,52329862.0,6.8639,6.9738,6.8487,6.8828
2022-06-09,363.0,370.0,359.0,370.0,34648914.0,6.8284,6.9601,6.7532,6.9601
2022-06-10,368.8,368.8,359.0,360.4,61103424.0,6.9402,6.9402,6.7557,6.7821
2022-06-13,360.2,360.2,357.2,360.0,36387324.0,6.786,6.786,6.7295,6.7822
2022-06-14,360.2,360.2,357.0,360.0,25993440.0,6.7327,6.7327,6.6729,6.729
2022-06-15,357.4,360.0,356.4,360.0,43832074.0,6.6854,6.734,6.6667,6.734
2022-06-16,358.0,365.0,357.0,365.0,52926444.0,6.7151,6.8464,6.6963,6.8464
2022-06-17,363.8,366.8,358.0,365.0,116719296.0,6.786,6.842,6.6779,6.8084
2022-06-20,365.0,369.4,362.0,369.4,4281160.0,6.8017,6.8837,6.7458,6.8837
2022-06-21,369.6,371.6,365.2,371.0,154485772.0,6.8123,6.8491,6.7312,6.8381
2022-06-22,372.0,373.0,369.4,371.2,63973326.0,6.837,6.8554,6.7892,6.8223
2022-06-23,371.0,372.0,368.4,370.0,68223068.0,6.8199,6.8382,6.7721,6.8015
2022-06-24,370.0,372.8,357.0,357.0,230723242.0,6.7679,6.8191,6.5301,6.5301
2022-06-27,357.0,358.0,353.0,353.0,44113674.0,6.5038,6.522,6.4309,6.4309
2022-06-28,352.2,359.8,352.2,358.0,86418630.0,6.42,6.5585,6.42,6.5257
2022-06-29,360.0,360.0,352.6,355.0,46523462.0,6.5586,6.5586,6.4238,6.4675
2022-06-30,355.0,360.0,349.0,360.0,84833238.0,6.4487,6.5395,6.3397,6.5395
2022-07-01,358.0,358.0,351.0,353.0,203209502.0,6.5008,6.5008,6.3737,6.41
2022-07-04,353.0,355.8,351.0,351.0,26650340.0,6.4025,6.4533,6.3662,6.3662
2022-07-05,351.0,359.0,351.0,359.0,30027046.0,6.3702,6.5154,6.3702,6.5154
2022-07-06,358.6,359.8,353.6,358.0,44594132.0,6.4835,6.5052,6.3931,6.4726
2022-07-07,358.0,359.0,350.0,350.0,46181392.0,6.3969,6.4147,6.2539,6.2539
2022-07-08,350.2,358.0,346.4,350.0,115135256.0,6.2494,6.3886,6.1816,6.2459
2022-07-11,351.0,354.0,347.2,354.0,22264260.0,6.2881,6.3418,6.22,6.3418
2022-07-12,354.0,354.0,353.0,353.8,24518160.0,6.3038,6.3038,6.2859,6.3002
2022-07-13,353.8,354.0,346.0,350.0,77947976.0,6.2976,6.3012,6.1588,6.23
2022-07-14,347.2,354.0,347.2,354.0,78492290.0,6.1509,6.2714,6.1509,6.2714
2022-07-15,353.8,363.0,350.0,363.0,86876782.0,6.292,6.4556,6.2244,6.4556
2022-07-18,360.0,363.0,358.2,363.0,39295560.0,6.3953,6.4486,6.3634,6.4486
2022-07-19,356.0,369.6,356.0,369.6,49690266.0,6.2998,6.5404,6.2998,6.5404
2022-07-20,369.0,369.0,357.2,357.2,134602262.0,6.56,6.56,6.3502,6.3502
2022-07-21,359.0,359.6,351.4,354.8,88317886.0,6.3709,6.3815,6.236,6.2964
2022-07-22,354.0,354.8,352.2,354.0,59470834.0,6.2747,6.2889,6.2428,6.2747
2022-07-25,352.8,354.0,350.0,354.0,26483782.0,6.2933,6.3147,6.2433,6.3147
2022-07-26,354.0,358.8,354.0,358.0,29439918.0,6.3399,6.4258,6.3399,6.4115
2022-07-27,359.0,366.0,355.2,366.0,50463888.0,6.4636,6.5896,6.3952,6.5896
2022-07-28,364.2,366.0,362.2,366.0,119846490.0,6.5586,6.591,6.5226,6.591
2022-07-29,348.0,350.0,338.0,340.0,539370776.0,6.2257,6.2615,6.0468,6.0826
2022-08-01,340.0,340.0,325.6,327.2,257295526.0,6.1706,6.1706,5.9093,5.9383
2022-08-02,327.4,333.2,320.2,322.0,169908326.0,5.9055,6.0101,5.7756,5.8081
2022-08-03,324.6,327.8,309.0,312.0,307422980.0,5.828,5.8854,5.5479,5.6017
2022-08-04,313.4,318.2,310.2,316.6,240217490.0,5.6268,5.713,5.5693,5.6842
2022-08-05,319.0,324.4,316.0,316.0,172627756.0,5.7388,5.8359,5.6848,5.6848
2022-08-08,316.6,319.8,316.0,319.8,83581154.0,5.7003,5.7579,5.6895,5.7579
2022-08-09,319.8,322.8,312.8,315.0,222201850.0,5.7653,5.8194,5.6391,5.6787
2022-08-10,314.0,316.2,311.0,311.4,183817374.0,5.6404,5.6799,5.5865,5.5937
2022-08-11,316.0,325.0,315.6,325.0,93685522.0,5.6988,5.8611,5.6916,5.8611
2022-08-12,325.0,329.0,320.2,329.0,90328046.0,5.8601,5.9322,5.7735,5.9322
2022-08-15,329.0,329.8,323.6,323.6,115244206.0,5.9088,5.9231,5.8118,5.8118
2022-08-16,324.0,327.0,322.0,324.0,110073034.0,5.7806,5.8341,5.7449,5.7806
2022-08-17,329.0,332.0,326.6,328.0,117132706.0,5.8887,5.9424,5.8457,5.8708
2022-08-18,325.0,325.2,323.0,323.0,109027090.0,5.8036,5.8071,5.7679,5.7679
2022-08-19,325.0,326.0,322.6,326.0,67334216.0,5.8028,5.8207,5.76,5.8207
2022-08-22,326.0,326.6,324.0,326.0,60646088.0,5.8207,5.8314,5.785,5.8207
2022-08-23,325.0,325.0,322.0,322.0,59777034.0,5.7726,5.7726,5.7194,5.7194
2022-08-24,322.0,322.4,315.8,315.8,28601100.0,5.7411,5.7482,5.6305,5.6305
2022-08-25,318.0,320.4,316.0,318.0,49331074.0,5.6629,5.7056,5.6273,5.6629
2022-08-26,318.0,318.0,312.6,313.8,64452214.0,5.6674,5.6674,5.5712,5.5926
2022-08-30,313.0,318.0,310.2,311.0,141715176.0,5.5575,5.6463,5.5078,5.522
2022-08-31,311.0,316.8,301.2,301.2,156539258.0,5.524,5.627,5.3499,5.3499
2022-09-01,303.0,313.2,303.0,310.0,42093766.0,5.3883,5.5697,5.3883,5.5128
2022-09-02,311.6,318.0,311.0,318.0,41169636.0,5.4816,5.5942,5.471,5.5942
2022-09-05,318.0,320.0,316.0,320.0,17291656.0,5.5989,5.6341,5.5637,5.6341
2022-09-06,321.0,323.0,315.2,315.2,42451828.0,5.6355,5.6706,5.5337,5.5337
2022-09-07,317.0,319.8,312.2,317.4,17670402.0,5.5497,5.5987,5.4657,5.5567
2022-09-08,313.6,317.0,311.2,315.2,54337992.0,5.4902,5.5497,5.4482,5.5182
2022-09-09,315.2,318.2,315.2,318.0,19364132.0,5.5119,5.5644,5.5119,5.5609
2022-09-12,318.0,320.0,315.4,318.0,51330990.0,5.5976,5.6328,5.5518,5.5976
2022-09-13,317.8,318.0,315.6,317.0,56234340.0,5.5867,5.5902,5.548,5.5726
2022-09-14,315.2,317.0,310.2,310.2,77368912.0,5.5192,5.5507,5.4316,5.4316
2022-09-15,310.2,314.4,310.0,310.0,42815912.0,5.4498,5.5235,5.4462,5.4462
2022-09-16,310.0,313.6,310.0,310.0,98736434.0,5.4026,5.4653,5.4026,5.4026
2022-09-19,313.0,313.0,303.2,303.2,42583418.0,5.459,5.459,5.288,5.288
2022-09-20,303.2,308.0,301.0,301.0,49430582.0,5.2902,5.3739,5.2518,5.2518
2022-09-21,301.0,305.6,300.0,305.0,85760638.0,5.2194,5.2991,5.202,5.2887
2022-09-22,301.0,306.8,300.0,305.0,37985102.0,5.178,5.2778,5.1608,5.2469
2022-09-23,301.4,308.0,300.2,300.2,43924242.0,5.1541,5.2669,5.1336,5.1336
2022-09-27,300.4,300.6,295.2,295.6,74797268.0,5.0748,5.0781,4.9869,4.9937
2022-09-28,301.0,303.0,287.2,287.2,119425060.0,5.0931,5.1269,4.8596,4.8596
2022-09-29,290.2,294.2,286.0,288.6,130988614.0,4.9429,5.0111,4.8714,4.9157
2022-09-30,286.0,290.0,263.0,263.0,199075126.0,4.8805,4.9488,4.4881,4.4881
2022-10-03,269.6,277.2,265.0,277.2,146649484.0,4.5889,4.7183,4.5106,4.7183
2022-10-04,279.8,291.8,278.2,290.2,145834950.0,4.7404,4.9437,4.7133,4.9166
2022-10-05,291.4,299.8,291.4,298.4,103659900.0,4.9668,5.1099,4.9668,5.0861
2022-10-06,298.0,298.0,290.2,290.2,76556668.0,5.068,5.068,4.9354,4.9354
2022-10-07,294.0,295.4,280.0,295.4,93095916.0,4.9822,5.0059,4.745,5.0059
2022-10-10,295.4,295.4,281.4,285.0,74968640.0,5.0034,5.0034,4.7663,4.8272
2022-10-11,289.8,295.0,287.0,290.0,100834224.0,4.8994,4.9873,4.8521,4.9028
2022-10-12,290.0,293.0,289.2,289.2,167562590.0,4.9088,4.9595,4.8952,4.8952
2022-10-13,289.0,296.8,289.0,295.0,44279844.0,4.9133,5.0459,4.9133,5.0153
2022-10-14,290.4,296.2,290.4,296.0,45502436.0,4.9137,5.0118,4.9137,5.0085
2022-10-17,296.0,298.0,293.4,295.0,18894318.0,5.0178,5.0517,4.9737,5.0008
2022-10-18,295.0,295.0,288.0,288.4,39619108.0,5.0036,5.0036,4.8849,4.8917
2022-10-19,290.0,299.0,288.2,296.0,56304036.0,4.9219,5.0747,4.8914,5.0238
2022-10-20,298.0,299.6,280.0,280.0,151895500.0,5.0325,5.0595,4.7285,4.7285
2022-10-21,287.4,292.6,282.2,292.0,48676026.0,4.8695,4.9576,4.7814,4.9475
2022-10-25,293.6,293.6,293.6,293.6,20552.0,4.9792,4.9792,4.9792,4.9792
2022-10-26,299.6,299.8,295.4,296.6,7675212.0,5.1048,5.1082,5.0332,5.0537
2022-10-27,293.2,304.4,293.2,297.0,92176544.0,5.0395,5.232,5.0395,5.1048
2022-10-28,300.0,301.8,297.4,301.4,23123278.0,5.1462,5.1771,5.1016,5.1703
2022-11-02,301.4,304.8,298.0,302.0,38613346.0,5.1778,5.2362,5.1194,5.1881
2022-11-03,298.0,298.0,295.2,295.2,12841018.0,5.084,5.084,5.0363,5.0363
2022-11-04,299.6,310.0,296.0,310.0,38478912.0,5.0827,5.2591,5.0216,5.2591
2022-11-07,308.8,308.8,302.2,308.6,97007476.0,5.3031,5.3031,5.1898,5.2997
2022-11-08,308.8,308.8,301.8,305.0,128669074.0,5.3255,5.3255,5.2048,5.26
2022-11-09,305.0,305.4,302.0,302.8,49249206.0,5.2446,5.2515,5.193,5.2068
2022-11-10,305.0,305.0,299.0,299.0,32996956.0,5.2478,5.2478,5.1445,5.1445
2022-11-11,309.0,309.0,300.0,303.0,57456432.0,5.4049,5.4049,5.2475,5.3
2022-11-14,304.0,304.0,301.0,303.0,35876444.0,5.3231,5.3231,5.2705,5.3056
2022-11-15,303.0,305.4,300.4,304.2,108946420.0,5.3135,5.3555,5.2679,5.3345
2022-11-16,305.0,305.0,301.2,303.0,73450264.0,5.3275,5.3275,5.2611,5.2926
2022-11-17,303.8,306.4,303.0,305.6,95031856.0,5.2915,5.3368,5.2776,5.3228
2022-11-18,305.6,307.4,305.0,306.2,99925896.0,5.3191,5.3505,5.3087,5.3296
2022-11-21,308.0,308.0,302.0,303.0,29061734.0,5.3849,5.3849,5.28,5.2975
2022-11-22,306.0,307.8,286.6,290.6,270948136.0,5.3273,5.3586,4.9896,5.0592
2022-11-23,294.8,295.8,287.0,292.0,130163546.0,5.1462,5.1637,5.01,5.0973
2022-11-24,296.0,299.0,287.2,289.8,109702466.0,5.2136,5.2664,5.0586,5.1044
2022-11-25,292.0,294.0,283.2,284.6,160958730.0,5.1554,5.1907,5.0,5.0247
2022-11-28,289.6,291.4,282.4,290.2,166563352.0,5.1085,5.1402,4.9815,5.1191
2022-11-29,291.0,291.4,280.0,280.0,330327306.0,5.1391,5.1461,4.9448,4.9448
2022-12-01,285.2,289.0,282.2,287.2,148233974.0,5.0594,5.1268,5.0062,5.0949
2022-12-02,287.6,291.0,285.0,285.0,105543342.0,5.1325,5.1932,5.0861,5.0861
2022-12-05,285.0,289.8,281.2,281.2,52159234.0,5.1144,5.2005,5.0462,5.0462
2022-12-06,285.0,287.0,282.4,287.0,68833638.0,5.0911,5.1268,5.0447,5.1268
2022-12-07,287.0,288.4,282.2,282.2,100300570.0,5.1388,5.1638,5.0528,5.0528
2022-12-09,286.0,286.0,280.0,280.0,152933064.0,5.1713,5.1713,5.0628,5.0628
2022-12-12,283.6,283.6,278.4,278.4,151575522.0,5.1307,5.1307,5.0366,5.0366
2022-12-13,279.0,281.0,277.4,278.0,106219578.0,5.0144,5.0503,4.9856,4.9964
2022-12-14,280.0,287.0,278.0,287.0,107250804.0,5.0514,5.1777,5.0153,5.1777
2022-12-15,286.8,289.0,286.4,286.8,55391030.0,5.1615,5.2011,5.1543,5.1615
2022-12-16,286.0,293.6,281.0,293.6,147032446.0,5.1154,5.2513,5.0259,5.2513
2022-12-19,290.0,291.6,283.0,291.6,51019612.0,5.2318,5.2607,5.1055,5.2607
2022-12-20,286.0,289.8,285.4,286.0,74969928.0,5.1657,5.2344,5.1549,5.1657
2022-12-21,289.4,290.0,284.0,289.0,26079088.0,5.2733,5.2843,5.1749,5.266
2022-12-22,290.6,290.6,285.0,287.0,53680502.0,5.3052,5.3052,5.203,5.2395
2022-12-23,287.0,290.0,283.6,283.6,19390828.0,5.1861,5.2403,5.1247,5.1247
2022-12-27,284.0,290.4,284.0,290.4,13000784.0,5.1482,5.2642,5.1482,5.2642
2022-12-28,290.0,294.8,287.4,294.8,35496378.0,5.2046,5.2907,5.1579,5.2907
2022-12-29,294.8,298.8,291.6,298.8,53274234.0,5.2509,5.3221,5.1939,5.3221
2023-01-03,297.0,302.8,296.0,301.8,76916108.0,5.3274,5.4314,5.3094,5.4135
2023-01-04,302.0,305.0,301.4,302.0,73801390.0,5.404,5.4576,5.3932,5.404
2023-01-05,302.2,307.0,300.6,300.6,91990098.0,5.3926,5.4782,5.364,5.364
2023-01-06,300.6,302.6,300.0,301.0,24063132.0,5.3763,5.4121,5.3656,5.3835
2023-01-09,302.6,310.0,302.2,309.8,141941832.0,5.4511,5.5844,5.4439,5.5808
2023-01-10,310.0,310.0,301.0,306.0,55049990.0,5.6673,5.6673,5.5027,5.5941
2023-01-11,308.6,308.6,296.2,296.2,199327228.0,5.6386,5.6386,5.412,5.412
2023-01-12,298.0,300.6,296.0,300.0,106776260.0,5.4162,5.4635,5.3799,5.4526
2023-01-13,297.0,301.8,297.0,300.0,133139166.0,5.398,5.4853,5.398,5.4526
2023-01-16,300.0,308.0,300.0,300.0,147344662.0,5.472,5.6179,5.472,5.472
2023-01-17,300.4,302.0,287.2,291.0,209169548.0,5.5044,5.5337,5.2625,5.3321
2023-01-18,293.0,299.0,292.0,299.0,66465590.0,5.3614,5.4712,5.3431,5.4712
2023-01-19,299.0,300.2,288.0,291.2,91092368.0,5.4712,5.4931,5.2699,5.3285
2023-01-20,291.2,293.8,280.6,282.2,329087496.0,5.322,5.3695,5.1283,5.1575
2023-01-23,285.0,287.4,284.0,287.2,57315072.0,5.2342,5.2782,5.2158,5.2746
2023-01-24,287.0,293.0,287.0,290.0,40127162.0,5.2869,5.3974,5.2869,5.3422
2023-01-25,292.8,292.8,286.0,288.0,49298412.0,5.3568,5.3568,5.2323,5.2689
2023-01-26,289.0,292.2,288.0,289.4,49257510.0,5.2974,5.3561,5.2791,5.3047
2023-01-27,291.0,292.6,290.0,292.6,34381316.0,5.3542,5.3836,5.3358,5.3836
2023-01-30,292.6,293.2,282.0,282.0,144272986.0,5.3797,5.3907,5.1848,5.1848
2023-01-31,282.4,289.4,280.0,280.6,229849094.0,5.1693,5.2975,5.1254,5.1364
2023-02-01,285.8,289.4,285.0,287.8,105704048.0,5.2311,5.297,5.2164,5.2677
2023-02-02,289.2,293.0,288.0,293.0,121200254.0,5.3462,5.4164,5.324,5.4164
2023-02-03,293.0,299.0,290.0,299.0,143011132.0,5.4512,5.5628,5.3953,5.5628
2023-02-06,298.0,298.0,291.0,296.8,91279388.0,5.5633,5.5633,5.4327,5.5409
2023-02-07,296.8,297.0,291.0,297.0,82148468.0,5.417,5.4207,5.3112,5.4207
2023-02-08,295.0,297.6,294.0,294.0,47811942.0,5.3578,5.405,5.3396,5.3396
2023-02-09,294.0,295.0,282.8,283.0,136375992.0,5.3689,5.3871,5.1644,5.168
2023-02-10,303.0,317.8,303.0,315.0,938651414.0,5.5469,5.8178,5.5469,5.7666
2023-02-13,312.0,317.8,307.2,308.0,317531782.0,5.7379,5.8446,5.6497,5.6644
2023-02-14,310.0,313.2,308.0,312.0,251597564.0,5.6714,5.73,5.6348,5.708
2023-02-15,312.0,313.0,301.0,309.0,193135288.0,5.6803,5.6985,5.48,5.6256
2023-02-16,308.2,311.0,308.0,309.0,82610570.0,5.5645,5.615,5.5609,5.5789
2023-02-17,310.0,311.0,307.0,310.0,158621602.0,5.6159,5.6341,5.5616,5.6159
2023-02-20,310.4,312.6,306.0,308.0,141974990.0,5.6004,5.6401,5.521,5.5571
2023-02-21,310.0,310.0,306.2,310.0,110453406.0,5.643,5.643,5.5739,5.643
2023-02-22,310.0,310.0,304.2,309.0,97349550.0,5.6233,5.6233,5.5181,5.6051
2023-02-23,309.6,310.6,305.2,309.2,138311210.0,5.6163,5.6345,5.5365,5.6091
2023-02-27,309.8,314.8,307.0,314.8,308127400.0,5.6512,5.7424,5.6001,5.7424
2023-02-28,315.0,320.0,310.2,317.8,1341138662.0,5.6931,5.7835,5.6064,5.7437
2023-03-01,317.0,318.0,311.0,313.0,148258036.0,5.7174,5.7354,5.6092,5.6452
2023-03-02,313.0,316.8,308.0,314.0,73967640.0,5.7065,5.7758,5.6153,5.7247
2023-03-03,314.0,315.4,312.2,315.0,137210464.0,5.7122,5.7377,5.6795,5.7304
2023-03-06,315.2,320.6,313.0,319.4,89478042.0,5.6783,5.7755,5.6386,5.7539
2023-03-07,318.8,319.6,316.0,316.0,83601618.0,5.7906,5.8051,5.7397,5.7397
2023-03-08,315.8,316.0,311.2,316.0,92296944.0,5.7158,5.7195,5.6326,5.7195
2023-03-09,315.0,318.2,312.6,314.0,55918486.0,5.6869,5.7447,5.6436,5.6689
2023-03-10,313.8,320.0,307.0,320.0,155729262.0,5.6848,5.7971,5.5616,5.7971
2023-03-13,318.8,318.8,314.0,317.8,57924830.0,5.7879,5.7879,5.7008,5.7698
2023-03-14,315.0,316.0,306.2,308.2,88078272.0,5.7096,5.7278,5.5501,5.5864
2023-03-15,306.0,316.0,306.0,315.2,68995258.0,5.5779,5.7602,5.5779,5.7456
2023-03-16,312.0,314.0,309.4,312.0,68145884.0,5.6717,5.7081,5.6244,5.6717
2023-03-17,312.0,314.0,304.0,304.0,124304400.0,5.7153,5.752,5.5688,5.5688
2023-03-20,307.4,310.0,304.4,309.0,84751198.0,5.6275,5.6751,5.5725,5.6568
2023-03-21,309.2,311.8,308.0,310.2,140175144.0,5.7048,5.7528,5.6827,5.7232
2023-03-22,309.8,312.8,306.0,307.4,112179830.0,5.7143,5.7696,5.6442,5.67
2023-03-23,308.0,310.8,306.0,307.4,44464828.0,5.667,5.7185,5.6302,5.6559
2023-03-24,306.0,306.0,299.0,300.4,63760894.0,5.638,5.638,5.509,5.5348
2023-03-27,303.4,304.6,297.2,298.0,48660970.0,5.5897,5.6119,5.4755,5.4903
2023-03-28,297.0,307.8,297.0,306.4,168317428.0,5.4924,5.6921,5.4924,5.6662
2023-03-29,306.0,306.0,299.6,303.0,53829118.0,5.6375,5.6375,5.5196,5.5823
2023-03-30,303.0,310.0,300.6,310.0,97908490.0,5.5842,5.7132,5.54,5.7132
2023-03-31,310.0,311.0,306.0,311.0,108174232.0,5.7092,5.7277,5.6356,5.7277
2023-04-03,310.8,310.8,308.0,309.6,63458848.0,5.7273,5.7273,5.6757,5.7052
2023-04-04,309.8,311.0,308.8,310.0,50853806.0,5.6834,5.7054,5.665,5.687
2023-04-05,310.0,310.0,308.2,310.0,19814742.0,5.7153,5.7153,5.6822,5.7153
2023-04-11,310.2,316.6,310.0,316.0,109987390.0,5.6715,5.7885,5.6678,5.7775
2023-04-12,315.8,318.0,311.2,318.0,95647030.0,5.7418,5.7818,5.6582,5.7818
2023-04-13,318.0,319.0,314.8,319.0,152759534.0,5.765,5.7832,5.707,5.7832
2023-04-14,319.0,319.0,315.2,317.4,65204734.0,5.7776,5.7776,5.7088,5.7486
2023-04-17,317.8,319.0,315.6,319.0,66938606.0,5.7428,5.7645,5.703,5.7645
2023-04-18,319.0,320.0,316.0,320.0,148461198.0,5.6934,5.7112,5.6398,5.7112
2023-04-19,320.0,320.0,316.4,318.8,18546674.0,5.6899,5.6899,5.6259,5.6686
2023-04-20,318.8,322.0,317.0,321.0,57880194.0,5.663,5.7199,5.6311,5.7021
2023-04-24,320.0,321.8,318.4,321.4,23752826.0,5.726,5.7583,5.6974,5.7511
2023-04-25,321.8,323.8,321.2,323.2,90605108.0,5.7846,5.8206,5.7739,5.8098
2023-04-26,323.4,330.0,323.0,330.0,115775058.0,5.8344,5.9535,5.8272,5.9535
2023-04-27,329.8,330.4,326.2,330.0,86498736.0,5.9365,5.9473,5.8717,5.9401
2023-04-28,330.0,339.0,330.0,339.0,108673868.0,5.9326,6.0944,5.9326,6.0944
2023-05-02,339.0,339.0,331.0,334.2,44964906.0,6.105,6.105,5.961,6.0186
2023-05-03,333.8,334.8,327.0,327.0,68705418.0,6.0231,6.0411,5.9004,5.9004
2023-05-04,327.0,333.0,326.0,333.0,27006462.0,5.9105,6.019,5.8925,6.019
2023-05-05,328.4,331.0,328.4,330.0,16672902.0,5.9342,5.9812,5.9342,5.9631
2023-05-08,330.0,334.6,328.0,330.0,60100358.0,5.968,6.0512,5.9318,5.968
2023-05-09,330.0,334.0,327.6,334.0,47790730.0,5.9529,6.0251,5.9096,6.0251
2023-05-10,334.0,336.0,330.2,334.8,37543676.0,5.9894,6.0253,5.9213,6.0038
2023-05-11,334.8,335.0,333.0,333.0,52447394.0,6.0189,6.0225,5.9865,5.9865
2023-05-12,333.0,334.8,328.0,328.0,38229402.0,5.9624,5.9946,5.8729,5.8729
2023-05-15,328.0,329.0,323.4,323.4,51733960.0,5.8725,5.8904,5.7901,5.7901
2023-05-16,323.0,324.4,322.0,322.8,53377724.0,5.7609,5.7858,5.743,5.7573
2023-05-17,324.4,330.0,322.2,328.0,15383534.0,5.774,5.8737,5.7348,5.8381
2023-05-18,328.0,332.0,326.0,331.0,34403390.0,5.8553,5.9267,5.8196,5.9088
2023-05-19,331.0,331.0,326.6,328.4,34447930.0,5.9308,5.9308,5.852,5.8842
2023-05-22,328.4,329.8,323.2,329.0,32036912.0,5.9023,5.9275,5.8089,5.9131
2023-05-23,329.0,329.0,325.0,325.6,29207102.0,5.922,5.922,5.85,5.8608
2023-05-24,325.0,329.0,325.0,329.0,33667386.0,5.8225,5.8942,5.8225,5.8942
2023-05-25,325.2,329.0,325.2,325.6,31885146.0,5.8384,5.9066,5.8384,5.8456
2023-05-26,325.6,325.6,322.0,325.0,41985376.0,5.806,5.806,5.7418,5.7953
2023-05-29,322.0,327.0,322.0,327.0,23120478.0,5.7587,5.8482,5.7587,5.8482
2023-05-30,327.0,327.8,321.4,321.4,36760256.0,5.8262,5.8404,5.7264,5.7264
2023-05-31,322.2,327.0,321.0,327.0,251506776.0,5.7178,5.803,5.6965,5.803
2023-06-01,326.8,327.6,322.4,322.6,54808162.0,5.8004,5.8146,5.7223,5.7258
2023-06-02,322.6,328.0,322.4,328.0,35004620.0,5.7539,5.8502,5.7504,5.8502
2023-06-05,327.8,332.8,327.8,331.0,21866186.0,5.8522,5.9415,5.8522,5.9093
2023-06-06,331.0,331.0,327.2,329.6,35486574.0,5.9084,5.9084,5.8406,5.8834
2023-06-07,330.0,330.0,327.0,330.0,34167666.0,5.8827,5.8827,5.8292,5.8827
2023-06-08,330.2,331.4,328.0,330.6,31680318.0,5.8822,5.9036,5.8431,5.8894
2023-06-09,331.0,332.2,328.0,328.0,51817582.0,5.9044,5.9258,5.8509,5.8509
2023-06-13,331.8,331.8,329.0,330.0,63630834.0,5.918,5.918,5.8681,5.8859
2023-06-14,330.8,331.2,329.0,330.0,16677452.0,5.918,5.9252,5.8858,5.9037
2023-06-15,330.0,335.0,323.8,335.0,46328456.0,5.9001,5.9895,5.7893,5.9895
2023-06-16,334.8,336.0,327.0,336.0,137595984.0,6.0026,6.0241,5.8627,6.0241
2023-06-19,336.0,336.0,331.2,333.4,35365982.0,6.0318,6.0318,5.9456,5.9851
2023-06-20,333.4,333.4,331.6,332.0,33291882.0,5.9832,5.9832,5.9509,5.958
2023-06-21,331.2,332.0,328.4,328.6,19706122.0,5.962,5.9764,5.9116,5.9152
2023-06-22,328.8,329.8,327.0,329.4,22386136.0,5.9153,5.9333,5.8829,5.9261
2023-06-23,327.0,329.2,326.0,326.0,24573594.0,5.8868,5.9264,5.8688,5.8688
2023-06-26,327.0,332.0,326.0,329.0,51185570.0,5.8649,5.9546,5.847,5.9008
2023-06-27,330.4,335.8,330.0,334.0,101415232.0,5.9335,6.0305,5.9263,5.9981
2023-06-29,334.0,334.0,327.0,330.0,47330946.0,6.0425,6.0425,5.9159,5.9701
2023-06-30,330.0,335.0,329.6,335.0,29111690.0,5.9524,6.0426,5.9452,6.0426
2023-07-03,329.0,335.4,329.0,335.4,11451548.0,5.9532,6.0691,5.9532,6.0691
2023-07-04,335.4,335.4,333.0,333.2,13635362.0,6.0697,6.0697,6.0263,6.0299
2023-07-05,333.2,335.0,330.0,335.0,35890810.0,6.0286,6.0612,5.9707,6.0612
2023-07-06,335.0,335.0,330.4,331.6,25136212.0,6.0404,6.0404,5.9574,5.9791
2023-07-07,331.8,334.6,328.0,328.0,29361256.0,5.9617,6.012,5.8935,5.8935
2023-07-10,328.0,330.0,326.6,329.0,24981024.0,5.9076,5.9436,5.8824,5.9256
2023-07-11,329.2,335.0,329.0,331.0,28956012.0,5.9263,6.0307,5.9227,5.9587
2023-07-12,330.0,332.8,330.0,332.4,27367298.0,5.9712,6.0219,5.9712,6.0147
2023-07-13,334.8,334.8,333.2,334.4,16928334.0,6.1414,6.1414,6.1121,6.1341
2023-07-14,334.4,340.0,333.2,340.0,88458208.0,6.1538,6.2569,6.1318,6.2569
2023-07-17,340.0,350.0,334.0,349.6,205686870.0,6.2569,6.4409,6.1465,6.4336
2023-07-18,349.6,351.6,349.6,351.0,196016038.0,6.4294,6.4662,6.4294,6.4552
2023-07-19,351.0,351.0,348.0,349.8,93898710.0,6.4579,6.4579,6.4027,6.4358
2023-07-20,349.0,352.6,342.0,351.2,104203910.0,6.3901,6.456,6.2619,6.4303
2023-07-21,351.2,352.0,345.0,345.0,65746978.0,6.4262,6.4409,6.3128,6.3128
2023-07-24,348.0,350.0,346.2,347.0,13887374.0,6.3596,6.3962,6.3268,6.3414
2023-07-25,347.0,351.8,346.4,350.0,96095708.0,6.3687,6.4568,6.3577,6.4238
2023-07-26,351.0,351.0,347.0,350.0,46970186.0,6.4374,6.4374,6.3641,6.4191
2023-07-27,350.0,352.0,347.2,352.0,18584456.0,6.4261,6.4629,6.3747,6.4629
2023-07-28,352.0,353.0,349.4,352.0,42097948.0,6.4256,6.4438,6.3781,6.4256
2023-07-31,350.0,356.0,350.0,356.0,150273476.0,6.3748,6.484,6.3748,6.484
2023-08-01,356.6,357.8,347.0,347.0,92660392.0,6.5169,6.5389,6.3415,6.3415
2023-08-02,347.2,349.0,335.4,340.0,85711856.0,6.3266,6.3594,6.1116,6.1954
2023-08-03,345.0,354.0,342.2,350.0,18628106.0,6.2352,6.3979,6.1846,6.3256
2023-08-04,350.0,352.0,345.4,349.4,1981500.0,6.2803,6.3162,6.1977,6.2695
2023-08-07,337.0,343.2,337.0,340.0,40375912.0,6.1139,6.2264,6.1139,6.1684
2023-08-08,341.6,344.4,337.0,340.0,68022260.0,6.0784,6.1282,5.9965,6.0499
2023-08-09,342.0,347.0,341.0,342.2,25994808.0,6.0762,6.1651,6.0585,6.0798
2023-08-10,341.6,343.0,338.0,338.0,23980868.0,6.0681,6.093,6.0042,6.0042
2023-08-11,342.2,344.4,338.6,339.6,64268672.0,6.0936,6.1328,6.0295,6.0473
2023-08-14,339.6,342.8,337.0,342.0,19854166.0,6.003,6.0595,5.957,6.0454
2023-08-15,342.0,344.8,341.0,344.6,68318678.0,6.0151,6.0643,5.9975,6.0608
2023-08-16,344.6,349.0,343.6,349.0,40918024.0,6.0617,6.1391,6.0441,6.1391
2023-08-17,349.0,349.8,345.0,348.0,87457570.0,6.1632,6.1774,6.0926,6.1456
2023-08-18,348.0,351.8,345.2,350.0,106289468.0,6.137,6.204,6.0876,6.1723
2023-08-22,350.0,353.0,348.2,349.8,55826548.0,6.2222,6.2756,6.1902,6.2187
2023-08-23,349.8,350.8,347.2,349.0,108413920.0,6.2314,6.2492,6.1851,6.2172
2023-08-24,348.2,349.8,343.2,343.2,41297810.0,6.1721,6.2005,6.0835,6.0835
2023-08-25,345.0,347.8,342.0,344.4,30201852.0,6.0933,6.1427,6.0403,6.0827
2023-08-29,343.0,350.0,342.0,350.0,125479784.0,6.0482,6.1716,6.0306,6.1716
2023-08-30,350.0,350.8,344.2,349.0,33515266.0,6.1757,6.1898,6.0733,6.158
2023-08-31,349.0,349.0,337.6,343.6,183707420.0,6.1488,6.1488,5.948,6.0537
2023-09-01,343.6,347.0,340.4,345.0,17063636.0,6.0691,6.1291,6.0125,6.0938
2023-09-04,344.8,344.8,336.0,344.0,9867346.0,6.0994,6.0994,5.9437,6.0853
2023-09-05,345.0,345.0,339.0,345.0,34454568.0,6.0981,6.0981,5.992,6.0981
2023-09-06,345.0,347.0,341.2,345.0,35768686.0,6.0558,6.0909,5.9891,6.0558
2023-09-07,345.0,350.0,345.0,349.0,57410362.0,6.061,6.1489,6.061,6.1313
2023-09-08,349.0,349.6,348.0,349.2,28621166.0,6.1575,6.1681,6.1398,6.161
2023-09-11,349.2,363.0,348.0,363.0,186133596.0,6.1631,6.4066,6.1419,6.4066
2023-09-12,360.0,361.0,355.0,357.8,117901908.0,6.3508,6.3684,6.2626,6.312
2023-09-13,357.6,364.4,355.4,361.0,197337116.0,6.3159,6.436,6.277,6.376
2023-09-14,356.0,360.0,356.0,358.6,105048410.0,6.2873,6.358,6.2873,6.3332
2023-09-15,358.0,365.0,355.6,365.0,138856664.0,6.3105,6.4339,6.2682,6.4339
2023-09-18,364.8,364.8,360.0,362.6,21370670.0,6.4158,6.4158,6.3313,6.3771
2023-09-19,362.4,362.4,358.0,360.0,99614142.0,6.4031,6.4031,6.3253,6.3606
2023-09-20,360.0,362.4,357.6,362.4,55180202.0,6.3452,6.3875,6.3029,6.3875
2023-09-21,362.2,364.0,360.0,363.8,63347152.0,6.3826,6.4143,6.3438,6.4108
2023-09-22,363.0,372.0,361.4,371.0,209019632.0,6.3946,6.5531,6.3664,6.5355
2023-09-25,371.0,373.4,367.0,368.0,58217782.0,6.5303,6.5726,6.4599,6.4775
2023-09-26,368.0,373.6,367.2,370.4,74923622.0,6.4732,6.5717,6.4591,6.5154
2023-09-27,370.0,379.0,369.0,379.0,61236468.0,6.4666,6.6239,6.4491,6.6239
2023-09-28,378.0,378.0,367.0,372.0,100436182.0,6.6354,6.6354,6.4423,6.5301
2023-09-29,369.6,373.0,368.0,368.0,108854950.0,6.5257,6.5857,6.4974,6.4974
2023-10-02,367.0,371.8,367.0,368.0,66441712.0,6.4732,6.5579,6.4732,6.4909
2023-10-03,368.0,374.8,368.0,374.8,45201006.0,6.483,6.6028,6.483,6.6028
2023-10-04,371.0,371.4,369.0,369.8,51534782.0,6.5282,6.5353,6.493,6.5071
2023-10-05,369.2,370.0,366.0,366.0,74789328.0,6.5219,6.5361,6.4654,6.4654
2023-10-06,365.2,370.0,362.0,370.0,113516148.0,6.4488,6.5335,6.3923,6.5335
2023-10-09,363.0,370.0,363.0,365.0,24056912.0,6.4044,6.5279,6.4044,6.4397
2023-10-10,365.0,369.8,365.0,365.0,36735472.0,6.417,6.5014,6.417,6.417
2023-10-11,365.0,375.0,365.0,375.0,81313030.0,6.4284,6.6046,6.4284,6.6046
2023-10-12,374.6,374.6,368.4,374.0,57433650.0,6.6269,6.6269,6.5172,6.6163
2023-10-13,374.0,377.0,372.0,376.2,57806488.0,6.5876,6.6405,6.5524,6.6264
2023-10-16,376.2,379.0,373.0,376.4,44857298.0,6.6232,6.6725,6.5669,6.6268
2023-10-17,375.0,380.0,375.0,380.0,97747324.0,6.6231,6.7114,6.6231,6.7114
2023-10-18,379.8,388.6,375.2,388.6,100053088.0,6.7088,6.8643,6.6276,6.8643
2023-10-19,380.0,384.4,375.6,375.6,57296412.0,6.6871,6.7645,6.6097,6.6097
2023-10-20,381.0,381.0,375.0,379.0,91244344.0,6.7131,6.7131,6.6073,6.6778
2023-10-23,379.0,379.0,374.0,374.0,66627818.0,6.6778,6.6778,6.5897,6.5897
2023-10-24,373.6,373.6,370.0,370.0,52029598.0,6.5942,6.5942,6.5306,6.5306
2023-10-25,370.0,372.0,368.0,370.0,38146302.0,6.528,6.5633,6.4927,6.528
2023-10-26,370.0,370.8,353.0,360.0,154930822.0,6.5186,6.5327,6.2191,6.3424
2023-10-27,359.8,364.6,352.2,352.2,119224368.0,6.3255,6.4099,6.1919,6.1919
2023-10-31,358.0,358.0,351.2,355.0,118122280.0,6.3132,6.3132,6.1932,6.2602
2023-11-03,355.0,368.0,355.0,355.0,42402358.0,6.2837,6.5139,6.2837,6.2837
2023-11-06,355.0,359.0,348.0,352.0,112070690.0,6.3745,6.4463,6.2488,6.3206
2023-11-07,355.0,364.6,354.8,364.4,140291988.0,6.3698,6.542,6.3662,6.5384
2023-11-08,364.4,372.0,362.0,372.0,67735508.0,6.5153,6.6512,6.4724,6.6512
2023-11-09,372.0,373.0,354.0,369.0,61022590.0,6.6726,6.6906,6.3498,6.6188
2023-11-10,369.0,370.0,364.0,365.0,41915680.0,6.5959,6.6138,6.5065,6.5244
2023-11-13,364.0,369.0,362.8,362.8,12057250.0,6.512,6.6014,6.4905,6.4905
2023-11-14,367.0,367.0,362.0,363.0,39171950.0,6.5771,6.5771,6.4875,6.5054
2023-11-15,363.0,364.6,360.0,360.0,118303834.0,6.5408,6.5696,6.4867,6.4867
2023-11-16,364.0,369.8,362.4,369.0,25594298.0,6.5315,6.6356,6.5028,6.6212
2023-11-17,371.8,378.0,366.2,378.0,87211564.0,6.6846,6.7961,6.584,6.7961
2023-11-20,378.0,378.0,372.2,377.2,45053630.0,6.8248,6.8248,6.7201,6.8104
2023-11-21,377.2,378.0,373.0,373.0,62444430.0,6.8433,6.8578,6.7671,6.7671
2023-11-22,373.2,375.0,372.0,373.0,56124380.0,6.7505,6.783,6.7288,6.7469
2023-11-23,373.0,373.0,371.0,372.0,17669326.0,6.7425,6.7425,6.7063,6.7244
2023-11-24,371.6,371.6,368.6,370.6,38455998.0,6.7304,6.7304,6.6761,6.7123
2023-11-28,369.2,371.0,368.0,368.0,45148440.0,6.6715,6.704,6.6498,6.6498
2023-11-29,368.0,376.0,368.0,370.2,55997026.0,6.7117,6.8576,6.7117,6.7518
2023-11-30,374.0,375.0,366.2,369.4,29797410.0,6.7754,6.7935,6.6341,6.692
2023-12-01,361.0,369.0,361.0,367.0,64943488.0,6.5043,6.6484,6.5043,6.6124
2023-12-04,360.4,370.0,360.4,370.0,76144168.0,6.5247,6.6985,6.5247,6.6985
2023-12-05,370.0,370.0,365.2,367.0,58051890.0,6.6878,6.6878,6.601,6.6335
2023-12-06,367.0,373.0,366.4,373.0,53641466.0,6.6581,6.7669,6.6472,6.7669
2023-12-07,374.0,374.0,369.8,372.6,52483574.0,6.7687,6.7687,6.6927,6.7434
2023-12-11,372.6,372.6,366.6,372.6,47169684.0,6.7301,6.7301,6.6218,6.7301
2023-12-12,369.0,375.8,369.0,375.8,63099966.0,6.6431,6.7656,6.6431,6.7656
2023-12-13,373.0,374.8,371.8,371.8,28555302.0,6.7175,6.7499,6.6958,6.6958
2023-12-14,374.0,381.8,372.6,380.0,196659904.0,6.7412,6.8818,6.7159,6.8493
2023-12-15,380.0,385.0,378.0,385.0,264553544.0,6.8277,6.9175,6.7917,6.9175
2023-12-18,383.2,383.2,375.0,375.0,71979822.0,6.8753,6.8753,6.7281,6.7281
2023-12-19,375.0,383.0,375.0,383.0,69674764.0,6.7381,6.8818,6.7381,6.8818
2023-12-20,383.0,389.0,380.4,389.0,94366970.0,6.8896,6.9975,6.8428,6.9975
2023-12-21,385.0,388.0,382.0,386.0,13091724.0,6.922,6.9759,6.868,6.9399
2023-12-22,385.0,390.0,384.2,388.0,40051286.0,6.9671,7.0575,6.9526,7.0214
2023-12-27,388.0,393.0,384.2,393.0,47956236.0,7.0144,7.1048,6.9457,7.1048
2023-12-28,393.0,398.0,390.6,398.0,115170610.0,7.0748,7.1648,7.0316,7.1648
2023-12-29,397.6,399.0,393.2,399.0,88572730.0,7.1879,7.2132,7.1084,7.2132
2024-01-02,395.0,399.8,395.0,399.0,56654624.0,7.1315,7.2182,7.1315,7.2037
2024-01-03,399.0,399.0,391.0,394.0,34118362.0,7.181,7.181,7.0371,7.091
2024-01-04,391.0,399.0,390.0,397.0,72344068.0,7.0232,7.1668,7.0052,7.1309
2024-01-05,397.0,399.0,393.0,399.0,15413836.0,7.1502,7.1862,7.0781,7.1862
2024-01-08,398.0,399.0,395.0,395.0,48826114.0,7.1719,7.19,7.1179,7.1179
2024-01-09,395.0,397.0,391.0,391.0,49843524.0,7.0982,7.1341,7.0263,7.0263
2024-01-10,391.0,392.2,379.2,382.0,119361456.0,6.9713,6.9927,6.7609,6.8108
2024-01-11,382.0,385.0,380.0,380.0,32179346.0,6.8177,6.8712,6.782,6.782
2024-01-12,384.0,385.0,380.0,380.0,36773380.0,6.8639,6.8818,6.7924,6.7924
2024-01-15,380.0,384.0,380.0,381.0,88244116.0,6.8122,6.8839,6.8122,6.8302
2024-01-16,381.4,381.6,372.2,372.2,93498732.0,6.8438,6.8474,6.6787,6.6787
2024-01-17,373.0,376.8,373.0,373.2,60124624.0,6.6724,6.7404,6.6724,6.676
2024-01-18,374.2,374.8,371.4,374.0,39187294.0,6.6933,6.704,6.6432,6.6897
2024-01-19,374.0,378.4,374.0,377.0,52308492.0,6.7142,6.7932,6.7142,6.768
2024-01-22,378.0,385.0,377.4,385.0,95169646.0,6.7664,6.8917,6.7557,6.8917
2024-01-23,385.0,385.2,381.2,383.4,70263990.0,6.8345,6.838,6.767,6.8061
2024-01-24,383.0,384.0,381.0,383.0,94602076.0,6.8039,6.8217,6.7684,6.8039
2024-01-25,383.0,383.0,380.0,380.0,79670816.0,6.8171,6.8171,6.7637,6.7637
2024-01-26,380.0,380.4,375.2,377.4,76190872.0,6.7251,6.7321,6.6401,6.6791
2024-01-29,377.0,378.8,374.0,376.0,55232612.0,6.7056,6.7376,6.6522,6.6878
2024-01-30,376.0,376.8,368.0,368.0,94258722.0,6.6755,6.6897,6.5335,6.5335
2024-01-31,368.0,374.8,362.0,362.0,117574160.0,6.5364,6.6572,6.4298,6.4298
2024-02-01,363.0,363.0,357.0,357.0,116746094.0,6.471,6.471,6.3641,6.3641
2024-02-02,358.4,368.8,358.4,363.0,86683904.0,6.4081,6.5941,6.4081,6.4904
2024-02-05,364.0,368.8,364.0,368.8,83512584.0,6.481,6.5665,6.481,6.5665
2024-02-06,368.8,371.0,365.0,365.0,43335924.0,6.551,6.59,6.4835,6.4835
2024-02-07,369.8,373.0,365.4,372.0,130376800.0,6.589,6.646,6.5106,6.6282
2024-02-08,372.6,374.4,367.0,367.0,91076330.0,6.6595,6.6917,6.5594,6.5594
2024-02-12,368.4,369.0,359.2,360.0,121881856.0,6.5939,6.6046,6.4292,6.4435
2024-02-13,360.0,361.0,355.6,355.6,144524716.0,6.441,6.4589,6.3623,6.3623
2024-02-14,355.8,363.8,355.8,361.8,60753266.0,6.3507,6.4935,6.3507,6.4578
2024-02-15,361.8,364.8,361.8,362.0,69040140.0,6.4568,6.5103,6.4568,6.4604
2024-02-16,362.0,372.0,362.0,369.0,87888772.0,6.4852,6.6644,6.4852,6.6107
2024-02-19,369.8,371.0,361.2,364.0,60469580.0,6.6083,6.6297,6.4546,6.5046
2024-02-20,364.0,369.8,364.0,368.0,63482060.0,6.5002,6.6038,6.5002,6.5717
2024-02-21,367.2,369.0,367.2,369.0,35481356.0,6.5749,6.6071,6.5749,6.6071
2024-02-22,369.0,370.8,365.0,365.0,72258810.0,6.6105,6.6428,6.5389,6.5389
2024-02-23,365.8,370.0,365.8,369.0,58915884.0,6.5599,6.6352,6.5599,6.6173
2024-02-26,368.0,373.0,367.8,373.0,40768190.0,6.5871,6.6766,6.5835,6.6766
2024-02-27,373.0,376.0,369.4,369.4,110721128.0,6.657,6.7106,6.5928,6.5928
2024-02-28,369.8,373.0,363.0,372.0,80286492.0,6.5951,6.6522,6.4738,6.6343
2024-02-29,371.0,390.0,370.6,390.0,209835932.0,6.6001,6.9381,6.593,6.9381
2024-03-01,383.0,383.8,377.2,379.8,102496636.0,6.8192,6.8334,6.7159,6.7622
2024-03-04,379.8,379.8,373.0,373.0,76120460.0,6.7809,6.7809,6.6595,6.6595
2024-03-05,377.0,378.0,373.0,373.0,60116644.0,6.736,6.7539,6.6645,6.6645
2024-03-06,373.0,373.0,365.2,367.0,131768212.0,6.6687,6.6687,6.5292,6.5614
2024-03-07,367.0,371.8,365.2,365.2,71863816.0,6.5762,6.6622,6.544,6.544
2024-03-08,365.2,369.0,364.4,365.0,91468906.0,6.5564,6.6247,6.5421,6.5528
2024-03-11,368.8,368.8,362.0,362.0,56671670.0,6.6367,6.6367,6.5143,6.5143
2024-03-12,365.0,366.4,362.2,362.8,41923744.0,6.601,6.6263,6.5503,6.5612
2024-03-13,364.0,368.8,362.2,365.0,126170872.0,6.5653,6.6519,6.5328,6.5833
2024-03-14,366.0,366.0,362.4,364.0,107227240.0,6.6128,6.6128,6.5478,6.5767
2024-03-15,365.0,367.8,350.4,355.0,254629704.0,6.5773,6.6277,6.3142,6.3971
2024-03-18,358.2,363.0,355.0,355.0,84077864.0,6.4457,6.5321,6.3881,6.3881
2024-03-19,355.2,361.8,351.4,353.0,127659786.0,6.3819,6.5005,6.3137,6.3424
2024-03-20,353.2,358.6,353.2,356.0,88987362.0,6.3252,6.4219,6.3252,6.3754
2024-03-21,356.0,361.4,356.0,360.6,32259496.0,6.3531,6.4494,6.3531,6.4351
2024-03-22,360.0,364.0,359.8,364.0,87493988.0,6.4332,6.5046,6.4296,6.5046
2024-03-25,364.8,364.8,360.2,360.2,87844448.0,6.4839,6.4839,6.4022,6.4022
2024-03-26,355.0,361.0,350.0,361.0,57811212.0,6.3134,6.4201,6.2244,6.4201
2024-03-27,361.0,361.0,355.2,357.0,76823718.0,6.4187,6.4187,6.3156,6.3476
2024-04-01,357.0,366.0,356.8,366.0,60714372.0,6.3568,6.5171,6.3533,6.5171
2024-04-02,366.0,366.0,358.4,358.4,81566196.0,6.5116,6.5116,6.3764,6.3764
2024-04-03,363.8,363.8,350.2,350.2,45441958.0,6.4616,6.4616,6.22,6.22
2024-04-04,355.0,359.0,350.2,359.0,95998390.0,6.3007,6.3717,6.2155,6.3717
2024-04-05,358.0,358.0,353.0,354.0,24244336.0,6.3182,6.3182,6.2299,6.2476
2024-04-08,354.0,358.0,351.0,358.0,43446798.0,6.2655,6.3363,6.2124,6.3363
2024-04-11,358.0,359.0,351.2,352.0,68318154.0,6.3291,6.3468,6.2089,6.223
2024-04-12,352.8,360.0,352.0,358.6,41413230.0,6.2499,6.3774,6.2357,6.3526
2024-04-15,355.0,357.8,351.4,354.0,68741512.0,6.2714,6.3209,6.2078,6.2538
2024-04-16,354.0,354.0,345.0,345.8,96220402.0,6.2236,6.2236,6.0654,6.0795
2024-04-17,346.0,360.0,346.0,360.0,67708296.0,6.0578,6.303,6.0578,6.303
2024-04-18,359.4,359.4,350.0,350.2,184788688.0,6.2821,6.2821,6.1178,6.1213
2024-04-19,350.2,350.2,348.0,350.0,32717880.0,6.1213,6.1213,6.0829,6.1178
2024-04-22,350.2,355.6,348.4,350.0,29379792.0,6.093,6.1869,6.0617,6.0895
2024-04-23,350.0,355.0,348.0,350.0,31182328.0,6.0845,6.1714,6.0498,6.0845
2024-04-24,349.2,353.6,348.2,351.0,25057408.0,6.0847,6.1614,6.0673,6.116
2024-04-25,351.0,355.0,348.6,355.0,34264598.0,6.0652,6.1343,6.0237,6.1343
2024-04-26,351.2,368.4,351.2,368.4,68198486.0,6.0869,6.385,6.0869,6.385
2024-04-29,360.4,370.0,360.4,367.0,248720934.0,6.2461,6.4125,6.2461,6.3605
2024-04-30,369.0,370.8,368.0,370.2,160744364.0,6.4014,6.4326,6.384,6.4222
2024-05-02,370.0,370.0,360.6,365.0,131618778.0,6.4246,6.4246,6.2614,6.3378
2024-05-03,368.0,368.0,364.0,365.0,128766750.0,6.4067,6.4067,6.337,6.3545
2024-05-06,367.0,374.0,364.0,374.0,83986516.0,6.4241,6.5466,6.3715,6.5466
2024-05-07,374.0,374.8,369.0,374.8,76723538.0,6.5428,6.5568,6.4553,6.5568
2024-05-08,375.0,375.0,371.0,374.8,73920162.0,6.5588,6.5588,6.4889,6.5553
2024-05-09,375.0,379.8,369.0,372.8,142699770.0,6.5345,6.6181,6.4299,6.4961
2024-05-10,373.0,375.0,371.0,374.0,36833758.0,6.5156,6.5506,6.4807,6.5331
2024-05-13,374.0,374.6,369.2,372.0,48982750.0,6.51,6.5205,6.4265,6.4752
2024-05-14,371.8,373.2,369.0,371.8,22817420.0,6.4301,6.4543,6.3817,6.4301
2024-05-15,372.8,372.8,370.2,372.0,22709494.0,6.4602,6.4602,6.4152,6.4464
2024-05-16,372.6,372.6,365.2,372.0,134035790.0,6.4948,6.4948,6.3658,6.4843
2024-05-17,372.0,373.2,368.4,373.2,68964098.0,6.4841,6.505,6.4214,6.505
2024-05-20,373.2,377.0,370.2,377.0,80884836.0,6.4702,6.5361,6.4182,6.5361
2024-05-21,376.0,377.0,372.4,377.0,43530226.0,6.4794,6.4966,6.4174,6.4966
2024-05-22,375.0,376.8,370.6,374.8,92381734.0,6.4486,6.4796,6.373,6.4452
2024-05-23,374.8,374.8,371.0,374.8,62714488.0,6.4623,6.4623,6.3968,6.4623
2024-05-24,374.0,374.4,365.4,369.0,95164790.0,6.4245,6.4313,6.2767,6.3386
2024-05-27,374.4,374.4,368.6,371.6,39852676.0,6.4352,6.4352,6.3355,6.3871
2024-05-28,374.8,374.8,365.2,366.0,101323832.0,6.4524,6.4524,6.2871,6.3009
2024-05-29,366.0,370.0,366.0,369.2,66409562.0,6.3228,6.3919,6.3228,6.3781
2024-05-30,369.2,372.0,352.2,352.2,165378626.0,6.3186,6.3665,6.0276,6.0276
2024-05-31,355.0,367.2,352.2,367.2,628548756.0,6.0746,6.2834,6.0267,6.2834
2024-06-03,366.0,366.0,360.0,362.6,34114764.0,6.2484,6.2484,6.146,6.1904
2024-06-04,362.6,365.4,353.6,357.0,45703096.0,6.1861,6.2339,6.0326,6.0906
2024-06-05,357.6,364.8,355.2,358.0,26991526.0,6.073,6.1952,6.0322,6.0798
2024-06-06,358.0,364.0,358.0,359.2,21329018.0,6.0939,6.1961,6.0939,6.1144
2024-06-07,359.4,364.0,355.2,363.0,64587058.0,6.1331,6.2116,6.0614,6.1945
2024-06-10,360.0,361.0,355.4,360.0,123488106.0,6.1334,6.1504,6.055,6.1334
2024-06-11,360.0,365.4,360.0,365.0,49975206.0,6.1204,6.2122,6.1204,6.2054
2024-06-13,364.8,377.6,360.0,376.0,199720182.0,6.2598,6.4794,6.1774,6.4519
2024-06-14,376.0,376.0,370.6,376.0,23273274.0,6.4081,6.4081,6.316,6.4081
2024-06-18,375.8,375.8,371.0,375.6,27146476.0,6.4166,6.4166,6.3346,6.4132
2024-06-19,375.4,375.4,371.2,371.2,21760298.0,6.4056,6.4056,6.3339,6.3339
2024-06-20,371.8,373.2,368.2,372.2,23187176.0,6.328,6.3518,6.2667,6.3348
2024-06-21,372.2,374.4,358.0,358.0,144873488.0,6.3248,6.3622,6.0835,6.0835
2024-06-24,361.0,363.6,359.0,360.4,70154342.0,6.1332,6.1774,6.0992,6.123
2024-06-25,360.8,363.0,357.6,363.0,56022492.0,6.1481,6.1856,6.0936,6.1856
2024-06-26,363.8,367.0,360.0,365.0,81067156.0,6.1929,6.2473,6.1282,6.2133
2024-06-27,365.0,374.6,365.0,374.0,69832830.0,6.1935,6.3564,6.1935,6.3462
2024-06-28,368.0,375.0,366.0,366.0,88086956.0,6.2795,6.399,6.2454,6.2454
2024-07-01,366.4,373.0,366.4,369.8,52735824.0,6.2654,6.3782,6.2654,6.3235
2024-07-02,369.8,374.8,369.8,373.2,37087624.0,6.2956,6.3808,6.2956,6.3535
2024-07-03,373.0,377.6,372.0,377.0,54218720.0,6.346,6.4243,6.329,6.4141
2024-07-04,377.2,379.0,375.6,376.0,17103394.0,6.4314,6.4621,6.4041,6.4109
2024-07-05,376.4,377.0,374.0,374.0,41418790.0,6.4464,6.4567,6.4053,6.4053
2024-07-08,375.0,381.6,374.0,380.4,100969182.0,6.4074,6.5202,6.3903,6.4997
2024-07-09,375.6,380.6,375.6,380.6,20524276.0,6.4247,6.5102,6.4247,6.5102
2024-07-10,380.0,380.0,377.0,377.0,23267226.0,6.4972,6.4972,6.4459,6.4459
2024-07-11,378.0,385.0,377.2,385.0,113899826.0,6.496,6.6163,6.4822,6.6163
2024-07-12,385.0,385.0,382.0,385.0,32776196.0,6.6199,6.6199,6.5683,6.6199
2024-07-15,384.8,386.8,376.4,376.4,84747536.0,6.5889,6.6232,6.4451,6.4451
2024-07-16,383.8,383.8,375.0,375.0,71468952.0,6.5774,6.5774,6.4266,6.4266
2024-07-17,376.0,380.0,374.0,374.0,32888372.0,6.4475,6.5161,6.4132,6.4132
2024-07-18,376.8,382.0,375.0,382.0,54787264.0,6.4798,6.5692,6.4488,6.5692
2024-07-19,385.0,389.0,383.8,389.0,130555872.0,6.6161,6.6849,6.5955,6.6849
2024-07-22,389.0,389.4,374.6,374.6,51659002.0,6.669,6.6758,6.4221,6.4221
2024-07-23,377.0,381.0,375.4,381.0,28192008.0,6.4549,6.5234,6.4275,6.5234
2024-07-25,381.0,385.0,376.0,384.0,13078692.0,6.5138,6.5822,6.4283,6.5651
2024-07-26,384.0,390.2,380.6,388.0,71505782.0,6.5633,6.6693,6.5052,6.6317
2024-07-29,387.4,388.0,385.2,387.4,11128730.0,6.6381,6.6484,6.6004,6.6381
2024-07-30,388.0,392.0,381.0,390.0,46211736.0,6.6187,6.6869,6.4993,6.6528
2024-07-31,391.6,391.8,384.8,390.0,88175576.0,6.6877,6.6911,6.5716,6.6604
2024-08-01,390.0,390.6,387.2,390.0,24635640.0,6.6953,6.7056,6.6472,6.6953
2024-08-02,390.0,390.0,382.0,390.0,39319098.0,6.7001,6.7001,6.5627,6.7001
2024-08-05,383.0,383.0,377.2,379.8,73252340.0,6.6113,6.6113,6.5112,6.5561
2024-08-06,377.8,383.4,377.8,380.0,37445828.0,6.5512,6.6483,6.5512,6.5893
2024-08-07,380.4,394.8,380.2,394.8,76324502.0,6.5944,6.8441,6.591,6.8441
2024-08-08,394.8,397.0,388.0,394.8,108188736.0,6.8675,6.9058,6.7492,6.8675
2024-08-09,394.4,397.0,390.2,391.6,38038090.0,6.9023,6.9478,6.8288,6.8533
2024-08-12,392.0,396.4,389.4,390.0,39762354.0,6.8442,6.921,6.7988,6.8093
2024-08-13,390.0,401.0,390.0,399.6,196974768.0,6.8175,7.0098,6.8175,6.9853
2024-08-14,399.8,401.6,395.0,400.0,125641196.0,7.0312,7.0628,6.9468,7.0347
2024-08-15,400.0,401.6,398.0,400.4,68125436.0,7.0358,7.064,7.0006,7.0428
2024-08-16,401.0,425.0,400.2,425.0,198007396.0,7.016,7.4359,7.002,7.4359
2024-08-19,415.0,429.0,414.0,421.6,134880474.0,7.27,7.5152,7.2525,7.3856
2024-08-20,421.8,428.2,415.0,415.0,116141178.0,7.4466,7.5596,7.3266,7.3266
2024-08-21,415.0,421.8,411.0,416.0,77159876.0,7.3779,7.4988,7.3068,7.3957
2024-08-22,410.0,424.8,410.0,418.0,68009374.0,7.3069,7.5707,7.3069,7.4495
2024-08-27,410.0,416.0,407.2,416.0,85098570.0,7.3312,7.4385,7.2812,7.4385
2024-08-28,416.0,419.0,410.0,411.0,58354384.0,7.4033,7.4567,7.2965,7.3143
2024-08-29,413.0,415.0,405.0,414.4,154810714.0,7.3482,7.3838,7.2059,7.3731
2024-08-30,413.0,425.2,408.6,425.2,236900196.0,7.3658,7.5834,7.2873,7.5834
2024-09-02,425.0,425.2,415.0,415.0,60722176.0,7.5595,7.563,7.3816,7.3816
2024-09-03,415.0,422.8,408.2,408.2,63043778.0,7.3507,7.4889,7.2303,7.2303
2024-09-04,407.8,413.6,390.8,402.8,73174078.0,7.2287,7.3315,6.9274,7.1401
2024-09-05,405.0,411.0,401.2,406.0,61251034.0,7.1817,7.2881,7.1144,7.1995
2024-09-06,403.0,406.8,401.4,405.0,37139460.0,7.2102,7.2782,7.1816,7.246
2024-09-09,405.6,412.2,402.2,404.4,53509118.0,7.2203,7.3378,7.1598,7.1989
2024-09-10,405.0,420.0,405.0,408.0,189318020.0,7.2177,7.485,7.2177,7.2712
2024-09-11,415.0,419.8,405.0,405.0,179716584.0,7.4082,7.4939,7.2297,7.2297
2024-09-12,405.0,413.0,405.0,409.0,57420950.0,7.2386,7.3816,7.2386,7.3101
2024-09-13,413.0,413.0,406.0,410.0,108550172.0,7.3671,7.3671,7.2422,7.3136
2024-09-16,412.0,420.0,410.0,420.0,43240276.0,7.3571,7.5,7.3214,7.5
2024-09-17,420.0,435.2,415.2,435.0,123865932.0,7.5426,7.8155,7.4564,7.8119
2024-09-18,435.0,435.0,425.6,425.6,64135848.0,7.8069,7.8069,7.6382,7.6382
2024-09-19,425.0,435.0,425.0,429.8,124976822.0,7.6359,7.8156,7.6359,7.7222
2024-09-20,429.8,433.6,417.0,417.0,128897908.0,7.7513,7.8198,7.5204,7.5204
2024-09-23,420.0,435.0,417.0,435.0,210707696.0,7.5499,7.8195,7.496,7.8195
2024-09-24,435.0,456.8,430.4,450.0,225451226.0,7.7763,8.166,7.6941,8.0445
2024-09-25,452.0,456.6,447.0,449.0,106862876.0,8.0895,8.1718,8.0,8.0358
2024-09-26,449.0,455.0,442.0,455.0,105437582.0,8.0547,8.1623,7.9291,8.1623
2024-09-27,455.0,457.8,451.2,454.8,66425144.0,8.1658,8.2161,8.0976,8.1622
2024-09-30,454.6,454.8,438.2,438.2,100311794.0,8.1106,8.1142,7.818,7.818
2024-10-01,439.0,448.4,439.0,443.0,46525056.0,7.8171,7.9845,7.8171,7.8883
2024-10-02,443.0,443.0,440.0,440.0,47487308.0,7.8721,7.8721,7.8187,7.8187
2024-10-03,443.4,449.0,441.0,444.4,64136780.0,7.8834,7.9829,7.8407,7.9011
2024-10-04,445.0,464.0,445.0,464.0,155832614.0,7.9136,8.2515,7.9136,8.2515
2024-10-07,462.0,478.0,460.2,475.0,143004604.0,8.2039,8.488,8.1719,8.4347
2024-10-08,476.0,494.8,468.0,489.0,164200662.0,8.3816,8.7126,8.2407,8.6105
2024-10-09,489.0,491.8,480.2,481.0,62210076.0,8.6045,8.6537,8.4496,8.4637
2024-10-10,483.0,485.4,472.0,475.0,154974770.0,8.4627,8.5047,8.27,8.3225
2024-10-11,472.0,484.0,472.0,479.0,108411114.0,8.2322,8.4415,8.2322,8.3543
2024-10-14,479.0,484.0,471.0,471.0,67433410.0,8.3709,8.4583,8.2311,8.2311
2024-10-15,472.4,495.0,472.4,495.0,147770072.0,8.2282,8.6219,8.2282,8.6219
2024-10-16,493.0,503.5,489.6,503.5,232939208.0,8.5455,8.7275,8.4866,8.7275
2024-10-17,499.6,502.5,494.2,494.2,90105599.0,8.6463,8.6965,8.5528,8.5528
2024-10-18,497.8,499.8,494.0,499.4,47713112.0,8.6289,8.6635,8.563,8.6566
2024-10-21,499.4,499.4,491.2,497.6,58324214.0,8.6837,8.6837,8.5411,8.6524
2024-10-22,497.0,499.6,493.0,493.0,124962282.0,8.6247,8.6698,8.5553,8.5553
2024-10-23,493.0,496.6,484.0,495.0,49620678.0,8.5403,8.6027,8.3844,8.575
2024-10-24,493.0,494.0,485.4,494.0,91693524.0,8.4912,8.5084,8.3603,8.5084
2024-10-25,492.6,492.6,486.0,486.0,34414946.0,8.5089,8.5089,8.3949,8.3949
2024-10-28,486.0,492.6,483.0,492.6,62801522.0,8.2999,8.4126,8.2487,8.4126
2024-10-29,492.6,499.8,486.2,490.0,89860512.0,8.4706,8.5944,8.3606,8.4259
2024-10-30,488.0,500.0,488.0,500.0,137608390.0,8.3906,8.597,8.3906,8.597
2024-10-31,500.0,500.0,490.0,490.0,75545060.0,8.5959,8.5959,8.424,8.424
2024-11-04,490.0,493.8,486.2,487.0,53838292.0,8.4077,8.4729,8.3425,8.3562
2024-11-05,487.0,499.0,486.2,499.0,55957624.0,8.3405,8.546,8.3268,8.546
2024-11-06,499.0,499.0,492.0,498.0,57502720.0,8.5565,8.5565,8.4365,8.5394
2024-11-07,498.8,499.0,475.2,485.0,146666980.0,8.4867,8.4901,8.0852,8.2519
2024-11-08,485.0,492.0,477.2,492.0,50579652.0,8.3353,8.4556,8.2013,8.4556
2024-11-11,488.0,490.0,485.0,489.0,21026374.0,8.3666,8.4009,8.3152,8.3838
2024-11-12,489.0,489.0,481.2,485.2,135498676.0,8.3419,8.3419,8.2088,8.277
2024-11-13,485.0,489.2,475.0,475.0,70311084.0,8.251,8.3224,8.0808,8.0808
2024-11-14,475.0,475.2,450.0,450.0,190757628.0,8.1003,8.1037,7.6739,7.6739
2024-11-15,455.0,485.0,455.0,485.0,121191894.0,7.7378,8.248,7.7378,8.248
2024-11-18,485.0,485.0,475.0,478.0,86746738.0,8.2773,8.2773,8.1066,8.1578
2024-11-19,482.0,482.0,475.0,479.0,125886768.0,8.2337,8.2337,8.1141,8.1824
2024-11-20,480.4,500.0,477.4,500.0,122573158.0,8.1641,8.4972,8.1131,8.4972
2024-11-21,497.0,497.0,484.2,494.0,85622214.0,8.4264,8.4264,8.2094,8.3756
2024-11-22,494.0,494.0,486.0,486.0,58481774.0,8.3925,8.3925,8.2566,8.2566
2024-11-25,486.0,496.8,478.6,496.8,658006564.0,8.2639,8.4475,8.1381,8.4475
2024-11-26,494.2,494.2,485.0,486.4,87662242.0,8.3847,8.3847,8.2286,8.2523
2024-11-27,490.0,494.0,486.8,494.0,63220928.0,8.313,8.3808,8.2587,8.3808
2024-11-28,494.0,494.0,480.2,481.2,105313572.0,8.4203,8.4203,8.185,8.2021
2024-11-29,481.2,485.0,479.0,479.0,123006512.0,8.2033,8.2681,8.1658,8.1658
2024-12-02,480.0,484.0,472.2,480.0,91918102.0,8.1971,8.2655,8.0639,8.1971
2024-12-03,480.0,483.8,479.2,479.2,182161836.0,8.1913,8.2561,8.1776,8.1776
2024-12-04,480.0,487.6,479.6,483.8,196236602.0,8.2312,8.3615,8.2243,8.2963
2024-12-05,483.8,488.8,481.0,481.0,43243864.0,8.3171,8.4031,8.269,8.269
2024-12-06,485.0,485.0,476.2,480.0,100665012.0,8.4117,8.4117,8.259,8.325
2024-12-09,480.4,485.8,479.8,482.0,68589518.0,8.3021,8.3954,8.2917,8.3297
2024-12-10,484.6,490.0,484.4,490.0,69681232.0,8.3473,8.4403,8.3438,8.4403
2024-12-11,491.0,491.0,480.0,480.0,82994190.0,8.4579,8.4579,8.2684,8.2684
2024-12-12,480.2,483.2,470.0,475.8,82227170.0,8.2247,8.2761,8.05,8.1494
2024-12-13,475.8,479.8,472.0,474.0,43774746.0,8.1652,8.2338,8.0999,8.1343
2024-12-16,473.0,474.0,462.0,470.0,82068190.0,8.0783,8.0954,7.8904,8.0271
2024-12-17,470.0,470.0,457.0,460.0,139870832.0,8.0205,8.0205,7.7986,7.8498
2024-12-18,469.0,477.8,454.0,477.2,52974772.0,7.9606,8.11,7.706,8.0998
2024-12-19,471.0,472.0,461.0,464.6,107289910.0,7.9325,7.9493,7.7641,7.8247
2024-12-20,465.0,476.6,452.0,452.0,143990122.0,7.9036,8.1008,7.6826,7.6826
2024-12-23,452.8,474.0,450.2,470.0,32994562.0,7.7099,8.0708,7.6656,8.0027
2024-12-26,485.0,485.6,472.0,474.0,26841338.0,8.3621,8.3724,8.1379,8.1724
2024-12-27,480.0,488.0,472.4,488.0,42170114.0,8.2804,8.4184,8.1493,8.4184
2025-01-02,486.0,487.0,478.0,487.0,46608586.0,8.4941,8.5116,8.3543,8.5116
2025-01-03,486.4,490.0,480.2,485.6,52947750.0,8.3762,8.4382,8.2695,8.3625
2025-01-06,486.0,489.6,482.0,482.0,31096050.0,8.3581,8.42,8.2893,8.2893
2025-01-07,482.2,483.6,474.0,478.0,101371358.0,8.3243,8.3484,8.1827,8.2518
2025-01-08,478.8,485.8,478.6,479.2,49785168.0,8.243,8.3635,8.2395,8.2498
2025-01-09,484.0,485.8,479.4,485.8,37813652.0,8.2521,8.2828,8.1736,8.2828
2025-01-10,485.8,487.0,480.6,485.0,73375332.0,8.3456,8.3663,8.2563,8.3319
2025-01-13,485.0,490.0,475.0,484.0,134709144.0,8.2681,8.3534,8.0976,8.2511
2025-01-14,481.0,483.8,470.4,479.0,162371824.0,8.2135,8.2613,8.0325,8.1794
2025-01-15,480.0,489.0,479.0,489.0,56513290.0,8.1984,8.3521,8.1813,8.3521
2025-01-16,488.0,489.2,484.6,484.6,134775224.0,8.3688,8.3894,8.3105,8.3105
2025-01-17,484.6,491.0,481.0,491.0,58080152.0,8.2828,8.3922,8.2212,8.3922
2025-01-20,486.0,503.0,486.0,495.0,214704846.0,8.3242,8.6154,8.3242,8.4784
2025-01-21,495.0,497.8,491.0,493.0,32510678.0,8.5125,8.5606,8.4437,8.4781
2025-01-22,492.0,503.5,490.0,500.0,227070438.0,8.4319,8.629,8.3976,8.569
2025-01-23,500.0,500.0,487.2,493.0,108793060.0,8.5734,8.5734,8.3539,8.4534
2025-01-24,493.0,494.4,486.0,486.0,80438174.0,8.4528,8.4768,8.3328,8.3328
2025-01-27,486.0,493.0,472.0,475.0,67170176.0,8.3555,8.4759,8.1148,8.1664
2025-01-28,478.4,484.0,474.0,474.0,30716372.0,8.1916,8.2875,8.1163,8.1163
2025-01-30,474.0,477.4,467.8,468.6,69358772.0,8.113,8.1712,8.0068,8.0205
2025-01-31,469.0,475.8,448.0,448.0,415513302.0,8.0405,8.157,7.6804,7.6804
2025-02-03,465.0,469.0,450.0,450.0,141245616.0,7.9608,8.0293,7.704,7.704
2025-02-04,456.0,478.2,454.0,478.2,184139214.0,7.7869,8.166,7.7527,8.166
2025-02-05,478.2,488.6,471.2,485.0,92914462.0,8.2519,8.4314,8.1311,8.3693
2025-02-06,485.0,488.6,475.4,488.6,78748264.0,8.4034,8.4657,8.237,8.4657
2025-02-07,485.0,489.8,480.6,480.6,69937794.0,8.3743,8.4572,8.2984,8.2984
2025-02-10,485.0,489.0,478.4,489.0,36228432.0,8.4663,8.5361,8.3511,8.5361
2025-02-11,489.0,489.0,479.2,485.0,50146118.0,8.4573,8.4573,8.2878,8.3881
2025-02-12,486.0,500.0,481.8,490.0,133696476.0,8.3757,8.617,8.3033,8.4446
2025-02-13,490.0,498.6,481.0,484.0,74237458.0,8.4687,8.6174,8.3132,8.365
2025-02-14,484.2,489.4,481.2,488.4,97153972.0,8.3764,8.4664,8.3245,8.4491
2025-02-17,488.0,489.0,486.0,488.0,65172810.0,8.473,8.4903,8.4382,8.473
2025-02-18,494.0,494.0,489.0,491.0,102991508.0,8.5423,8.5423,8.4558,8.4904
2025-02-19,491.0,507.0,490.0,500.0,200344659.0,8.4422,8.7173,8.425,8.597
2025-02-20,503.0,508.0,486.0,490.0,102742110.0,8.6553,8.7413,8.3627,8.4316
2025-02-21,490.0,491.8,485.0,487.0,61794696.0,8.4812,8.5123,8.3946,8.4293
2025-02-24,487.0,493.0,484.4,493.0,54342942.0,8.4484,8.5525,8.4033,8.5525
2025-02-25,493.0,493.8,485.0,485.0,123591664.0,8.5167,8.5306,8.3785,8.3785
2025-02-26,485.2,494.4,485.0,493.0,54495192.0,8.3995,8.5588,8.3961,8.5346
2025-02-27,493.0,495.2,490.0,491.6,75653658.0,8.5309,8.569,8.479,8.5067
2025-02-28,491.6,496.2,490.0,490.0,240341698.0,8.4795,8.5589,8.4519,8.4519
2025-03-03,491.6,505.0,490.2,490.6,110085910.0,8.4993,8.731,8.4751,8.482
2025-03-04,491.0,502.0,491.0,500.0,108551693.0,8.5128,8.7035,8.5128,8.6688
2025-03-05,500.0,501.5,493.6,497.6,171187984.0,8.6789,8.7049,8.5678,8.6372
2025-03-06,501.5,520.0,498.0,505.0,319522206.0,8.7562,9.0792,8.695,8.8173
2025-03-07,512.0,512.0,500.5,500.5,93191565.0,8.9532,8.9532,8.7521,8.7521
2025-03-10,501.0,508.0,492.2,502.0,158626491.0,8.7733,8.8959,8.6192,8.7908
2025-03-11,497.0,497.0,477.0,485.0,304964340.0,8.6534,8.6534,8.3052,8.4445
2025-03-12,490.0,509.5,480.4,509.5,209350889.0,8.5882,8.93,8.4199,8.93
2025-03-13,505.0,509.5,500.0,505.0,102512755.0,8.8148,8.8933,8.7275,8.8148
2025-03-14,505.0,513.5,503.0,508.5,146373580.0,8.8217,8.9702,8.7868,8.8829
2025-03-17,508.5,509.5,501.5,503.0,91200585.0,8.8863,8.9038,8.764,8.7902
2025-03-18,503.0,505.0,497.0,503.0,127320033.0,8.7929,8.8279,8.6881,8.7929
2025-03-19,503.0,519.5,497.2,515.0,153180887.0,8.7991,9.0877,8.6976,9.009
2025-03-20,507.0,523.0,507.0,523.0,101097055.0,8.905,9.1861,8.905,9.1861
2025-03-21,520.0,528.0,508.5,528.0,136936950.0,9.1052,9.2453,8.9039,9.2453
2025-03-24,520.5,527.5,519.0,523.0,61450575.0,9.0819,9.204,9.0557,9.1255
2025-03-25,523.0,525.0,506.0,525.0,192873380.0,9.1442,9.1791,8.8469,9.1791
2025-03-26,525.0,549.0,520.0,548.0,274311070.0,9.1344,9.552,9.0474,9.5346
2025-03-27,548.0,548.0,530.0,535.0,124864525.0,9.4941,9.4941,9.1823,9.2689
2025-03-28,533.0,533.0,518.5,528.0,149943555.0,9.3052,9.3052,9.052,9.2179
2025-03-31,528.0,550.0,520.5,550.0,160024165.0,9.2034,9.5869,9.0727,9.5869
2025-04-02,548.0,550.0,536.0,542.0,250549860.0,9.5905,9.6255,9.3805,9.4855
2025-04-03,542.0,550.0,535.0,550.0,172910850.0,9.4979,9.6381,9.3753,9.6381
2025-04-04,545.0,545.0,540.0,545.0,71417425.0,9.5757,9.5757,9.4878,9.5757
2025-04-07,538.0,538.0,523.5,528.0,205937020.0,9.3916,9.3916,9.1385,9.2171
2025-04-08,530.0,550.0,530.0,550.0,211326745.0,9.2512,9.6003,9.2512,9.6003
2025-04-10,555.0,562.0,545.0,555.0,383475650.0,9.7317,9.8545,9.5564,9.7317
2025-04-11,555.0,555.0,546.0,549.0,106315400.0,9.7036,9.7036,9.5463,9.5987
2025-04-14,549.0,571.5,549.0,560.0,120225630.0,9.5925,9.9857,9.5925,9.7847
2025-04-15,569.5,578.0,560.0,578.0,129157900.0,9.9833,10.1324,9.8168,10.1324
2025-04-16,577.0,580.0,562.5,580.0,144611660.0,10.1907,10.2437,9.9347,10.2437
2025-04-21,580.0,584.0,567.0,568.0,92040995.0,10.2573,10.3281,10.0274,10.0451
2025-04-22,570.0,581.0,566.0,574.5,325978495.0,10.0928,10.2876,10.022,10.1725
2025-04-23,575.0,579.0,570.5,572.0,96968060.0,10.1725,10.2433,10.0929,10.1194
2025-04-24,572.5,575.0,555.0,560.0,155795150.0,10.1435,10.1878,9.8335,9.922
2025-04-25,559.5,569.0,551.0,551.5,166014875.0,9.9308,10.0994,9.7799,9.7888
2025-04-28,555.0,557.0,546.5,548.0,127726360.0,9.879,9.9146,9.7277,9.7544
2025-04-29,550.0,574.0,548.5,569.0,193303845.0,9.7656,10.1918,9.739,10.103
2025-04-30,569.0,574.0,564.5,570.0,180380270.0,10.1653,10.2546,10.0849,10.1831
2025-05-02,570.0,570.0,562.5,565.0,136093605.0,10.2008,10.2008,10.0666,10.1113
2025-05-05,565.5,568.5,557.0,557.0,47028595.0,10.1657,10.2197,10.0129,10.0129
2025-05-06,557.0,573.5,557.0,568.5,87882635.0,10.0243,10.3212,10.0243,10.2313
2025-05-07,568.0,573.0,566.0,571.5,116043120.0,10.2509,10.3411,10.2148,10.314
2025-05-08,568.0,570.5,561.0,570.0,175813480.0,10.2435,10.2885,10.1172,10.2795
2025-05-09,570.0,570.0,550.5,552.0,109764940.0,10.2883,10.2883,9.9363,9.9634
2025-05-13,554.0,575.0,554.0,575.0,147068290.0,9.9472,10.3243,9.9472,10.3243
2025-05-14,575.0,580.0,564.0,574.0,128776980.0,10.3185,10.4083,10.1211,10.3006
2025-05-15,574.0,574.0,567.0,570.0,88221185.0,10.2877,10.2877,10.1622,10.216
2025-05-16,570.0,570.5,555.0,570.0,91105625.0,10.2453,10.2543,9.9757,10.2453
2025-05-19,570.0,573.0,558.5,559.5,151662355.0,10.2162,10.2699,10.01,10.028
2025-05-20,560.0,566.0,554.0,555.0,146783270.0,10.0393,10.1468,9.9317,9.9496
2025-05-21,556.0,563.5,555.5,557.0,110230215.0,10.0171,10.1522,10.0081,10.0351
2025-05-22,557.0,557.5,554.5,554.5,62137785.0,10.0369,10.046,9.9919,9.9919
2025-05-23,556.0,560.0,548.0,556.0,93746290.0,10.0054,10.0774,9.8614,10.0054
2025-05-26,556.0,559.0,532.5,536.0,148329465.0,10.0399,10.0941,9.6156,9.6788
2025-05-27,538.0,543.0,531.0,531.0,113083460.0,9.7323,9.8227,9.6056,9.6056
2025-05-28,533.5,550.0,533.5,534.0,151347255.0,9.6169,9.9144,9.6169,9.626
2025-05-29,534.0,540.0,532.0,535.0,58672250.0,9.6346,9.7429,9.5986,9.6527
2025-05-30,539.5,550.0,529.0,550.0,352468625.0,9.7034,9.8923,9.5146,9.8923
2025-06-02,540.0,543.0,530.0,534.0,89824100.0,9.679,9.7328,9.4997,9.5714
2025-06-03,534.5,547.0,534.5,546.0,115373195.0,9.6211,9.8461,9.6211,9.8281
2025-06-04,541.0,543.5,537.0,539.0,166232675.0,9.7267,9.7717,9.6548,9.6908
2025-06-05,539.0,539.0,530.0,533.0,111336755.0,9.6908,9.6908,9.5289,9.5829
2025-06-09,534.0,539.5,533.0,537.5,56721405.0,9.6026,9.7015,9.5846,9.6655
2025-06-10,537.5,540.0,517.5,530.0,175128990.0,9.6772,9.7222,9.3171,9.5422
2025-06-11,532.0,548.0,525.5,537.0,109146915.0,9.5392,9.8261,9.4226,9.6288
2025-06-13,535.0,551.0,535.0,542.0,120166915.0,9.8719,10.1672,9.8719,10.0011
2025-06-16,542.0,549.5,536.5,548.0,96104800.0,9.5922,9.725,9.4949,9.6984
2025-06-17,548.0,549.0,540.5,543.5,71269745.0,9.7198,9.7375,9.5867,9.6399
2025-06-18,540.0,556.5,540.0,553.5,78217370.0,9.6279,9.9221,9.6279,9.8686
2025-06-19,554.0,557.5,552.0,556.0,46503430.0,9.7749,9.8366,9.7396,9.8101
2025-06-20,556.0,556.0,541.5,541.5,389253430.0,9.8197,9.8197,9.5636,9.5636
2025-06-23,547.0,547.0,533.5,546.0,62034195.0,9.5614,9.5614,9.3255,9.544
2025-06-24,546.0,551.0,533.0,540.0,241153215.0,9.5843,9.6721,9.3561,9.479
2025-06-25,537.0,545.0,537.0,545.0,31221005.0,9.5698,9.7124,9.5698,9.7124
2025-06-26,545.0,548.0,540.5,547.0,28213385.0,9.6683,9.7215,9.5884,9.7037
2025-06-27,547.0,549.5,533.5,536.0,114875835.0,9.7175,9.7619,9.4777,9.5221
2025-06-30,543.5,550.5,538.5,538.5,108029915.0,9.6111,9.7349,9.5227,9.5227
2025-07-01,540.0,545.0,530.5,535.0,72106235.0,9.735,9.8251,9.5637,9.6449
2025-07-02,535.0,537.5,531.5,535.0,63289400.0,9.6109,9.6558,9.548,9.6109
2025-07-03,535.0,540.0,530.0,530.5,111300400.0,9.5382,9.6274,9.4491,9.458
2025-07-04,530.5,537.5,530.5,535.0,76417400.0,9.4375,9.562,9.4375,9.5175
2025-07-07,537.0,540.0,535.5,540.0,32833755.0,9.5115,9.5646,9.4849,9.5646
2025-07-08,540.0,540.0,530.0,530.0,87562960.0,9.5575,9.5575,9.3805,9.3805
2025-07-09,537.0,545.0,531.0,545.0,66956315.0,9.5424,9.6846,9.4358,9.6846
2025-07-10,540.0,540.0,528.0,530.0,195835715.0,9.5584,9.5584,9.346,9.3814
2025-07-11,539.0,543.0,533.5,540.5,119911035.0,9.555,9.626,9.4575,9.5816
2025-07-14,541.0,548.5,532.5,540.0,91296700.0,9.58,9.7128,9.4295,9.5623
2025-07-15,549.0,549.0,537.0,545.0,81267510.0,9.6895,9.6895,9.4778,9.6189
2025-07-16,544.0,544.0,532.5,536.0,145339020.0,9.5884,9.5884,9.3857,9.4474
2025-07-17,534.0,543.5,533.0,536.0,80027690.0,9.5269,9.6964,9.509,9.5625
2025-07-18,542.5,544.0,537.0,544.0,55309605.0,9.4801,9.5063,9.384,9.5063
2025-07-21,544.0,544.5,538.0,540.0,46703385.0,9.5427,9.5515,9.4374,9.4725
2025-07-22,541.0,543.0,540.0,540.5,42654105.0,9.4954,9.5305,9.4778,9.4866
2025-07-23,540.5,550.0,540.5,545.0,289470605.0,9.52,9.6874,9.52,9.5993
2025-07-24,545.0,545.0,531.0,533.0,250593825.0,9.64,9.64,9.3924,9.4278
2025-07-25,533.0,538.5,533.0,533.5,109291610.0,9.3904,9.4873,9.3904,9.3992
2025-07-28,534.0,537.0,533.0,533.5,57866030.0,9.3481,9.4006,9.3306,9.3393
2025-07-29,534.5,544.0,533.0,538.5,154559760.0,9.3788,9.5455,9.3525,9.449
2025-07-30,540.0,547.0,539.0,547.0,70639160.0,9.4356,9.5579,9.4181,9.5579
2025-07-31,547.0,547.5,536.0,537.0,79739085.0,9.5521,9.5608,9.36,9.3775
2025-08-01,544.5,544.5,535.0,535.5,77493800.0,9.3605,9.3605,9.1972,9.2058
2025-08-04,535.5,540.0,533.5,540.0,53269375.0,9.2792,9.3571,9.2445,9.3571
2025-08-05,540.0,543.5,535.0,536.5,82929770.0,9.4185,9.4795,9.3313,9.3574
2025-08-06,539.5,550.5,536.5,549.5,93587715.0,9.3824,9.5737,9.3303,9.5564
2025-08-07,548.0,548.0,538.5,540.0,88476445.0,9.5639,9.5639,9.3981,9.4242
2025-08-08,538.0,547.0,537.0,545.0,125183075.0,9.4217,9.5793,9.4042,9.5443
2025-08-11,545.0,545.0,536.0,540.0,84010240.0,9.5833,9.5833,9.425,9.4953
2025-08-12,540.0,542.0,535.5,535.5,111008920.0,9.472,9.5071,9.3931,9.3931
2025-08-13,539.0,545.0,536.0,540.0,152350665.0,9.4786,9.5841,9.4258,9.4962
2025-08-14,541.0,546.0,536.5,540.0,246188970.0,9.5526,9.6409,9.4731,9.5349
2025-08-15,542.0,560.0,536.0,560.0,397416515.0,9.4978,9.8132,9.3926,9.8132
2025-08-18,556.0,556.0,542.5,546.0,120407980.0,9.7457,9.7457,9.509,9.5704
2025-08-19,546.0,546.0,530.0,531.5,313535770.0,9.5832,9.5832,9.3023,9.3287
2025-08-20,532.0,541.0,531.0,531.0,140919945.0,9.3088,9.4663,9.2913,9.2913
2025-08-22,531.5,549.0,531.5,547.0,142646915.0,9.2931,9.5991,9.2931,9.5641
2025-08-26,542.0,546.0,535.5,546.0,868618195.0,9.5633,9.6339,9.4486,9.6339
2025-08-27,545.0,546.0,539.5,545.0,158363440.0,9.5723,9.5899,9.4757,9.5723
2025-08-28,546.0,547.0,533.5,533.5,89489665.0,9.6444,9.6621,9.4236,9.4236
2025-08-29,535.0,538.5,531.5,535.0,199051610.0,9.3983,9.4598,9.3368,9.3983
2025-09-01,537.0,540.0,531.5,540.0,42248460.0,9.3986,9.4511,9.3024,9.4511
2025-09-02,540.0,544.0,535.0,544.0,46088365.0,9.651,9.7224,9.5616,9.7224
2025-09-03,533.0,539.0,527.0,535.0,276041925.0,9.3117,9.4165,9.2068,9.3466
2025-09-04,535.5,544.0,535.0,536.0,93690925.0,9.3519,9.5004,9.3432,9.3606
2025-09-05,542.0,542.0,536.0,537.5,75636230.0,9.533,9.533,9.4275,9.4539
2025-09-08,537.5,542.0,536.5,541.0,32347120.0,9.4819,9.5613,9.4643,9.5436
2025-09-09,537.0,539.5,532.0,535.0,139043490.0,9.4737,9.5178,9.3855,9.4385
2025-09-10,540.0,540.0,532.5,535.0,66361395.0,9.4685,9.4685,9.337,9.3809
2025-09-11,536.0,539.5,532.5,535.0,71860585.0,9.3931,9.4545,9.3318,9.3756
2025-09-12,535.0,538.5,533.5,536.0,76534165.0,9.3664,9.4277,9.3401,9.3839
2025-09-15,537.0,555.5,536.0,555.0,199086605.0,9.3886,9.712,9.3711,9.7033
2025-09-16,555.0,558.0,547.5,558.0,70495975.0,9.724,9.7766,9.5926,9.7766
2025-09-17,552.0,557.0,551.0,556.0,125191075.0,9.7397,9.828,9.7221,9.8103
2025-09-18,551.0,554.0,542.5,543.5,104811990.0,9.7093,9.7621,9.5595,9.5771
2025-09-19,548.0,554.0,539.0,539.0,219715150.0,9.5799,9.6848,9.4226,9.4226
2025-09-22,543.0,549.5,539.0,540.0,119595760.0,9.5046,9.6184,9.4346,9.4521
2025-09-23,539.5,540.0,533.5,535.0,252243160.0,9.4907,9.4995,9.3852,9.4116
2025-09-24,535.5,536.0,530.0,530.0,107770215.0,9.3555,9.3642,9.2594,9.2594
2025-09-25,535.5,535.5,518.5,522.0,169163855.0,9.2861,9.2861,8.9913,9.052
2025-09-26,523.5,524.0,515.5,520.0,124498990.0,9.0198,9.0284,8.882,8.9595
2025-09-29,524.5,531.0,523.0,531.0,64758125.0,9.0209,9.1327,8.9951,9.1327
2025-09-30,531.0,533.0,527.5,530.0,204657595.0,9.1448,9.1792,9.0845,9.1275
2025-10-01,532.0,548.0,531.0,548.0,170581570.0,9.1346,9.4093,9.1174,9.4093
2025-10-02,546.0,549.5,536.0,548.0,155724615.0,9.3893,9.4495,9.2174,9.4237
2025-10-03,549.0,549.5,542.5,546.0,56145870.0,9.4688,9.4774,9.3567,9.417
2025-10-06,546.0,549.0,539.0,539.0,48909210.0,9.4289,9.4807,9.308,9.308
2025-10-07,539.5,547.5,532.5,541.5,98517095.0,9.2634,9.4008,9.1432,9.2977
2025-10-08,541.5,544.0,539.0,539.0,40371295.0,9.3346,9.3777,9.2915,9.2915
2025-10-09,541.0,547.5,537.5,547.5,113163660.0,9.325,9.4371,9.2647,9.4371
2025-10-10,547.5,558.0,545.5,558.0,360863595.0,9.3694,9.5491,9.3352,9.5491
2025-10-13,555.0,555.0,545.0,546.5,126666555.0,9.5281,9.5281,9.3564,9.3821
2025-10-14,546.5,557.0,546.5,555.0,236863770.0,9.4086,9.5894,9.4086,9.555
2025-10-15,555.0,558.0,550.0,558.0,180064465.0,9.5541,9.6058,9.4681,9.6058
2025-10-16,556.0,556.0,546.5,547.0,84224260.0,9.5854,9.5854,9.4216,9.4302
2025-10-17,548.0,562.0,548.0,557.0,221470055.0,9.4403,9.6815,9.4403,9.5953
2025-10-20,559.5,575.0,558.5,570.0,220309395.0,9.6281,9.8949,9.6109,9.8088
2025-10-21,570.0,587.0,570.0,581.0,237327120.0,9.8,10.0923,9.8,9.9892
2025-10-22,581.0,585.0,575.0,575.0,113197475.0,9.9897,10.0585,9.8865,9.8865
2025-10-23,580.0,594.5,579.5,592.0,250082645.0,9.9366,10.185,9.928,10.1422
2025-10-24,595.0,595.0,577.5,579.0,327163400.0,10.1519,10.1519,9.8533,9.8789
2025-10-27,579.0,582.0,565.0,575.0,134170455.0,9.8713,9.9224,9.6326,9.8031
2025-10-28,575.0,575.0,566.0,570.0,264382540.0,9.8988,9.8988,9.7438,9.8127
2025-10-29,575.0,589.0,575.0,580.0,75861965.0,9.9352,10.1771,9.9352,10.0216
2025-10-30,580.5,589.0,580.5,585.0,109190235.0,10.201,10.3504,10.201,10.2801
2025-11-03,580.0,583.5,567.0,580.0,267609460.0,9.9149,9.9747,9.6926,9.9149
2025-11-04,580.0,586.0,556.5,560.0,122568040.0,9.9001,10.0026,9.499,9.5588
2025-11-05,562.0,572.0,555.5,566.5,82629165.0,9.5926,9.7633,9.4816,9.6694
2025-11-06,567.0,572.5,549.0,555.0,106766295.0,9.6591,9.7528,9.3525,9.4547
2025-11-07,554.0,555.0,542.0,545.0,96365115.0,9.417,9.434,9.213,9.264
2025-11-10,545.0,558.0,545.0,550.0,103390415.0,9.3205,9.5429,9.3205,9.4061
2025-11-11,550.0,569.5,549.5,557.5,84889310.0,9.3426,9.6739,9.3341,9.47
2025-11-12,560.0,569.5,558.0,561.0,71210440.0,9.5089,9.6702,9.475,9.5259
2025-11-13,560.0,595.0,560.0,591.0,262500075.0,9.4718,10.0638,9.4718,9.9961
2025-11-14,591.0,610.0,583.0,583.0,201179650.0,10.0425,10.3653,9.9065,9.9065
2025-11-17,582.5,598.0,578.5,594.0,241538975.0,9.8871,10.1502,9.8192,10.0823
2025-11-18,594.0,599.0,580.5,581.5,144679405.0,10.0832,10.1681,9.854,9.871
2025-11-19,584.0,598.0,584.0,590.0,73721605.0,9.9404,10.1787,9.9404,10.0426
2025-11-20,590.0,596.0,589.0,596.0,99140255.0,10.0229,10.1249,10.0059,10.1249
2025-11-21,596.0,596.0,586.5,594.0,158087365.0,10.1154,10.1154,9.9542,10.0815
2025-11-24,594.0,618.0,594.0,618.0,549026355.0,10.141,10.5508,10.141,10.5508
2025-11-25,614.0,614.0,588.0,588.0,269192640.0,10.425,10.425,9.9835,9.9835
2025-11-26,591.0,599.5,591.0,598.0,134608210.0,10.0562,10.2008,10.0562,10.1753
2025-11-27,595.0,598.5,588.0,588.0,88028010.0,10.1256,10.1852,10.0065,10.0065
2025-11-28,588.5,593.5,585.0,591.5,96606675.0,10.0409,10.1263,9.9812,10.0921
2025-12-01,591.5,593.0,588.5,590.5,95013630.0,10.1127,10.1383,10.0614,10.0956
2025-12-02,591.0,595.5,589.0,595.5,90956200.0,10.1096,10.1866,10.0754,10.1866
2025-12-03,595.5,595.5,590.0,590.0,131767700.0,10.1995,10.1995,10.1053,10.1053
2025-12-04,590.0,593.0,583.0,590.0,73649755.0,10.0238,10.0748,9.9049,10.0238
2025-12-05,590.0,592.0,584.5,589.0,95619180.0,9.9888,10.0227,9.8957,9.9719
2025-12-09,590.0,591.5,584.5,590.0,132547995.0,9.9819,10.0073,9.8888,9.9819
2025-12-10,590.0,607.0,590.0,592.5,191124895.0,9.9477,10.2344,9.9477,9.9899
2025-12-11,595.0,601.5,589.0,594.0,129170450.0,10.0924,10.2027,9.9907,10.0755
2025-12-12,594.0,594.0,588.5,590.5,83804830.0,10.1046,10.1046,10.0111,10.0451
2025-12-15,590.0,595.0,586.0,593.0,127930855.0,9.9865,10.0711,9.9188,10.0372
2025-12-16,590.0,595.0,583.0,585.0,317474450.0,10.0479,10.133,9.9286,9.9627
2025-12-17,585.0,597.5,585.0,597.0,178624140.0,10.0103,10.2242,10.0103,10.2156
2025-12-18,597.0,598.0,588.5,592.0,141372150.0,10.1818,10.1989,10.0368,10.0965
2025-12-19,592.0,592.0,575.0,575.0,894377040.0,10.1058,10.1058,9.8156,9.8156
2025-12-22,580.0,585.0,570.0,585.0,208639770.0,9.9152,10.0007,9.7443,10.0007
2025-12-23,589.0,589.0,572.0,580.0,78150670.0,10.0209,10.0209,9.7317,9.8678
2025-12-26,582.5,586.0,570.0,575.0,28451205.0,9.9105,9.9701,9.6978,9.7829
2025-12-29,576.0,582.0,570.0,574.0,133041300.0,9.8319,9.9343,9.7295,9.7977
