Date,Price,Open,High,Low,Vol.
2020-01-02,1.0305719766022876,1.0147928841375635,1.0305719766022876,1.0108481110213825,39031132
2020-01-03,1.0345114658560985,1.0325353216997355,1.0513086911851852,1.0206784567615566,63402692
2020-01-06,1.0339357826318072,1.012395453826978,1.0339357826318072,1.0094581362626829,46381648
2020-01-07,1.0260920367552953,1.01631973164334,1.032932650333664,1.0094791180649714,27769480
2020-01-08,1.0169657620730286,1.027753248459531,1.027753248459531,0.9914680669776584,34874381
2020-01-09,1.0268934034996653,1.0278846133486033,1.028875823197541,1.0120252557655967,52396697
2020-01-10,1.0266534735133488,1.0227048063075284,1.0266534735133488,1.0177689723002525,29554767
2020-01-14,1.030110944365043,1.030110944365043,1.0400158572916298,1.0221870140237734,99950304
2020-01-15,1.0365974439339483,1.0227497681562048,1.0365974439339483,1.0227497681562048,42035770
2020-01-16,1.0440058545227149,1.024307630852475,1.0440058545227149,1.019383074934915,50929395
2020-01-17,1.0621557796602654,1.0326514524474801,1.0621557796602654,1.0326514524474801,43906192
2020-01-20,1.037977180573898,1.0625737962273079,1.0625737962273079,1.028138534312534,25602642
2020-01-21,1.005306582669354,1.0367531228897051,1.0514936886179946,1.005306582669354,23070625
2020-01-22,1.0196078431372548,1.003921568627451,1.0205882352941176,0.9980392156862745,50026680
2020-01-23,1.039521415426625,1.019907803814802,1.039521415426625,1.0012748727835699,33842130
2020-01-24,1.0387445136831455,1.0397253866894562,1.0397253866894562,1.0063757044748889,40758292
2020-01-27,1.0408042672273286,1.0348906066180825,1.049674758141198,1.0299625561103773,31367197
2020-01-28,1.0010226641693483,1.0383889325764555,1.0383889325764555,1.0010226641693483,24455212
2020-01-29,1.0155186782356005,1.0056592735925363,1.021434321021439,0.9908701666279403,21797090
2020-01-30,1.0013771034118386,1.0121974846864263,1.0131811557113888,0.9944914062371011,22321878
2020-01-31,0.9697316623106262,1.0130056918660701,1.0130056918660701,0.9697316623106262,119092058
2020-02-03,0.9810294805464944,0.9711797869667104,1.013533469359782,0.9465555530172501,42878120
2020-02-04,0.9801415533183065,0.9791584624925108,1.0027526423116075,0.9791584624925108,52493665
2020-02-05,1.0049261083743843,0.9862068965517241,1.0098522167487685,0.9862068965517241,34372485
2020-02-06,1.0324105782142947,1.0097527124710421,1.0324105782142947,1.0077824632759766,21867038
2020-02-07,1.0292086418894277,0.9926978846987194,1.0341425279962804,0.9926978846987194,29584878
2020-02-10,1.022615566575959,1.0058997351992367,1.0285152717677435,0.9990167458088216,55558992
2020-02-11,1.0246063146006412,1.0236220626173556,1.028543322533785,1.0137795427844962,12880049
2020-02-12,1.0064723234544428,1.0302238827100048,1.0302238827100048,1.0064723234544428,18066020
2020-02-13,0.9832181342493225,1.0039486370798807,1.0039486370798807,0.9743336330362263,50481444
2020-02-14,0.9812887521659536,0.9892344100782285,1.012078176576019,0.9812887521659536,65930550
2020-02-17,1.0006526519537378,0.9828015640100634,1.0115616501415385,0.9828015640100634,77186075
2020-02-18,0.9972101785641504,1.0090817283089617,1.0090817283089617,0.9962208827520829,46053612
2020-02-19,1.0067114124281873,0.9948677487525616,1.0254638799145948,0.9948677487525616,45538208
2020-02-20,1.0085030711443685,1.002570700137637,1.0342100121735385,1.002570700137637,132977464
2020-02-21,0.9967432959134365,1.024375783324898,1.024375783324898,0.9967432959134365,60973482
2020-02-24,0.9763152714395184,0.9930633638860087,0.9930633638860087,0.9753300895309014,22760675
2020-02-26,0.8875855062688562,0.957966735840836,0.9608992870730019,0.8875855062688562,99374450
2020-02-27,0.8703305118401471,0.9133580877064016,0.9172696855124247,0.8703305118401471,63354165
2020-02-28,0.8370951788291867,0.8704612234718506,0.8704612234718506,0.8253189277788346,98343645
2020-03-02,0.8469756491012501,0.8351711104378182,0.8548453415435383,0.806643475334524,72040280
2020-03-03,0.8638924738740177,0.8569734266004271,0.8994761455667689,0.8569734266004271,49981925
2020-03-04,0.9072978167216311,0.8619329258855497,0.9072978167216311,0.8599605393274591,43659525
2020-03-05,0.9078336160472473,0.9078336160472473,0.9098093148852172,0.8870887782485615,12728170
2020-03-06,0.8908402399681205,0.90669501620782,0.90669501620782,0.8829128518482705,23069855
2020-03-09,0.8277294078972832,0.8504746604440425,0.8722309889670297,0.8178401676595618,43050875
2020-03-10,0.8018445019519568,0.818694139199402,0.818694139199402,0.7750833133824848,52423320
2020-03-11,0.778668252079061,0.8024141708209891,0.8202236098774353,0.7747105989554063,37965545
2020-03-12,0.7450593110053417,0.7885375731860247,0.7885375731860247,0.7411067417161886,84456235
2020-03-13,0.7444412060556873,0.6944852830177399,0.7542364850827359,0.6484474715906119,124520355
2020-03-16,0.690837803936603,0.6859382450434356,0.7388534810896435,0.6859382450434356,94603105
2020-03-19,0.614227038704482,0.6046297412247245,0.6756497425749303,0.5124956854190521,111375360
2020-03-20,0.590029528541105,0.6129062792438297,0.6472214052979166,0.5814507470275834,59572405
2020-03-23,0.5901058493062749,0.5910893590551187,0.6058420052877755,0.5546994983478984,36309750
2020-03-24,0.5766223629395151,0.6059421441059311,0.6137607524169754,0.5766223629395151,42691165
2020-03-25,0.5609097802791774,0.6148804807871393,0.6168080058052808,0.5609097802791774,42920220
2020-03-26,0.606066463344079,0.5982082271905091,0.6571449983422835,0.5834740344025655,53874070
2020-03-27,0.6316812345590955,0.6316812345590955,0.664723022212956,0.6073858024606688,44855015
2020-03-30,0.6891333074731654,0.6499780059121901,0.6891333074731654,0.6000549964219465,21671065
2020-03-31,0.7337485250344886,0.6811988959206127,0.7337485250344886,0.6666017767223139,79222600
2020-04-01,0.763847828694299,0.7431500165619374,0.763847828694299,0.699783172094132,53896535
2020-04-02,0.7596658067354494,0.7460656516276535,0.7596658067354494,0.7266368586165167,12616105
2020-04-03,0.7797537898724219,0.7641196286719725,0.7797537898724219,0.7426226570213542,31268375
2020-04-06,0.8842601795973587,0.7850265372203218,0.8842601795973587,0.7850265372203218,48387460
2020-04-07,0.8833302596094167,0.8932330652104191,0.9110581152922235,0.8625343678473115,101730770
2020-04-08,0.8284783527317746,0.8689641840333273,0.8689641840333273,0.8136664632312066,129646535
2020-04-13,0.8532794568691737,0.8453603899840769,0.8611985237542704,0.8196234226075125,52140560
2020-04-14,0.886738451434009,0.84921499803257,0.886738451434009,0.8462526201324563,41328530
2020-04-15,0.9602800255431975,0.8909099514585496,0.9711810371850707,0.8800089398166763,73203910
2020-04-16,0.8118001342760232,0.9446401562484633,0.9446401562484633,0.8118001342760232,173838595
2020-04-17,0.8655414035893816,0.8449098831860026,0.8832255639351353,0.8252608161351653,122061810
2020-04-20,0.8507081013019718,0.8693941752034025,0.8693941752034025,0.8477576685806933,44847030
2020-04-21,0.8623060328339709,0.8485562783240899,0.8623060328339709,0.8249852705928651,34405710
2020-04-22,0.8642923362082691,0.8564172351949819,0.8662611114615909,0.8131041796219023,34951460
2020-04-23,0.8608123621962127,0.8687278781704307,0.8687278781704307,0.8548757252155492,15898715
2020-04-24,0.8032009387426408,0.8585259726535731,0.8585259726535731,0.8032009387426408,74413635
2020-04-27,0.8367788783994105,0.8072455062206078,0.8367788783994105,0.7954321573490866,17231975
2020-04-28,0.8321131705255463,0.8321131705255463,0.8489535561195157,0.8301319486909616,37297845
2020-04-29,0.8202716033167124,0.8301543937181186,0.8449785793202279,0.8133536500357281,31025145
2020-04-30,0.8236578621113898,0.8236578621113898,0.8534286282118014,0.8236578621113898,47124850
2020-05-04,0.792128143041486,0.8109176994931568,0.8109176994931568,0.7753164346373598,31541010
2020-05-05,0.7871312695980709,0.7920817807276185,0.8079234163421708,0.7861411673721614,44010360
2020-05-06,0.7617468818559515,0.7854281320690898,0.7864148508279707,0.7499062567493823,71045635
2020-05-07,0.7597976287500652,0.7657027916678117,0.7706237607659339,0.7519240781930697,29126145
2020-05-08,0.7571414587957637,0.7640605060693543,0.7788870359413339,0.7512108468469718,26711815
2020-05-11,0.8121224027794359,0.7586411713768877,0.8121224027794359,0.7536892055062814,36860825
2020-05-12,0.8145972403342472,0.8116206365327822,0.8205504479371771,0.7967376175254574,13997240
2020-05-13,0.8141733751979299,0.8201453070453475,0.8221359509944867,0.8121827312487907,15566745
2020-05-14,0.8371566997677946,0.8242007032237693,0.8371566997677946,0.785332713591693,25921325
2020-05-15,0.7855941450454568,0.8311071559674856,0.8311071559674856,0.7836153184836294,66200935
2020-05-18,0.7540660650687728,0.7826515760321643,0.7846229905813635,0.7520946505195734,22411545
2020-05-19,0.8154362826097467,0.7564890814572348,0.8154362826097467,0.7564890814572348,33904570
2020-05-20,0.8266745361494582,0.8089178038693982,0.8276610212761282,0.7832691905759783,19434230
2020-05-21,0.8292201132223203,0.8272457796194099,0.8292201132223203,0.8015794427815762,49332530
2020-05-22,0.8172509058215978,0.8172509058215978,0.8261126626317116,0.802481311138075,9840250
2020-05-26,0.8208661540604563,0.8070866262944534,0.8208661540604563,0.7933070985284504,33776870
2020-05-27,0.8249258284741535,0.8150346314900511,0.8249258284741535,0.7982195966170766,30880850
2020-05-28,0.8144350373819275,0.8262670233971613,0.8262670233971613,0.8095050432089134,15655725
2020-05-29,0.8472400794324941,0.8018169516307521,0.8472400794324941,0.8018169516307521,160425290
2020-06-01,0.8904014463226618,0.8488493788276043,0.906230805368398,0.8478600438872458,77506700
2020-06-02,0.8944863474385844,0.8925030074220908,0.9282031277189743,0.8885363273891036,40585745
2020-06-03,0.9949414628067901,0.9180232975094781,0.9949414628067901,0.9020403021230236,90927245
2020-06-04,1.0421885864901077,0.9920833659857756,1.0421885864901077,0.9920833659857756,120206815
2020-06-05,1.0140280251045297,1.0380761205615539,1.0380761205615539,0.9909819336248813,75847070
2020-06-08,1.049647122661493,1.0214956672644413,1.064728259481342,1.0214956672644413,75909864
2020-06-09,1.0425865160692633,1.043589967961534,1.047603775530617,1.0355623528233684,41215548
2020-06-10,0.9874328720943907,1.0376073066520326,1.0426247501077968,0.973384030418251,58842135
2020-06-11,1.0027100547428027,0.9936766308262007,1.0027100547428027,0.9645689315393726,51585265
2020-06-15,0.9106997209538844,0.9743293957803567,0.9743293957803567,0.9106997209538844,147215560
2020-06-16,0.9336120121462814,0.9316213681971423,0.9405792659682687,0.9156962166040288,54154490
2020-06-17,0.9415649159621525,0.9485691183125617,0.9485691183125617,0.9375625146190616,80071075
2020-06-18,0.9371884061807374,0.9332003704097555,0.9451644777227011,0.9292123346387737,34346550
2020-06-19,0.9966115572025167,0.9188758557407204,0.9986047803169218,0.9178792441835179,143123420
2020-06-22,0.9888727008136324,0.9968635913252577,0.9968635913252577,0.9589068613950374,37460825
2020-06-23,0.9603111405290667,0.9872357519457695,0.9872357519457695,0.9533306857173289,53861665
2020-06-24,0.9341592908481716,0.9591368119938446,0.9601359128396715,0.9341592908481716,38477705
2020-06-25,0.9020155547685771,0.9219716511130147,0.9279584800163458,0.9000199451341333,41208980
2020-06-26,0.9374687629907716,0.9204602582193275,0.9374687629907716,0.8964482514831711,29430040
2020-06-29,0.905561416020705,0.9355800264965295,0.9355800264965295,0.8975564532271518,49107805
2020-06-30,0.9157693215735577,0.9067122623492039,0.9348897799360827,0.9046995825215698,55352465
2020-07-01,0.9356676020505679,0.9306371310718013,0.9356676020505679,0.9044786819822156,27810520
2020-07-02,0.9448524886317863,0.9438462559495373,0.9830893305572472,0.9106405774353211,70103605
2020-07-03,0.9789080995546324,0.9688162634767497,0.9789080995546324,0.9365223880275246,20268370
2020-07-06,0.9905593817517471,0.98853783199307,0.9905593817517471,0.9652900097682842,25291900
2020-07-07,0.9998985842177297,0.9927999127273404,0.9998985842177297,0.9836730493825536,50758220
2020-07-08,1.0017166638675015,0.9956578937231414,1.0017166638675015,0.9855599434825416,104017605
2020-07-09,0.9929364431392611,1.0020181788996811,1.0020181788996811,0.9899091978857877,43514435
2020-07-10,0.9969666175808863,0.990899883599664,0.9969666175808863,0.9888776389392565,49078695
2020-07-13,0.9882462471176197,0.997349846118703,1.0003843791190643,0.9882462471176197,36553225
2020-07-14,1.0114291212908562,0.991200538865039,1.0114291212908562,0.9891776806224573,45378415
2020-07-15,0.9754123061212864,0.9976727529414816,0.9996964299251357,0.970353113662151,65392176
2020-07-16,0.9949494949494949,0.9696969696969697,0.9949494949494949,0.9616161616161616,28284855
2020-07-17,1.0041376897493395,0.9879907520247271,1.0041376897493395,0.9879907520247271,55010025
2020-07-20,1.0036662788531445,1.0077174040957404,1.0087301854063893,0.9925256844360056,21738170
2020-07-21,1.0453808622761378,1.006888156107055,1.0453808622761378,0.9977714625406935,48835020
2020-07-22,1.0026331997352196,1.0431436320477538,1.0431436320477538,1.0026331997352196,29141614
2020-07-23,1.0010121148294886,1.0091092805712842,1.0091092805712842,0.9726720347332036,24323030
2020-07-24,1.0105093060342452,0.9781730082411493,1.0105093060342452,0.9781730082411493,36695595
2020-07-27,0.9934110337980239,1.0136847283653305,1.0136847283653305,0.9842878712427359,33602739
2020-07-28,1.007121026719334,0.9776195016942222,1.007121026719334,0.9776195016942222,20784790
2020-07-29,1.0064043634830524,0.9962386628418094,1.0064043634830524,0.988106102328815,17140820
2020-07-30,0.9799123105847405,0.9921484684692534,1.0054043061774756,0.9799123105847405,95800480
2020-08-03,0.9285845489491463,0.9733846806966928,0.9876392680709122,0.8562934272656052,63414050
2020-08-04,0.9219353784526443,0.9168530445030707,0.9432811810408532,0.9168530445030707,61209260
2020-08-05,0.9349800842979166,0.9390629667620997,0.9400836873781453,0.9268143193695505,41656340
2020-08-06,0.9628709111445725,0.9373981357174673,0.9628709111445725,0.9282279365637095,25014145
2020-08-07,0.9849184241069765,0.9664512036549707,0.9849184241069765,0.9510618532782993,18935205
2020-08-10,0.9868822718295333,0.9746608195468146,0.9868822718295333,0.9481810062675907,15332075
2020-08-11,0.9822882949755108,0.9863599563018343,0.9883957869649959,0.9751628876544449,20095370
2020-08-12,0.9886746034890643,0.9896949075174327,0.9917355155741697,0.9703091309784314,13041895
2020-08-13,1.0175725663551953,0.9920310862759987,1.0175725663551953,0.9746628798221451,21925170
2020-08-14,1.0308558646333053,1.0175214106629242,1.0339330463187777,1.0052126839210338,81223345
2020-08-17,1.0317542135333593,1.0163395589486974,1.0327818571723366,1.013256628031765,11185192
2020-08-18,1.0609643627180725,1.033206574158588,1.0609643627180725,1.0229259117291494,38575002
2020-08-19,1.0208912408079418,1.0610270859606732,1.0610270859606732,1.0208912408079418,18464134
2020-08-20,1.0226922746093214,1.0247458735543202,1.0247458735543202,1.0062634830493324,30789820
2020-08-24,0.9988912909152414,1.0225033152637004,1.0266097542808237,0.9988912909152414,39055505
2020-08-25,1.0095807181219696,1.0219429309969326,1.0219429309969326,1.0003090584657472,18445135
2020-08-26,0.9923821351214946,1.0006176715125443,1.0088532079035941,0.9923821351214946,37386145
2020-08-27,0.9677153523340358,0.9996293692727114,1.000658853690088,0.9677153523340358,19681515
2020-08-28,0.9897927839408753,0.9856686473411217,0.9897927839408753,0.9495824520932773,105571550
2020-09-01,0.9801488710042309,0.9925558187384617,0.9925558187384617,0.9739453971371155,64920675
2020-09-02,0.967874766697411,0.9761119987544102,0.9761119987544102,0.9555189186119121,41331610
2020-09-03,1.0082304843299923,0.9670782196634621,1.0082304843299923,0.9650206064301355,18435265
2020-09-04,1.0130349963137253,0.9647952345845002,1.0130349963137253,0.9647952345845002,60062250
2020-09-07,1.016984029317607,1.0077200047590458,1.016984029317607,0.9943386359522352,14574660
2020-09-08,1.0086544659235042,1.017927081034139,1.017927081034139,1.0055635942199592,23997370
2020-09-09,0.9968077375306028,1.0081350981843598,1.0091648582437922,0.9916589372334406,18621885
2020-09-10,0.9762614570285769,0.9927037552522161,1.0050354789199456,0.9680403079167574,34455080
2020-09-11,1.0064968420270821,0.9796844261534099,1.0064968420270821,0.9724656988028059,28692185
2020-09-14,0.9848360122643116,0.9848360122643116,1.0033789497337233,0.9848360122643116,16805390
2020-09-15,0.972076050199096,0.9865230403294434,0.9989061747268841,0.972076050199096,30878975
2020-09-16,0.982189442591882,0.9759730537147183,0.9852976370304639,0.9697566648375544,20670005
2020-09-17,0.9830298075330482,0.9747516617854015,0.9830298075330482,0.9644039796008431,23927185
2020-09-18,0.9926584728446487,0.9843863189042766,0.9926584728446487,0.975080145721358,40464265
2020-09-21,0.9768928988550399,0.9903032554391112,0.9903032554391112,0.9737982011817927,9450155
2020-09-22,0.9601486621306191,0.9746025129583918,0.9756349308746614,0.9601486621306191,27404290
2020-09-23,0.9636814049169765,0.9698720777537022,0.9698720777537022,0.9616178473047345,77374395
2020-09-24,0.9468916892999081,0.9643886009500151,0.9654178310470801,0.9468916892999081,18477770
2020-09-25,0.9474226804123712,0.9587628865979382,0.9628865979381444,0.9474226804123712,17242585
2020-09-28,0.9295559455996345,0.949158124252679,0.9594750603858603,0.9295559455996345,20400075
2020-09-29,0.9334876973707715,0.9572642389427846,0.9572642389427846,0.9334876973707715,27923860
2020-09-30,0.9512977031427883,0.9347533952620443,0.9512977031427883,0.9347533952620443,51540985
2020-10-01,0.9899968937971301,0.9487470232222496,0.9899968937971301,0.9353408152854135,63998200
2020-10-02,1.0068848474408987,0.9913784072852381,1.0068848474408987,0.9738044417754893,25414170
2020-10-05,0.9827579082625338,1.004413643911551,1.0054448694186469,0.9714144276844774,95035745
2020-10-06,0.9410548383854339,0.9824198862265519,0.9824198862265519,0.9338159550132382,96035180
2020-10-07,0.9160305112811779,0.9387249608849908,0.9387249608849908,0.913967379499013,107377460
2020-10-08,0.90759076764567,0.9189356522412409,0.9313118899818636,0.9003712956303067,174295240
2020-10-09,0.9027619693441995,0.9141239620933828,0.9203214126838463,0.8717747163918814,88304005
2020-10-12,0.8945005986228716,0.9038075412675026,0.9058757507440872,0.8945005986228716,39456095
2020-10-13,0.9083026873447686,0.893852417318829,0.9186243087918682,0.8876594444505692,98335725
2020-10-14,0.9207292150959496,0.9094633403839858,0.9207292150959496,0.8971732952436616,122471005
2020-10-15,0.92391445048925,0.9270079140511561,0.9270079140511561,0.9074159781590849,14417585
2020-10-16,0.8829454631774364,0.91892112232902,0.9209768742805389,0.8829454631774364,27884395
2020-10-19,0.904679631638111,0.8841187309190631,0.904679631638111,0.8841187309190631,16874395
2020-10-20,0.8945687013501268,0.9059054014824443,0.9316706290558926,0.8945687013501268,28591380
2020-10-21,0.9281603533978603,0.915784882019222,0.9312542212425198,0.9075345677667966,52351400
2020-10-22,0.9381443298969072,0.9381443298969072,0.9391752577319588,0.8948453608247422,77296435
2020-10-23,0.9682336981848478,0.9373326227108634,0.9713238057322463,0.9373326227108634,65963310
2020-10-26,0.9725058661704022,0.9704345011732342,0.9797556436604903,0.9528278986973056,40336295
2020-10-27,0.9468287116446366,0.9592325812295008,0.9592325812295008,0.9468287116446366,24527290
2020-10-28,0.9220428751935116,0.9489789591879287,0.9510509656490378,0.9220428751935116,101286430
2020-10-29,0.8699785395681049,0.9195735156955027,0.9195735156955027,0.8699785395681049,60643130
2020-10-30,0.9208921804105745,0.8878186116416202,0.9208921804105745,0.8795502194493815,66436205
2020-11-03,0.9055199703783269,0.9292950380937397,0.930328736690062,0.9013851759930378,30329690
2020-11-04,0.9128441278188306,0.9232173565440447,0.9335905852692586,0.9097321592012665,57113740
2020-11-05,0.9643301290509996,0.9135213373053016,0.9746992702235909,0.9135213373053016,109541360
2020-11-06,0.9865898060843182,0.9617177941662262,0.9865898060843182,0.9461727867174186,87889625
2020-11-09,0.997870763171027,0.9864249045736533,0.997870763171027,0.9739385133765184,72488390
2020-11-10,1.014165148380152,0.9954995321522965,1.014165148380152,0.9944625534729712,82854930
2020-11-11,1.002130429554463,1.0031646198842405,1.0083355715331284,0.9907543359269098,69927280
2020-11-13,0.9742268041237113,0.9979381443298969,1.0,0.9742268041237113,56002655
2020-11-16,0.9977159500049703,0.9821428602546326,0.9977159500049703,0.9644933585375832,83118800
2020-11-17,0.9965328997544091,0.9975709548583199,0.9975709548583199,0.9840762385074789,67969815
2020-11-18,1.0014098846946182,0.9848233855692414,1.0014098846946182,0.9848233855692414,39759620
2020-11-19,0.9906772350871007,1.0000625983668732,1.003191052793464,0.9729493266697525,43386390
2020-11-20,0.9707430067705303,0.9987153239346758,0.9987153239346758,0.9676349715300697,96420175
2020-11-23,0.974770763965773,0.9737315627248715,0.9965939900247084,0.9726923614839696,50128925
2020-11-24,0.9749014912372739,0.9914955591732274,0.9914955591732274,0.9645301987773028,51925700
2020-11-25,0.9395764149370428,0.9748754183711418,0.9811046542712768,0.9354235910036194,87999860
2020-11-26,0.9229166666666666,0.9479166666666666,0.9583333333333334,0.9166666666666666,125901030
2020-11-27,0.879465112370636,0.9232299639341035,0.9263560247600656,0.879465112370636,424376730
2020-12-01,0.9252336155390558,0.886812017587378,0.9252336155390558,0.886812017587378,81940625
2020-12-02,0.9519350539474853,0.9269662656472233,0.9519350539474853,0.9259258994680458,71972770
2020-12-03,1.0024546488273158,0.9502434692008931,1.0024546488273158,0.929358997350324,148773810
2020-12-04,0.99163249557415,0.9811942587786326,0.99163249557415,0.9697121983035636,46214850
2020-12-07,0.9326384715563784,0.9899514502553737,0.9899514502553737,0.9326384715563784,126334495
2020-12-09,0.9485797311678487,0.9537632269665801,0.9547999261263262,0.9340659429314007,135268185
2020-12-10,0.9523316062176166,0.9492227979274611,0.9585492227979274,0.9481865284974094,50149650
2020-12-11,0.9639303147196304,0.9504560199977432,0.9846599989071494,0.9504560199977432,71784840
2020-12-14,0.9871549679796556,0.977783243600102,0.9913201788150129,0.9757006381824235,48159845
2020-12-15,0.9763190817594075,0.9846281803275726,0.9846281803275726,0.9732031697963456,57533940
2020-12-16,0.9647510760301149,0.9814567223682986,0.9898095455373905,0.9647510760301149,57586205
2020-12-17,0.9650450398820056,0.9650450398820056,0.9806944189071192,0.9640017479469981,50468845
2020-12-18,0.9877313339422782,0.9773341620060437,0.9877313339422782,0.940944060229223,69746855
2020-12-21,0.9612989776844405,0.980066202845308,0.9811088264653561,0.9571284832042476,95828260
2020-12-22,0.9707225944377182,0.965531564520939,0.9707225944377182,0.9458056508371778,32997770
2020-12-23,0.9693137143627744,0.9672403160432818,0.9693137143627744,0.9527265278068339,20205525
2020-12-28,0.9748984263867542,0.9686490774996597,0.9748984263867542,0.9540672634297723,22263085
2020-12-29,0.9863276806555438,0.9769340836969196,0.9894588796417518,0.9612780887658792,51527735
2021-01-04,0.9712977999480161,0.9681779997340502,0.9848169342085344,0.9681779997340502,42691625
2021-01-05,0.9914422907802565,0.974744315356589,0.9914422907802565,0.9705698215006722,39172750
2021-01-06,0.970894001693694,0.9864865177808518,0.9864865177808518,0.9480249780991958,39001635
2021-01-07,0.9898107683295252,0.9835724651677844,0.9918902027167721,0.9752547276187967,45584970
2021-01-08,0.986193275139896,0.9872313733242537,0.9893075696929693,0.966469409637098,42576545
2021-01-11,0.9909512068041946,0.9919943133376726,1.005554698272888,0.9899081002707166,62213320
2021-01-12,0.9790035112410329,0.9894184422116822,0.9894184422116822,0.9790035112410329,12389915
2021-01-13,0.9673393029999694,0.9777408008816895,0.9787809506698614,0.9590181046945934,58512570
2021-01-14,0.9723323723229323,0.9608563464693354,0.9900680486421275,0.9608563464693354,77536870
2021-01-15,0.9655244030561124,0.9863555660130944,0.9863555660130944,0.9613581704647159,41388240
2021-01-18,0.9493510017310707,0.9806482875024246,0.9806482875024246,0.9462212731539352,38782135
2021-01-19,0.9333444049229622,0.9468711354290921,0.9572763127414997,0.9323038871917214,113511685
2021-01-20,0.9259258994680458,0.9581772510225507,0.9581772510225507,0.9259258994680458,87605070
2021-01-21,0.9238451671096906,0.9363295612598216,0.9540157863058405,0.9238451671096906,40956575
2021-01-22,0.9041534921912061,0.9322457180705646,0.9322457180705646,0.8999916809498196,66355140
2021-01-25,0.9052758405712514,0.9052758405712514,0.9063187850880386,0.9031899515376771,60303805
2021-01-26,0.9055936756460256,0.9024745240651553,0.9055936756460256,0.8983156552906615,37989890
2021-01-27,0.8950129287147685,0.9116643320396942,0.9116643320396942,0.8814836635132661,59390835
2021-01-28,0.8748051948051948,0.8924675324675325,0.9038961038961039,0.8748051948051948,56034970
2021-01-29,0.8274428536918419,0.8835759116056101,0.8918919201854276,0.8212058472569788,160619070
2021-02-01,0.8491861712107157,0.8335761312987541,0.8699995577599979,0.83253546197129,100181215
2021-02-02,0.8839433939569739,0.8631447258638686,0.8943427280035265,0.8631447258638686,39230345
2021-02-03,0.883073820176976,0.8893515961497981,0.9050460360818533,0.8631941962630393,34949530
2021-02-04,0.9073842562808229,0.88026702563335,0.9073842562808229,0.8760951439952772,36681140
2021-02-05,0.9316834949148739,0.9036082110279303,0.9316834949148739,0.884891355103301,44149975
2021-02-08,0.9184840851427623,0.9341400638667866,0.9341400638667866,0.9111779617382175,37630330
2021-02-09,0.8974065643924037,0.9150843298555218,0.9244431468654078,0.8942869587224418,51506345
2021-02-10,0.8983968581444066,0.8994378742025115,0.9285863238294447,0.8983968581444066,62312255
2021-02-11,0.8981911215643427,0.9190066747871548,0.9190066747871548,0.8981911215643427,47109015
2021-02-15,0.8803146897088117,0.8959231061930104,0.8980042283909037,0.8761524453130254,37630635
2021-02-16,0.9175268130530336,0.8820769134578027,0.9175268130530336,0.8820769134578027,75680340
2021-02-17,0.9069849192149269,0.8863011126193755,0.909053299874482,0.8863011126193755,13953930
2021-02-18,0.867804476070258,0.8884664874052641,0.9039629959065187,0.867804476070258,40536910
2021-02-19,0.8979322888875062,0.8649806452586069,0.8979322888875062,0.8649806452586069,68981050
2021-02-22,0.8900293019689591,0.8993327441498193,0.8993327441498193,0.8796921439902256,19733885
2021-02-23,0.9002158277442456,0.8848011731595838,0.9002158277442456,0.8683588749359448,29382765
2021-02-24,0.8928021074542699,0.89485688790871,0.89485688790871,0.8732816931370878,31558220
2021-02-26,0.859327230491634,0.8858307986918506,0.8858307986918506,0.859327230491634,125883890
2021-03-01,0.8636441293399105,0.8677567204320054,0.886263380346432,0.8636441293399105,36973065
2021-03-02,0.8765063673896609,0.8826862007672615,0.889896006374462,0.8672366173232604,30755165
2021-03-03,0.8829704296178675,0.8839995326826904,0.8891450480068038,0.8706211928399953,32825960
2021-03-04,0.8767236029269931,0.8828977128067607,0.8828977128067607,0.8664334197940472,23330890
2021-03-05,0.8817417905092811,0.8786479596653889,0.8910232830409578,0.8673039132377841,47390650
2021-03-08,0.8661305491408943,0.8815971660898388,0.8815971660898388,0.8496328243953535,27504735
2021-03-09,0.8431876606683805,0.8791773778920309,0.8791773778920309,0.8401028277634962,40492560
2021-03-10,0.8662829965046696,0.8466885001551592,0.8662829965046696,0.8425633430289465,36334590
2021-03-11,0.8247082781339239,0.855634838563946,0.8566657239116133,0.8247082781339239,58916120
2021-03-12,0.8162000129429339,0.844095456423262,0.8554602667300624,0.8141336837962428,63836770
2021-03-15,0.781514906687101,0.8269999012561916,0.8363036501453238,0.7773799071808202,90211670
2021-03-16,0.7342476962328714,0.786841281215844,0.787872527980216,0.7342476962328714,144436025
2021-03-17,0.7443408448317997,0.7474336738269456,0.7618668758042936,0.7433099018334176,98877020
2021-03-18,0.7628975824052195,0.7475372283970607,0.7639216060057633,0.7465132047965168,74845920
2021-03-19,0.7425334823173653,0.7682801356570798,0.7682801356570798,0.7425334823173653,101194165
2021-03-22,0.7636565622129938,0.7430171956666967,0.7636565622129938,0.7368253857028076,36469940
2021-03-23,0.732604515158644,0.744934464922885,0.764456885382933,0.732604515158644,103581715
2021-03-24,0.7178015013290809,0.733182962071847,0.748564422814613,0.7116489170319746,96610840
2021-03-25,0.7192546987409878,0.7284890671984328,0.740801558475026,0.7192546987409878,96475675
2021-03-26,0.7311806001848032,0.7352941338004703,0.7414644342239707,0.7280954499730531,47928860
2021-03-29,0.7505988053667909,0.7227223710546817,0.7516312658968689,0.7227223710546817,43983980
2021-03-30,0.7277000313690815,0.750376236312594,0.750376236312594,0.7235770850157156,83532220
2021-03-31,0.7093219222347014,0.7401620058101231,0.7401620058101231,0.7093219222347014,105888205
2021-04-05,0.7312501154105611,0.7250705369704719,0.7322800451505759,0.7106515206102636,51375085
2021-04-06,0.7404065061959394,0.7301515684369928,0.7434829875236233,0.7291260746610981,56758345
2021-04-07,0.743208587718169,0.7452588183049778,0.7462839335983821,0.7298820889039123,46073640
2021-04-08,0.7266103348730739,0.7419612574408149,0.7440080471165137,0.7266103348730739,35113285
2021-04-12,0.7212479587003034,0.7459764601414568,0.7480371685948861,0.7212479587003034,66854125
2021-04-13,0.7255139165737352,0.7193654935519239,0.735761288276754,0.7111675961895089,41917995
2021-04-14,0.7348111474346004,0.7276272395686199,0.7348111474346004,0.7153119689412243,35142465
2021-04-15,0.7389416951369392,0.7399751800252425,0.7399751800252425,0.7275733613656017,55689960
2021-04-16,0.7209062935120052,0.731204954847891,0.7384140177830111,0.7209062935120052,30717905
2021-04-19,0.7179062926918971,0.7385952348444013,0.7385952348444013,0.7168718455842717,23911435
2021-04-20,0.728736601997676,0.71841455381074,0.7297688068163697,0.7173823489920466,10226735
2021-04-21,0.71090049181534,0.7315063031723064,0.7345971748758513,0.71090049181534,55945355
2021-04-22,0.7204377301808988,0.7152621717744269,0.7245781769060765,0.7038759432801887,37115205
2021-04-23,0.7180143330363714,0.7118245543032993,0.7180143330363714,0.7118245543032993,36757850
2021-04-26,0.7057726345496217,0.7213182872930055,0.7275365483903591,0.7057726345496217,34609455
2021-04-27,0.7021456697084931,0.7052433711925011,0.7196993114512055,0.7021456697084931,54170915
2021-04-28,0.7279653830373081,0.7166391889589341,0.7289950370444329,0.7166391889589341,125619540
2021-04-29,0.7465453094785844,0.7341886974596286,0.7568424861610477,0.7341886974596286,95025625
2021-04-30,0.7326385029098924,0.7512124367864812,0.7543080924325792,0.7326385029098924,55745925
2021-05-03,0.7418859509372678,0.7564123891374381,0.7564123891374381,0.7418859509372678,24288895
2021-05-04,0.746129704856084,0.7471732429048337,0.7565650853435817,0.7429990907098347,25313975
2021-05-05,0.7330190606531063,0.7402869550221881,0.7517079318878882,0.7330190606531063,25013145
2021-05-06,0.7244258641881808,0.7411273250340177,0.7473903728512066,0.7244258641881808,39614845
2021-05-07,0.7174139614735471,0.7309697485362739,0.7361835127911689,0.7174139614735471,52966830
2021-05-10,0.7303547161545105,0.7324474230775894,0.7376791903852864,0.7293083626929712,23415625
2021-05-11,0.7496298653159016,0.7277352517253118,0.7527576672574143,0.7204370471951153,58068835
2021-05-12,0.7291058832747495,0.7478543202732431,0.7478543202732431,0.7249395639417509,18977350
2021-05-14,0.7497382198952879,0.7382198952879581,0.7497382198952879,0.7120418848167539,52306030
2021-05-17,0.7269451367366031,0.7426572074153481,0.7426572074153481,0.722755251222271,31468785
2021-05-18,0.7264957080084307,0.7244110718305011,0.7348342527201487,0.721284117563607,21145485
2021-05-19,0.7303534776017286,0.7272233912691498,0.7334835639343075,0.7230499428257113,11819610
2021-05-20,0.7194244329620377,0.7298508740194586,0.7329788063366848,0.7194244329620377,38802090
2021-05-21,0.7252123491201525,0.7272992911320091,0.7304297041497939,0.7199949940905112,13756045
2021-05-24,0.7280996594762039,0.7218409231483283,0.7291427821975166,0.7134959413778273,24696485
2021-05-25,0.727121662417151,0.725044171953102,0.727121662417151,0.7188117005609551,32374735
2021-05-26,0.74747892894376,0.7298055745737406,0.7589146288302431,0.7277263564125619,57263960
2021-05-27,0.8291014796471328,0.7461913316824195,0.8291014796471328,0.7451549548328606,226885005
2021-05-28,0.8315144035056041,0.8086477574092,0.8502234775844801,0.80345079238729,127719960
2021-05-31,0.8450792428289174,0.8356545672583348,0.8450792428289174,0.8168052161171693,46081370
2021-06-01,0.819021266219182,0.8411001450261175,0.8411001450261175,0.8148157654940513,28435060
2021-06-02,0.8321804161607032,0.8175072098304137,0.8405651054922971,0.8164591236639644,32194290
2021-06-03,0.8110936423311214,0.8309785187237553,0.8372579533740607,0.8110936423311214,41423090
2021-06-04,0.8102526307169471,0.8259755148835114,0.8259755148835114,0.8102526307169471,23515900
2021-06-07,0.8227861116936085,0.8112419187999481,0.8280334720998178,0.8112419187999481,16551140
2021-06-08,0.834714041311793,0.8242276840088811,0.8410058556935404,0.8242276840088811,60332285
2021-06-09,0.8436926984794731,0.8363379676085436,0.8668075669309655,0.8300339125763185,118302095
2021-06-10,0.855389889358923,0.8564368782075875,0.8585308559049166,0.8480609674182713,37227070
2021-06-11,0.8591605252021339,0.8570650117260311,0.8591605252021339,0.853921741511877,34026030
2021-06-14,0.8843722848906794,0.8634403964909,0.8875120681506463,0.8603006132309331,22241590
2021-06-15,0.911841433399683,0.8774126378594203,0.911841433399683,0.8763693410248669,76770435
2021-06-16,0.8924856306035408,0.9049679471154785,0.9060081401581399,0.8862444723475721,33181165
2021-06-17,0.8848914550958672,0.8921531669196316,0.8931905543230265,0.8838540676924723,40324650
2021-06-18,0.8761983107745436,0.878259953858719,0.8792907754008067,0.8710442030641051,71713575
2021-06-21,0.8698161639190771,0.8729079275349032,0.8729079275349032,0.8667244003032509,64910020
2021-06-22,0.8746655663004039,0.8684914564206364,0.8839267311200553,0.8684914564206364,51686790
2021-06-23,0.8669276460753954,0.8659029089050936,0.8761502806081125,0.8659029089050936,68321060
2021-06-24,0.8696546161758851,0.8686266556366702,0.8768503399503901,0.8645148134798101,29185200
2021-06-25,0.8827393334413506,0.8642633939042061,0.8827393334413506,0.8642633939042061,15735340
2021-06-28,0.8863332903537805,0.8739370205586228,0.8863332903537805,0.8739370205586228,24189115
2021-06-29,0.8689936030916939,0.8802925742902858,0.8802925742902858,0.8689936030916939,26937365
2021-06-30,0.8660187536283749,0.8711552824162063,0.8824556457494355,0.8660187536283749,34786180
2021-07-01,0.8687297990917306,0.8748620094382604,0.8758840444960154,0.8625975887452008,11966240
2021-07-02,0.8669020897013212,0.8719955214857003,0.8719955214857003,0.862827344273818,15309070
2021-07-05,0.8594416937944628,0.8645211364291818,0.8696005790639009,0.8574099167405753,26152015
2021-07-06,0.8526298577289193,0.8617543151838067,0.8627681437899053,0.8526298577289193,37881765
2021-07-07,0.8385093193337281,0.8475255485738756,0.8475255485738756,0.831496696591391,20025080
2021-07-08,0.8424499081089887,0.8354627643213548,0.8424499081089887,0.8354627643213548,10778740
2021-07-09,0.8306645468474,0.840672553435923,0.840672553435923,0.8086469323526496,68028580
2021-07-12,0.8345159919303394,0.8295188901822536,0.8375142529791909,0.8115293238891446,8108240
2021-07-13,0.8261600895629173,0.8182447833156079,0.8271495028438309,0.8182447833156079,21566960
2021-07-14,0.8225616981264532,0.8325200721957807,0.8325200721957807,0.8175825110917894,65081835
2021-07-15,0.7970032720750675,0.8229058784175071,0.8229058784175071,0.7970032720750675,79980095
2021-07-16,0.807670859054347,0.7957348365067458,0.8146335388737811,0.7957348365067458,19878450
2021-07-19,0.7853870187719174,0.795303521534189,0.795303521534189,0.7754705160096457,30122405
2021-07-21,0.7459903141929971,0.7783819988882192,0.7783819988882192,0.7459903141929971,34425180
2021-07-22,0.7752400384662107,0.7573498837323751,0.789154603259194,0.7553620887619489,37137450
2021-07-23,0.7910415004430225,0.7890489525829644,0.7910415004430225,0.7621495564721815,33409290
2021-07-26,0.7771401536429737,0.7900924895370233,0.7900924895370233,0.7701658189307932,29339460
2021-07-27,0.7942661683043089,0.7753787375185993,0.7972483942178419,0.7694142856915331,42513895
2021-07-28,0.7926442502306514,0.7926442502306514,0.7926442502306514,0.7738189492876735,52777660
2021-07-29,0.7865392082809465,0.7925129237868777,0.8004778777947861,0.7865392082809465,28378640
2021-07-30,0.7481842443707694,0.7939508337870663,0.7939508337870663,0.7481842443707694,50810265
2021-08-02,0.7707707589979695,0.7537537422408714,0.7707707589979695,0.7527527412551599,43414220
2021-08-03,0.7905533849568923,0.7705393752111482,0.7905533849568923,0.7665365732619994,448169910
2021-08-04,0.8017741439209717,0.7937463677615626,0.8027776159408978,0.7937463677615626,19815535
2021-08-05,0.804798650613315,0.80379390822803,0.8108271049250253,0.7937464843751797,25207295
2021-08-06,0.8069651741293532,0.8,0.8069651741293532,0.7970149253731342,23937840
2021-08-09,0.7882394922737456,0.7980924859271674,0.8079454795805893,0.7882394922737456,17593985
2021-08-10,0.7978881857500087,0.7978881857500087,0.811781761123765,0.7939185927860782,12311140
2021-08-11,0.7913426968891129,0.7952994103735584,0.8081587291980065,0.7883751617757787,45091045
2021-08-12,0.7793729265191488,0.7932725710685349,0.7932725710685349,0.7793729265191488,11371190
2021-08-13,0.7314131828940919,0.7768794077766975,0.788740162093899,0.7314131828940919,41385370
2021-08-16,0.7716354742845688,0.7498713968047476,0.7716354742845688,0.7498713968047476,79491425
2021-08-17,0.7802814340559575,0.7674899351370075,0.7822493569665653,0.7674899351370075,16656175
2021-08-18,0.7853092744463519,0.7853092744463519,0.7862970848544605,0.7783946015895915,34842185
2021-08-19,0.8179027799507756,0.7921576561266593,0.8179027799507756,0.7792850942146011,52427360
2021-08-20,0.8015708965142252,0.8184356307230641,0.8184356307230641,0.7956186373816938,17529700
2021-08-23,0.7870490225535599,0.8059541191762118,0.8119241496886281,0.7870490225535599,12376495
2021-08-24,0.8036602274142339,0.7957031954596376,0.8076387433915322,0.7907300504880149,16313160
2021-08-25,0.8318827668975843,0.8138419358082392,0.8318827668975843,0.8028169834758614,18773845
2021-08-26,0.843034930896705,0.8350060267929269,0.843034930896705,0.8289843487150932,47422230
2021-08-27,0.8079722803581282,0.8220065383296093,0.8380456902970164,0.8079722803581282,19549760
2021-08-31,0.8630713528095496,0.8199679054566918,0.8630713528095496,0.8079390364279873,160286025
2021-09-01,0.881558826726126,0.8644313980925897,0.888611297339935,0.8573789274787808,63945380
2021-09-02,0.8796481326935034,0.8786485325427154,0.8876449338998079,0.8776489323919272,62670455
2021-09-03,0.9014253917301869,0.883356731316887,0.9014253917301869,0.883356731316887,45238950
2021-09-06,0.90063915611795,0.8996373328074739,0.90063915611795,0.8826063365293814,26082865
2021-09-07,0.8900533738671768,0.8970537936616377,0.8970537936616377,0.8840530140433532,22031025
2021-09-08,0.8902180175656422,0.8902180175656422,0.8932187524563129,0.8762145880758455,64802435
2021-09-09,0.8912762467719456,0.8823236951860668,0.8912762467719456,0.8753605995081609,19822785
2021-09-10,0.9236282880342557,0.8854784239632756,0.9236282880342557,0.8854784239632756,97591285
2021-09-13,0.9183408117763492,0.9213451982925205,0.9213451982925205,0.8913013331308078,34818615
2021-09-14,0.9031741015255657,0.9181936264955031,0.9211975314894905,0.9031741015255657,46379985
2021-09-15,0.8957165896727989,0.9047237956024695,0.920736606144106,0.8847077824254237,77648725
2021-09-16,0.9474192246651321,0.9001488387211181,0.9514422362348354,0.9001488387211181,87203930
2021-09-17,0.9992006212071245,0.9462429882831469,0.9992006212071245,0.9202637721317616,182062360
2021-09-20,1.0103937883947802,0.9894063803272328,1.0103937883947802,0.9574255680338273,221719099
2021-09-21,1.081081117274534,0.9773611576836193,1.081081117274534,0.96838539194979,380240796
2021-09-22,1.0743373960286644,1.0753330748016288,1.0753330748016288,1.031523208791192,93102176
2021-09-23,1.0555059176481434,1.041604616757199,1.0654354182845325,1.041604616757199,53343212
2021-09-24,1.0363195286515252,1.064220439038297,1.0662133612087807,1.0363195286515252,56810650
2021-09-27,1.0452756062496458,1.0265748185672132,1.063976393932078,1.0265748185672132,51808152
2021-09-28,0.932092463682585,1.0606231086746045,1.0606231086746045,0.932092463682585,188684340
2021-09-29,0.978314071546316,0.9489058329226793,0.978314071546316,0.9018526511248605,75047970
2021-09-30,0.9512624751389482,0.9532198053347074,1.0001957300329272,0.9512624751389482,226830395
2021-10-01,0.9588103011233445,0.9783778582891272,0.9783778582891272,0.9490265225404533,74229755
2021-10-04,0.9677483175228283,0.9677483175228283,1.0072482488502905,0.963798324390082,100308410
2021-10-05,0.9843949416118067,0.9745804357133839,0.9853763922016491,0.9608401274555921,91026345
2021-10-06,0.9701049619538501,0.9918828284466916,0.9968323435587011,0.9701049619538501,38500558
2021-10-07,0.9172602049908639,0.9614064180652905,0.9780838763378517,0.9172602049908639,45318135
2021-10-08,0.9220684461256385,0.9329279246131995,0.9566213322224237,0.9220684461256385,98666200
2021-10-11,0.9441796658758888,0.9244062697318911,0.9481343451046883,0.9244062697318911,32182020
2021-10-12,0.9205882352941177,0.9362745098039216,0.9490196078431372,0.9205882352941177,73511220
2021-10-13,0.9220206259321594,0.9210397529258486,0.944580705077308,0.9210397529258486,238791510
2021-10-14,0.9392977612244686,0.9492164281856563,0.9541757616662501,0.9363221611361124,222556115
2021-10-15,0.9536462889276696,0.9319948767951528,0.9565987542184673,0.9319948767951528,29043400
2021-10-18,0.9565320560898344,0.9565320560898344,0.9654070957855133,0.9466709008724135,54612765
2021-10-19,0.9768763706148548,0.9523809751631283,0.9768763706148548,0.9523809751631283,46806085
2021-10-20,0.9721703984525741,0.9800263208643121,0.98788224327605,0.9682424372467051,95766400
2021-10-21,1.0255402443054966,0.9744596957385562,1.0265225625471686,0.9744596957385562,140907175
2021-10-22,1.0070671649587022,1.0208088221803608,1.0208088221803608,0.9864546791262141,43678551
2021-10-25,0.9971818767035537,1.0129475980743607,1.0129475980743607,0.9774747249900447,36928680
2021-10-26,0.9711033084405298,0.9967104950728359,0.9967104950728359,0.9711033084405298,52624763
2021-10-27,0.9569236792679983,0.9697088877268718,0.9697088877268718,0.9490558586779223,61569000
2021-10-28,0.9520423790968929,0.960930741557341,0.9757446789914214,0.9490795916100768,70139310
2021-10-29,0.9548234624432922,0.9518642988200176,0.9765239956806397,0.9429868079501935,98780325
2021-11-02,0.9857981521538784,0.9798476602897704,1.0006743818141484,0.9610044360534288,87904245
2021-11-03,1.001531660971267,0.9945696732584578,1.0065045093375593,0.9945696732584578,66922595
2021-11-04,1.0062148292033977,0.9983229481900378,1.0160796804700978,0.9963499779366978,71415274
2021-11-05,1.0196192878492392,1.0235828224958834,1.0235828224958834,1.003765149262662,725809415
2021-11-08,1.0222937709573194,1.0222937709573194,1.0252742192691484,1.0183198398748807,73386435
2021-11-09,1.018719736748545,1.0266940595410972,1.0356651726827184,1.018719736748545,49666253
2021-11-10,1.0350318125544082,1.0320461438643476,1.0350318125544082,1.010151240137235,60983373
2021-11-11,1.026,1.035,1.035,1.013,58763628
2021-11-12,1.0194513715710722,1.0234413965087281,1.0234413965087281,1.001496259351621,37284934
2021-11-15,1.0238907567536644,1.0258983856884756,1.0258983856884756,1.0048182818729587,54703770
2021-11-16,1.0155316360083106,1.008562301251391,1.0155316360083106,0.9826762007256888,72471479
2021-11-17,1.0099409657896494,1.0099409657896494,1.0099409657896494,0.9911283399563128,66423888
2021-11-18,1.018178224538989,1.0132115014924572,1.0201649137576017,1.0052647446180065,125712510
2021-11-19,1.0094386334795715,1.0193740531004334,1.0233482209487783,0.9716840389202963,71819229
2021-11-22,1.010425202908494,1.00844008463166,1.010425202908494,0.9826335470328182,83456171
2021-11-23,1.0164439522980047,0.9887587084610941,1.0283090567995379,0.9887587084610941,48969328
2021-11-24,1.0307407752154394,1.018847612424492,1.0307407752154394,1.0109188372305271,39723782
2021-11-25,1.0313940297343192,1.0244318713851,1.0343778118839844,1.0184643070857693,25604391
2021-11-26,1.0359655105981078,1.0299887864985036,1.0359655105981078,1.0030935280502833,45017300
2021-11-29,0.9748833190447874,0.9977166350712947,1.0215427039685196,0.9748833190447874,277378410
2021-12-01,0.9627409543581159,0.9806062504183696,0.9895388984484964,0.9488457240890296,138777265
2021-12-02,0.9973232602435793,0.9636165098973749,1.0587885108748933,0.9586596348464625,145971685
2021-12-03,1.0217253361855436,1.0127889629827544,1.022718266541409,0.9988879380006382,165882692
2021-12-06,1.0570680715974416,1.0213026105283551,1.0580615566271383,1.0044133650235088,134229952
2021-12-07,1.060140688362932,1.0541959742225793,1.060140688362932,1.0373526174915795,51103605
2021-12-09,1.1013916668050727,1.0367793397813094,1.1143141322098253,1.0367793397813094,145787582
2021-12-10,1.1477847229710794,1.0982257971087703,1.1606700436952797,1.0883140119363084,184675730
2021-12-13,1.192423892984439,1.1740474973733774,1.1944657147190014,1.1536292800277534,85256137
2021-12-14,1.1576276134830428,1.156636493950951,1.159609852547226,1.1437519400337597,157329791
2021-12-15,1.141665801325362,1.1535788357739745,1.1585426001275632,1.0940136635309121,161752695
2021-12-16,1.1214022098725471,1.1064634592969802,1.155263377843832,1.1064634592969802,103407934
2021-12-17,1.1122224071448614,1.1262252072348147,1.1552310074211465,1.1122224071448614,127361362
2021-12-20,1.1309763234348398,1.1169144508521687,1.1329851623752216,1.1098835145608332,69834408
2021-12-21,1.131128296947566,1.131128296947566,1.1401773233231467,1.1220792705719855,33776006
2021-12-22,1.1484210952794423,1.1183051574661702,1.1524365536545451,1.1183051574661702,4945253
2021-12-23,1.156604933021621,1.1396692880075234,1.160589790671997,1.1366806447697413,74849361
2021-12-24,1.1282624833506445,1.1602132793393354,1.1612117417139818,1.1282624833506445,14997162
2021-12-27,1.1627419426502514,1.1336733940839951,1.1657490338812435,1.1326710303403311,26184595
2021-12-28,1.1762948028398064,1.1563744844174557,1.192231057577687,1.1374501819162228,65712828
2021-12-29,1.1513775438441587,1.17408910774503,1.17408910774503,1.1385405729436664,93379481
2021-12-31,1.0627500605318403,1.1300868412266951,1.1300868412266951,1.0627500605318403,99646326
2022-01-03,1.0959723309605873,1.070416025485273,1.109733418524218,1.029132762794381,134805806
2022-01-05,1.0741638231794093,1.0809500567193515,1.090644676062126,1.027629650334092,66458171
2022-01-06,1.114167826292672,1.0876400209047512,1.114167826292672,1.051287102410193,74834596
2022-01-07,1.0994764462969475,1.0936591106022546,1.100446002246063,1.063602876179675,63983320
2022-01-10,1.1425432062727798,1.105434965385288,1.151332000167186,1.071256322462598,158965097
2022-01-11,1.1343804604651047,1.1343804604651047,1.1586193591929914,1.1256544569230653,170366454
2022-01-12,1.16987773171541,1.1502159210983445,1.16987773171541,1.1413681063206649,63825634
2022-01-13,1.1764705882352942,1.1666666666666667,1.1784313725490196,1.1568627450980393,141647266
2022-01-14,1.1708459605931976,1.1708459605931976,1.2537808828018824,1.1679188456917147,138977850
2022-01-17,1.1740104837012604,1.1818241974030992,1.1964749105940466,1.1720570552758007,27478004
2022-01-18,1.1810947100026736,1.1743012318021653,1.1975931570610512,1.1684782504874438,40074504
2022-01-19,1.2036321874083589,1.1649923098029542,1.2036321874083589,1.1591963281621436,62641042
2022-01-20,1.175222144561088,1.2131953538716782,1.2248794182749367,1.175222144561088,73049397
2022-01-21,1.221381429604034,1.1777260171082582,1.221381429604034,1.1777260171082582,51657232
2022-01-24,1.2412040693782782,1.2304534829505924,1.2412040693782782,1.2089523100952206,37503606
2022-01-25,1.243761732728971,1.2330814992707209,1.243761732728971,1.203953589839129,69735090
2022-01-26,1.2248283715225012,1.2346269984946812,1.244425625466861,1.2120901564586672,112189169
2022-01-27,1.2244897777607082,1.2147716049213375,1.2312924987482678,1.2050534320819668,42436145
2022-01-28,1.2172557895431309,1.2260200312278415,1.2279676404911104,1.2104391571216893,45266738
2022-01-31,1.2359013752757193,1.2378631234904427,1.2780789618922717,1.228054382416826,152550648
2022-02-02,1.2222069877357078,1.2319846436375936,1.239806768359102,1.2134070974240108,48276648
2022-02-03,1.1741683325173913,1.223092013038949,1.2328767491432608,1.1741683325173913,60511308
2022-02-04,1.2143291020529596,1.182012279175744,1.2143291020529596,1.182012279175744,32915596
2022-02-07,1.1944420458840455,1.2140230630296855,1.2140230630296855,1.1856305881685074,46891642
2022-02-08,1.180340550305508,1.1851780115772519,1.197755410883786,1.1745355967794153,50091668
2022-02-09,1.1702642808739767,1.1770400045845786,1.1963992151862988,1.1702642808739767,33976894
2022-02-10,1.157655130492158,1.1761386998025372,1.1868397136138091,1.1488997555556628,47674308
2022-02-11,1.118677009592108,1.1828793423165245,1.1828793423165245,1.1001945198684122,247156450
2022-02-14,1.135223365633916,1.1225119928921063,1.1538015257950223,1.1225119928921063,57395711
2022-02-15,1.1836734518353513,1.1311953185027495,1.1836734518353513,1.1311953185027495,71244982
2022-02-16,1.228309590084792,1.186391088200946,1.228309590084792,1.1600701684134147,79008396
2022-02-17,1.2223368694727095,1.2067656991609552,1.2242832657616787,1.2018997084385319,58177734
2022-02-18,1.190198408777098,1.205756557911439,1.2096460951950245,1.1765850282845494,62678714
2022-02-21,1.1899669383015927,1.1899669383015927,1.1948279143567462,1.1598288867596405,38951838
2022-02-22,1.222588812195187,1.1682515316531787,1.222588812195187,1.1682515316531787,60647538
2022-02-23,1.2026387754129415,1.2259909846442607,1.230856028234119,1.1880436446433669,27437674
2022-02-24,1.1727308539243289,1.2089202130529362,1.22652584722361,1.1727308539243289,31212702
2022-02-28,1.1695107530329405,1.167558314380131,1.1812253849497982,1.1607247790952975,86459028
2022-03-01,1.209048390715467,1.179797219972351,1.209048390715467,1.1573713224026285,44612546
2022-03-02,1.1858476210830848,1.2052877460188731,1.2052877460188731,1.1761275586151907,32122358
2022-03-03,1.2093726350828828,1.1822392746803823,1.2093726350828828,1.1822392746803823,19880480
2022-03-04,1.1934795547619683,1.2012420234108265,1.2022123319919338,1.1857170861131099,16650646
2022-03-07,1.1918997457800324,1.1861138246840128,1.1918997457800324,1.1562198990212451,42031564
2022-03-08,1.115333437368333,1.1514345196681597,1.171385117781222,1.115333437368333,70026700
2022-03-09,1.0978461170736327,1.1159059233285238,1.142520374651521,1.0978461170736327,90599878
2022-03-10,1.139325405371895,1.1211191962027898,1.139325405371895,1.1153698669914935,54978226
2022-03-11,1.1617498625983924,1.1198506872259915,1.1617498625983924,1.1122326553401003,35410414
2022-03-14,1.1462631432655481,1.1653675289866405,1.1653675289866405,1.0889499861022707,115759116
2022-03-15,1.1377017713961037,1.1377017713961037,1.1377017713961037,1.0702753725904917,75968400
2022-03-16,1.1234457779376446,1.1405830864146596,1.1405830864146596,1.1224937052444772,88393238
2022-03-17,1.1202097291679438,1.128819368418594,1.147951900086706,1.1202097291679438,55824895
2022-03-18,1.0857088100823025,1.1182322458028295,1.1287545338300589,1.0857088100823025,120189900
2022-03-21,1.094362608967755,1.0848464123680353,1.1000723269275867,1.0800883140681754,77680670
2022-03-22,1.0828884411421147,1.0914375604142894,1.1778786552773879,1.0258943126609508,209172718
2022-03-23,1.0914285714285714,1.0857142857142856,1.1123809523809522,1.0857142857142856,88002994
2022-03-24,1.1041940245633182,1.1032421331628326,1.107049698764775,1.0851561965536058,43692263
2022-03-25,1.1248497017181533,1.1067223528355028,1.1248497017181533,1.1067223528355028,36120714
2022-03-28,1.1332693819898016,1.1303930637614013,1.1332693819898016,1.1112176089053978,44696681
2022-03-29,1.1320030930374088,1.1108979506248469,1.1320030930374088,1.1108979506248469,46246066
2022-03-30,1.125883792308029,1.133569005907401,1.133569005907401,1.10763141000952,55956622
2022-03-31,1.1418153771462523,1.1264632376215968,1.1418153771462523,1.1111110980969412,56985058
2022-04-01,1.1494807605419246,1.1485156213643077,1.1494807605419246,1.1301779769895834,29024510
2022-04-04,1.1631964473663192,1.155441804383877,1.1631964473663192,1.1544724740110717,64066282
2022-04-05,1.16692922989811,1.1591497016987893,1.16692922989811,1.1591497016987893,136877412
2022-04-06,1.1266783554712958,1.1675423372759544,1.1675423372759544,1.1266783554712958,30255094
2022-04-07,1.0979188435568596,1.1367832273995804,1.1445561041681245,1.0882027475961795,93896417
2022-04-08,1.0957257176101576,1.0957257176101576,1.1063920741532653,1.0899077049502808,32761794
2022-04-11,1.081604959002911,1.1048652807018984,1.1048652807018984,1.081604959002911,38712172
2022-04-12,1.0623026344083,1.0871853988178637,1.0871853988178637,1.0527323404046216,33886785
2022-04-13,1.1041946180984556,1.0630147667730145,1.1041946180984556,1.0620570958119577,65361294
2022-04-18,1.0877481989828304,1.104998831213395,1.104998831213395,1.0752894090385337,24180466
2022-04-19,1.0492178924298996,1.0826020980981237,1.0911866081270958,1.0492178924298996,63327130
2022-04-20,1.0687776826623931,1.0507432457435786,1.0744727680051769,1.0507432457435786,56922668
2022-04-21,1.0701318180877148,1.0758646671131846,1.0815975161386546,1.0653544438998233,98648065
2022-04-22,1.0825066521314424,1.066321416347595,1.0825066521314424,1.0577527621090874,48139510
2022-04-25,1.0856706766964357,1.0837626438727161,1.0856706766964357,1.0589582171643617,40087806
2022-04-26,1.0678392102467058,1.0716461236522197,1.079259950463248,1.059273655084299,35944278
2022-04-27,1.0392830173004963,1.0640732544104163,1.0774218436234504,1.0144927801905763,62201110
2022-04-28,1.0421052631578949,1.0334928229665072,1.0421052631578949,1.0200956937799042,56193673
2022-04-29,0.9627092594733643,1.0359588770419899,1.0359588770419899,0.9627092594733643,72591954
2022-05-02,0.9688514853044133,0.9745843343298831,0.986050032380823,0.9583412620910517,47469520
2022-05-04,0.9787758111038846,0.9607731582375015,0.9787758111038846,0.9512980777815103,49401188
2022-05-05,0.98418445980419,0.9899009232686868,0.9918064110901856,0.9527439107494579,98806604
2022-05-06,0.9635565759783833,0.9654646088021028,0.9854989534511582,0.9635565759783833,88785208
2022-05-10,0.9666163628351215,0.9392681925695424,0.9666163628351215,0.9317238697376586,56745233
2022-05-11,0.9526075205150697,0.9545108322443706,0.9744956054020295,0.9526075205150697,145198987
2022-05-12,0.9551645726288567,0.9551645726288567,0.9704472057909184,0.953254243483599,123121862
2022-05-13,0.8925180428444255,0.9475883050624857,0.9475883050624857,0.8925180428444255,274490784
2022-05-16,0.9041556895859871,0.9022441553585326,0.9175364291781688,0.8573231010133515,353306855
2022-05-17,0.9153318317508959,0.8867277120086804,0.9191457143831914,0.8695652401633511,166975655
2022-05-18,0.9165396421409785,0.9146341543194796,0.9260670812484731,0.907012203033484,81160405
2022-05-19,0.9148204629800974,0.9071810436650235,0.9195951000520186,0.9043162614218708,103693265
2022-05-20,0.9207749667467146,0.9198158261563535,0.9294072320599651,0.9111835608431029,54974575
2022-05-23,0.922523330777936,0.9282651772350601,0.9359209725112254,0.9177384587303327,51675865
2022-05-24,0.8955509061781853,0.9213290239466405,0.9213290239466405,0.89459616107565,49811915
2022-05-25,0.8973013973060752,0.8953942742512271,0.9096976971625885,0.8810908513398656,13348005
2022-05-26,0.9492278254699109,0.9147800414810834,0.9492278254699109,0.9109525099267693,56222945
2022-05-27,0.9738400045860864,0.9471071417150958,0.9824327105089049,0.9213290239466405,138777330
2022-05-30,1.0057471117370853,0.9770114799731685,1.0287356171482187,0.9712643536203852,72365638
2022-05-31,1.0145482063000484,1.024119415793445,1.0365619881348607,0.9867916987691978,1042771950
2022-06-01,0.983951086164711,1.0126098556646541,1.022162778831302,0.9782193322647226,58257730
2022-06-02,0.9954407410252434,0.9783434763893136,0.9954407410252434,0.959346515682725,112116796
2022-06-03,0.9786868267996144,1.0016247993027303,1.0016247993027303,0.9719965848195389,61241320
2022-06-06,0.976964818915951,0.9675164164119282,0.9816890201679623,0.9590128541583077,8932729
2022-06-07,0.9986809931180187,0.9741850442302183,0.9996231449983186,0.9572263103848179,105422916
2022-06-08,0.9859688726788772,1.0049298125380863,1.0049298125380863,0.9726962147774307,39491818
2022-06-09,0.9687735167009613,0.987584652947582,0.987584652947582,0.9640707326393062,43682292
2022-06-10,0.9352653475882701,0.974783601711718,0.974783601711718,0.9277380610885655,43212068
2022-06-13,0.9325546023444146,0.9334965766902169,0.9363224997276244,0.9155990641199707,28216850
2022-06-14,0.9551401869158879,0.9112149532710281,0.9551401869158879,0.9065420560747663,62919265
2022-06-15,0.9016086948269251,0.9334081716154266,0.9436962376352359,0.8988028586397043,43052096
2022-06-16,0.9378575630257212,0.9134732663870525,0.9378575630257212,0.9134732663870525,140695540
2022-06-17,0.9074799374392502,0.914008570082698,0.9345271298192485,0.897220657570975,48491054
2022-06-20,0.9168328578497584,0.9065837100485924,0.9168328578497584,0.8944710808290326,67795
2022-06-21,0.9068288458465081,0.9031425497251808,0.9068288458465081,0.8865542171792081,29284655
2022-06-22,0.8996508020083775,0.8858665711298017,0.9088402892607613,0.8858665711298017,18314510
2022-06-23,0.9007352688527032,0.9062499745803727,0.9062499745803727,0.883272034048416,55514555
2022-06-24,0.9420157622989277,0.9017743122589734,0.9420157622989277,0.8981159986189777,45269820
2022-06-27,0.9373121474735544,0.9382230436324208,0.9382230436324208,0.9163615358196265,240337346
2022-06-28,0.9314618926627922,0.936930357786057,0.9378417686399346,0.9205249624162624,88978391
2022-06-29,0.8990708790080036,0.9309528250721172,0.93732921428494,0.8990708790080036,33279740
2022-06-30,0.8637602299545278,0.9173478782902977,0.9191644087423577,0.8537693124681979,102528490
2022-07-01,0.8806972992331121,0.8761576224329415,0.886144911393317,0.8761576224329415,33677635
2022-07-04,0.856987420666091,0.8787521805560236,0.8787521805560236,0.833408930785331,91338255
2022-07-05,0.889292220634342,0.8711433998050696,0.889292220634342,0.8666061945977516,29850920
2022-07-06,0.8931476907150299,0.8759717735858947,0.8958596776301564,0.8759717735858947,37432175
2022-07-07,0.8960957717013605,0.8826945388244707,0.8960957717013605,0.8594657351711952,32628730
2022-07-08,0.913682051916018,0.8940521640818848,0.9547263628419328,0.8717454733612789,106537170
2022-07-11,0.904693663133117,0.9109638172340397,0.9458975329391798,0.8858832008303493,63829336
2022-07-12,0.890360928621342,0.9135103127654968,0.9161813955513609,0.890360928621342,17149948
2022-07-13,0.8721965064760903,0.889996435179684,0.9051263745777386,0.8721965064760903,16533883
2022-07-14,0.9008450628840159,0.8822435424114845,0.9008450628840159,0.8592130884931124,41433770
2022-07-15,0.9069891590821036,0.9043215439083327,0.9069891590821036,0.8900942629815546,15829070
2022-07-18,0.921994629023387,0.904229799947792,0.921994629023387,0.8926826610486551,32773522
2022-07-19,0.9024951604106912,0.9184215455944092,0.9184215455944092,0.9016103612338181,42049516
2022-07-20,0.9155555555555556,0.9075555555555556,0.9324444444444445,0.9075555555555556,62266897
2022-07-21,0.9299024209213573,0.9148181259254956,0.9343389782730814,0.8908607162261859,102568244
2022-07-22,0.9287980603376288,0.9287980603376288,0.9305705757199525,0.9075278757497443,42926178
2022-07-25,0.9275775727107751,0.9347127848085502,0.9347127848085502,0.910631443978559,37889084
2022-07-26,0.9527732199884748,0.9312820947255768,0.9536686835410955,0.9312820947255768,43935441
2022-07-27,0.9902416222195574,0.9623348128660972,0.9911418418761205,0.9407295411085795,108320692
2022-07-28,1.0354763418694257,0.9904556313533637,1.0354763418694257,0.9904556313533637,185049341
2022-07-29,1.0206272367763654,1.0286777583635585,1.0304667631607125,0.9928976624204783,137982058
2022-08-01,1.0707804289270648,1.0408348745587654,1.0707804289270648,1.0054446739416845,64010023
2022-08-02,1.0461760720906241,1.060606086878081,1.060606086878081,1.0182179184399265,166768876
2022-08-03,1.0575076123406695,1.0323716079726402,1.0727687578498304,1.026985321322348,177490446
2022-08-04,1.0592839604306503,1.0592839604306503,1.0682609431461643,1.0413299949996222,139808724
2022-08-05,1.0470073599011351,1.0613992136454806,1.0703941222356965,1.0470073599011351,92194755
2022-08-08,1.0316702908156326,1.047874536221114,1.047874536221114,1.0262688756804723,100385877
2022-08-09,1.0483143811126618,1.0329907831084355,1.0546240979379315,1.0320893949905399,94360293
2022-08-10,1.0301778675464706,1.0436501151604174,1.0436501151604174,1.011316720886945,253750248
2022-08-11,1.076645611877089,1.0369702291948513,1.1000901561893204,1.0342650894665169,526793169
2022-08-12,1.071943760933895,1.076451514344046,1.076451514344046,1.0602236020675027,112454740
2022-08-15,1.0721982699854715,1.0721982699854715,1.0820761434945505,1.0605244194747419,102054178
2022-08-16,1.0740410494099606,1.0695807460486235,1.0740410494099606,1.061552199998217,180376690
2022-08-17,1.0954000567390996,1.0801861670621675,1.1088240770422748,1.0775013630015327,93016033
2022-08-18,1.0892857142857142,1.092857142857143,1.094642857142857,1.08125,144106361
2022-08-19,1.0784366245810573,1.0909350622831557,1.0927205533834554,1.0579034769276099,35108617
2022-08-22,1.0266573826723642,1.0695091690795584,1.0695091690795584,1.0248718915720643,119269533
2022-08-23,0.9946714166762711,1.0204263015723531,1.0204263015723531,0.9884547203220444,95321168
2022-08-24,1.0073635278443238,0.9913170291706974,1.010037944289928,0.9913170291706974,96789494
2022-08-25,1.0212804068503283,1.00614373124749,1.0212804068503283,0.9990205897873308,88459187
2022-08-26,1.0515059589772178,1.033683824079299,1.0871502287730557,1.0220994363956517,218468504
2022-08-30,1.0298295510347841,1.0120738691203912,1.0440340965662982,1.0031960281631949,59350944
2022-08-31,0.9973357151137968,1.0257548984474048,1.0293072963641057,0.9973357151137968,105992052
2022-09-01,0.9780733435613952,0.9976348104326231,1.0136396469636277,0.9780733435613952,114309073
2022-09-02,1.0449467626779878,0.9710616380441908,1.0449467626779878,0.9701820532271217,143488996
2022-09-05,1.021180680251512,1.0361462591862325,1.0361462591862325,1.0132577266978364,24622101
2022-09-06,1.052492994444981,1.0182584433329256,1.052492994444981,1.0103581623070668,64711154
2022-09-07,1.0206582823911179,1.0469187870838568,1.0469187870838568,1.0119047808268717,68056849
2022-09-08,1.0197829322346934,1.0215336325475426,1.0224089827039673,1.0154061814525703,60572649
2022-09-09,1.010754544232576,1.022995516221552,1.022995516221552,1.010754544232576,20805783
2022-09-12,1.0403097794640368,1.0174264848226957,1.0491110466337832,1.0174264848226957,45257557
2022-09-13,1.0389382393218483,1.0433330711294704,1.0433330711294704,1.0301485757066042,33548770
2022-09-14,0.9840658273397634,1.0260899907848777,1.0269654941899844,0.9840658273397634,60952748
2022-09-15,1.0031623653697321,0.9926212547003479,1.0137034760391164,0.9891075511438864,72655942
2022-09-16,0.9907633137286618,0.9933774649522202,1.0073196048111988,0.9803067088344278,60984880
2022-09-19,0.9984826238239702,0.9932504004676875,1.0246437406053843,0.9932504004676875,137899274
2022-09-20,1.0032452948084003,1.0058624564470309,1.0206930390659377,1.0032452948084003,110041108
2022-09-21,0.9970522251717904,1.0057222445211103,1.0057222445211103,0.9814461903430145,88300154
2022-09-22,0.9977636149023479,0.990882486523711,0.9977636149023479,0.9685188192931411,50400100
2022-09-23,0.9824207286568774,0.9969561093245596,0.9969561093245596,0.9755805495191444,20792994
2022-09-27,0.929977198814199,0.9637638363732981,0.9772784913969377,0.9130838800346496,93255960
2022-09-28,0.9340101763990936,0.9450084846356771,0.9450084846356771,0.9196277733204843,51875824
2022-09-29,0.9691705141764965,0.9495827094084301,0.9691705141764965,0.9419179162383172,38773236
2022-09-30,0.9155290340782669,0.9479522431136574,0.9556314242009869,0.9155290340782669,67442333
2022-10-03,0.8851063829787233,0.9131914893617021,0.9131914893617021,0.8544680851063831,57421687
2022-10-04,0.9453621102497568,0.8911477956834626,0.9453621102497568,0.8894535983532659,56082222
2022-10-05,0.9698312898553627,0.9510823545506016,0.9723879628514664,0.9374467652380483,66269784
2022-10-06,0.9523809647382485,0.9702381078270906,0.9702381078270906,0.9413265428261082,83114263
2022-10-07,0.9591594917796537,0.9574648637023044,0.9676326321663997,0.9320454425420662,26003440
2022-10-10,0.9247967336267497,0.9408875192850905,0.9662940229561551,0.9061652976013024,54179633
2022-10-11,0.9602704739601612,0.9213862822329012,0.9611157824759713,0.9213862822329012,64501898
2022-10-12,0.9614408214713517,0.9529774339583996,0.9631334989739421,0.9529774339583996,25531781
2022-10-13,0.9571574344117862,0.9605576384416683,0.9877592706807244,0.9571574344117862,92708157
2022-10-14,0.9796954567664404,0.9712352196613762,0.9796954567664404,0.9560067928722605,45574861
2022-10-17,0.9832174665146995,0.9764366564008051,0.9942362829497781,0.9730462513438578,114085409
2022-10-18,1.0092100897405305,0.986312045687594,1.0185389225028378,0.986312045687594,112919846
2022-10-19,1.001357804371027,1.0098438874589168,1.016632753929229,0.9979633711358707,84180520
2022-10-20,0.9609051735772609,1.0014354445190083,1.0014354445190083,0.9592164122880215,60797816
2022-10-21,0.9454422156423399,0.964927135857191,0.9818705447396703,0.9454422156423399,92798520
2022-10-26,0.9780201285245571,0.9763162607048278,0.986539467623203,0.9652411198765881,22411176
2022-10-27,0.9874527277183456,0.9891715314219457,0.990890335125546,0.9797181110521443,95532078
2022-10-28,0.9726391934292059,0.9837893781863308,0.9906510303445615,0.9726391934292059,27831564
2022-11-02,0.9835080037867802,0.9740594552787849,0.9938155112500477,0.9740594552787849,60211818
2022-11-03,0.9724472979233899,0.9750063697600304,0.986948704997686,0.9698882260867494,31494795
2022-11-04,0.9703961370114751,0.9805751174696373,0.9805751174696373,0.9551276663242315,75891019
2022-11-07,0.9823115309920408,0.9617035967754245,0.9840288588434254,0.9617035967754245,84158572
2022-11-08,0.9709407503213726,0.9933603413589888,0.9959472172479444,0.9709407503213726,29557330
2022-11-09,0.9852979314376453,0.9767002182488351,0.9895967880320503,0.969822047697787,105666136
2022-11-10,0.9721266524147159,0.9893324338733834,0.9893324338733834,0.9686854961229824,28617878
2022-11-11,0.9935281059857319,1.0057722903904858,1.011019797992523,0.9891551829840342,66154884
2022-11-14,1.0243389839746646,0.9954473716061485,1.0243389839746646,0.9945718682010419,146981416
2022-11-15,1.0118368865595693,1.0030688026205783,1.0206049704985605,1.00131518583278,129136100
2022-11-16,0.9650655021834061,1.0078602620087336,1.011353711790393,0.9606986899563319,132940150
2022-11-17,0.9814850603034204,0.9631965188070832,0.9849685920170084,0.9631965188070832,138538446
2022-11-18,0.9877639265866138,0.9886342031739147,0.9886342031739147,0.9755800543644,38053326
2022-11-21,1.0018008183355176,0.9930591008980348,1.0018008183355176,0.9834432117168039,29024585
2022-11-22,0.9923398565942098,0.9958217508278737,0.9975626979447055,0.984505594568466,58249362
2022-11-23,0.9697128418951982,0.9924063917505316,1.000261851315839,0.9697128418951982,147148843
2022-11-24,0.9845882606365045,0.9810655834964812,0.9942756227715686,0.9810655834964812,93750054
2022-11-25,0.9975282593369161,0.9878178072548754,0.9975282593369161,0.9842867337704969,111860950
2022-11-28,0.9940024936506385,0.998412442602061,1.008996320085475,0.989592544699216,94210332
2022-11-29,1.0596026490066226,0.9977924944812362,1.0596026490066226,0.9951434878587196,430663563
2022-12-01,1.0200461431528618,1.0395600693696994,1.0608479888789764,1.0147241632755426,137496527
2022-12-02,0.9833140028561044,1.0225751790136983,1.0297135746787156,0.9815294039398501,118275614
2022-12-05,0.9744280212985045,0.9896814986116487,1.01570213638113,0.9744280212985045,73601550
2022-12-06,0.990532341075915,0.9664165852517043,0.990532341075915,0.9655234091100667,70705249
2022-12-07,0.9632945652617879,0.9874664549105503,0.9919427307714321,0.9632945652617879,56894069
2022-12-09,0.9764035747586163,0.9736913426065091,0.9908688129031884,0.9727872652224733,35466872
2022-12-12,0.9787426233660295,0.9895974398913459,0.9895974398913459,0.9696969429282658,58332586
2022-12-13,0.9777138856353198,0.9822070560656292,0.9822070560656292,0.9696261788607631,46772482
2022-12-14,0.9895363467078743,0.9832220764918714,0.9895363467078743,0.9769078062758686,57418458
2022-12-15,0.9772338943944304,0.9835328237321478,0.9853325178286384,0.9736345062014491,27093604
2022-12-16,0.9819352557651838,0.9676265452986602,0.9837238445734993,0.9667322508945024,52198990
2022-12-19,0.9922424625147327,0.9904383853101604,0.9922424625147327,0.9751037290712963,16632272
2022-12-20,1.0186940899513373,0.9934073572220489,1.0186940899513373,0.9807639908574045,49877491
2022-12-21,1.0295189304000574,1.025874615602181,1.0295189304000574,1.0112973564106758,25985041
2022-12-22,1.0406017048303526,1.0314736197002619,1.0469913644214162,1.0314736197002619,23007838
2022-12-23,1.0263823607406302,1.0254788551413867,1.0263823607406302,1.0146367879504645,8643282
2022-12-27,1.0187618792222541,1.0332638276809338,1.0387020583529387,1.0187618792222541,13024372
2022-12-28,1.0364321380980626,1.0086144789802791,1.0364321380980626,1.0086144789802791,12280398
2022-12-29,1.0277327253698663,1.0108116493022514,1.0339668060263558,1.0108116493022514,84405602
2023-01-03,1.0349775784753363,1.0349775784753363,1.0349775784753363,1.0233183856502241,30242866
2023-01-04,1.053950107703682,1.0324774399745746,1.0557394966811076,1.0280039675310106,82360149
2023-01-05,1.069771574243306,1.0510349578470513,1.069771574243306,1.0430049793915137,111100064
2023-01-06,1.0498640956075922,1.0731149188493276,1.0731149188493276,1.0319788469601034,85291198
2023-01-09,1.0808473641467666,1.0529254739063085,1.0808473641467666,1.0529254739063085,77190311
2023-01-10,1.0786105882465342,1.0968921236405433,1.0968921236405433,1.0703838973192301,23338270
2023-01-11,1.0725379223637657,1.0926365887112979,1.0944637401974373,1.0670564679053478,28008912
2023-01-12,1.0814249273893666,1.0750636042870763,1.082333687832551,1.0632497185256797,34983095
2023-01-13,1.0850599691621041,1.0814249273893666,1.0941475735939474,1.0677935207416016,125051076
2023-01-16,1.0770633685046211,1.0907432588751287,1.1171910469247766,1.0770633685046211,155745990
2023-01-17,1.0627576580701834,1.090242769916826,1.099404473865707,1.0627576580701834,49642620
2023-01-18,1.0585544077726288,1.0612991469457642,1.0795974081000017,1.0585544077726288,96199386
2023-01-19,1.0594693208303405,1.0521500163686457,1.0667886252920353,1.050320190253222,167685815
2023-01-20,1.0673294908882236,1.0600190149232358,1.0746399668532114,1.0600190149232358,50082392
2023-01-23,1.0780532447660358,1.073461876602637,1.0789715183987154,1.0459136676222442,38549350
2023-01-24,1.0656719197312081,1.0813300205397047,1.0979091861016421,1.0555402074433573,52866651
2023-01-25,1.0702524728010898,1.0729967099108362,1.073911455614085,1.063849252878348,35466526
2023-01-26,1.0539822138823234,1.081477402070558,1.0833104146164403,1.0539822138823234,37367871
2023-01-27,1.0855566082139454,1.0809567920774457,1.0855566082139454,1.0643974539860463,48235968
2023-01-30,1.0893546730077097,1.0847582397882678,1.0893546730077097,1.0663725069105006,47640302
2023-01-31,1.0406369922840888,1.067179184699426,1.079077408885612,1.034230256183835,111829512
2023-02-01,1.0826393670206687,1.0414569735160786,1.0826393670206687,1.0359659877154666,97680621
2023-02-02,1.0952952890834573,1.0906737899734005,1.0952952890834573,1.0721877935331734,94938994
2023-02-03,1.0799999999999998,1.1023255813953488,1.1032558139534883,1.0483720930232558,148256360
2023-02-06,1.0659946133467904,1.0921310837265716,1.0921310837265716,1.0603939411225514,57425891
2023-02-07,1.0622376168551273,1.0567621652218533,1.0622376168551273,1.0421609608664564,38567419
2023-02-08,1.0261532617288947,1.0570286696039235,1.0615691707620158,1.0261532617288947,35064858
2023-02-09,1.0399927272752605,1.0445581036021931,1.0445581036021931,1.0345142756829413,25959348
2023-02-10,1.059954233409611,1.0489702517162471,1.059954233409611,1.0352402745995424,31017678
2023-02-13,1.0335632183908046,1.0657471264367817,1.0657471264367817,1.0335632183908046,61614569
2023-02-14,0.997987562244435,1.029088916154894,1.0400658645938796,0.997987562244435,154662744
2023-02-15,0.9949569765722561,1.0040599681236948,1.0158938571405651,0.9867642841759613,47723735
2023-02-16,0.9966237378068057,0.9866936099844552,1.0056511267362152,0.9866936099844552,64441474
2023-02-17,1.0054347687122127,0.9999999861786334,1.0054347687122127,0.9827898414889648,67762808
2023-02-20,0.9833107938693116,0.999548953768071,0.999548953768071,0.9742895939255565,54501482
2023-02-21,1.0011831915005756,0.994812025736481,1.0011831915005756,0.9829798607460196,62658638
2023-02-22,0.9795385577969417,0.9967711805729991,0.9976781607191073,0.9704687563358589,66397164
2023-02-23,0.9977324263038548,0.9886621315192744,0.9977324263038548,0.9723356009070295,34749624
2023-02-27,0.9850419609742967,1.003283478770117,1.003283478770117,0.9768332779661776,54551213
2023-02-28,0.9759623750760802,0.9849990637341921,0.9904210769290591,0.9759623750760802,252393692
2023-03-01,0.9712327585246049,0.9919740337762909,0.9919740337762909,0.9667237856438036,60215620
2023-03-02,0.9845032179076152,0.9881495261220878,1.000000027819124,0.9817684867467608,45074635
2023-03-03,0.9814444024367428,0.9914498597368393,0.9914498597368393,0.9796252283821798,57558792
2023-03-06,0.969194768992276,0.9727977235238457,0.9836065871185552,0.969194768992276,47977254
2023-03-07,0.9790209735941605,0.9899191662501252,0.991735531692786,0.9744800599875085,91334144
2023-03-08,0.9520361990950227,0.9728506787330317,0.9755656108597285,0.9429864253393665,104082767
2023-03-09,0.9288680369549749,0.9604621878718108,0.9604621878718108,0.9279653469287795,51978396
2023-03-10,0.9112318714635009,0.9320652045088892,0.9320652045088892,0.910326074374571,3184856262
2023-03-13,0.9531590097079471,0.9132171083487569,0.9531590097079471,0.9123093378633208,73209738
2023-03-14,0.9207903151353529,0.9787928546714382,0.9787928546714382,0.909914838972337,35702465
2023-03-15,0.8995789014890385,0.9114274584488739,0.932390289993198,0.8840846346954077,98289029
2023-03-16,0.9071078262597776,0.9089256776150076,0.9089256776150076,0.8643883194118722,54209095
2023-03-17,0.9351529558033885,0.9140868265345561,0.9351529558033885,0.893936615929586,56438015
2023-03-20,0.9876430205949658,0.9327231121281465,0.9876430205949658,0.917162471395881,119777474
2023-03-21,0.9658671450756798,0.9870848569541332,0.9944649306509865,0.9492619792577599,20186806
2023-03-22,0.9480770977651003,0.9628331615435456,0.9794337332942963,0.9480770977651003,50544942
2023-03-23,0.9632014989830515,0.9466421608916524,0.9659613886649514,0.9374425286186528,33295740
2023-03-24,0.9433440545476041,0.9654536808260634,0.9691386185391401,0.9415015856910657,15668289
2023-03-27,0.9396072094531512,0.9451343106852286,0.957109696688063,0.9396072094531512,12906579
2023-03-28,0.9246416882950417,0.9523809389438929,0.9542302223204829,0.9246416882950417,39800440
2023-03-29,0.9488015740343922,0.9230089098858845,0.9488015740343922,0.9211665767324196,19696840
2023-03-30,0.9933653090182581,0.9491338295814526,0.9933653090182581,0.9399189380321181,52750162
2023-03-31,0.8913772091194996,0.9889866968949821,0.990828385343576,0.8913772091194996,101189865
2023-04-03,0.9711421723768561,0.9250728093608762,0.9711421723768561,0.9250728093608762,51670940
2023-04-04,0.9713814278193263,0.9649605874088114,0.9722986907351141,0.9456980661772666,19976018
2023-04-05,0.9513274041893167,0.9752949550700553,0.9752949550700553,0.9513274041893167,29179140
2023-04-11,0.954383404173228,0.9562117248708777,0.9690099697544268,0.9361001971967293,83435858
2023-04-12,0.9372727272727273,0.9409090909090909,0.9527272727272728,0.9290909090909091,38990476
2023-04-13,0.9336475732861369,0.93002175746755,0.9399927509686641,0.9245830337396695,19789509
2023-04-14,0.9291289884167601,0.9363736588917446,0.9363736588917446,0.9282234046073871,27751768
2023-04-17,0.9496015347850629,0.9270134868596333,0.9496015347850629,0.9215923553575303,25207397
2023-04-18,0.9245047497509519,0.9280742661592568,0.9280742661592568,0.9236123706488757,62640766
2023-04-19,0.8970483373814749,0.9210526040903945,0.9237197448358301,0.8952702435511847,116872160
2023-04-20,0.9237055101048993,0.8961719804767725,0.9237055101048993,0.8917310886012682,31237793
2023-04-24,0.9483761580355711,0.9295875737726023,0.9483761580355711,0.9143777674644846,26984160
2023-04-25,0.9563185148039121,0.9527233324174311,0.9599136971903929,0.9338486248884066,7979488
2023-04-26,0.9669853816507213,0.9597690728324324,0.9669853816507213,0.935414030570707,42514506
2023-04-27,0.9774097687286151,0.9630096248062782,0.9774097687286151,0.9360093549518965,29035279
2023-04-28,0.9842696629213483,0.9582022471910112,0.9842696629213483,0.9375280898876405,38413502
2023-05-02,1.0085002183242318,0.9859890527366372,1.0085002183242318,0.9571747607845162,36170539
2023-05-03,1.0059545622872215,1.0095633678918394,1.0131721734964572,1.0014435552814491,29627301
2023-05-04,1.008585616457483,1.0076818659051017,1.0149118703241518,1.0031631131431953,50743975
2023-05-05,1.010119259954247,1.00831224875576,1.0128297767519776,1.0028912151602989,1020694
2023-05-08,0.9765801932936385,1.0127498300822917,1.0127498300822917,0.9765801932936385,44495530
2023-05-09,0.974113802872883,0.974113802872883,1.0020744768442342,0.96509423062406,32065101
2023-05-10,1.0033175040325726,0.9683493336507403,1.0033175040325726,0.9683493336507403,49935830
2023-05-11,1.000449438202247,1.0058426966292136,1.0058426966292136,0.9923595505617978,34560051
2023-05-12,0.9919427307714321,0.9955237514601377,0.9973142618044906,0.9919427307714321,17384630
2023-05-15,0.984710135529185,0.991871663787579,0.991871663787579,0.9766534162384916,40045714
2023-05-16,0.9934365272838482,0.9782763648387626,0.9978953985912264,0.9782763648387626,11794296
2023-05-17,0.9709342915783203,0.9914031171569652,0.9914031171569652,0.9709342915783203,18054603
2023-05-18,0.977364391424783,0.9818272425271793,0.9934306553934096,0.977364391424783,5543396
2023-05-19,0.9962372089567532,0.978319273543862,0.9962372089567532,0.978319273543862,10122420
2023-05-22,0.994805802777155,0.9885152511787448,0.997501753462188,0.9813260493519903,16648060
2023-05-23,0.9944920484339389,0.9845921275898002,0.9962920340419642,0.9845921275898002,29251536
2023-05-24,0.9880325202629734,0.9907198253951482,0.9907198253951482,0.984449446753407,8989946
2023-05-25,0.9874326615197246,0.9901256596875058,0.9901256596875058,0.9811489991282355,33864451
2023-05-26,0.978958598564074,0.9807417654102745,0.9807417654102745,0.9593437632558685,25982520
2023-05-29,0.9818474309414617,0.9657515714178312,0.9836358597774206,0.9657515714178312,14546287
2023-05-30,0.9799380062412434,0.9737020371106172,0.9843922699059763,0.9737020371106172,55371063
2023-05-31,0.9671695026758392,0.977817240319977,0.977817240319977,0.9494232732689432,269866588
2023-06-01,0.9300509463619341,0.967323980471859,0.967323980471859,0.9229513208171866,52549858
2023-06-02,0.9800948550917219,0.9453144189237718,0.9800948550917219,0.9453144189237718,24232667
2023-06-05,0.9667398555328058,0.9810222541371687,0.9810222541371687,0.9658472056200332,10511159
2023-06-06,0.9674770736501054,0.9674770736501054,0.9692620867011202,0.9558744888185081,25471544
2023-06-07,0.9822272114391004,0.9661835727767558,0.9822272114391004,0.9626183197406792,39056251
2023-06-08,0.9797809146616145,0.970873815437418,0.9797809146616145,0.9655295559029002,6160980
2023-06-09,0.981091663444089,0.981091663444089,0.981091663444089,0.9632536331996511,15560828
2023-06-13,0.9658259582023064,0.9720686005914257,0.9774194369249565,0.9381799704790641,30238399
2023-06-14,0.968746097658899,0.970535102456053,0.9830581360361312,0.9499615472887819,9514451
2023-06-15,0.9744149083315918,0.9502780252811762,0.9744149083315918,0.9502780252811762,14606125
2023-06-16,1.030012890743833,0.9538152443441589,1.030012890743833,0.9538152443441589,119611476
2023-06-19,1.0142715760311152,1.0214522597552294,1.0214522597552294,0.9999102085828872,32746556
2023-06-20,1.013943980640016,1.012149389523839,1.013943980640016,0.9959980694782457,16363481
2023-06-21,0.9360599392018869,1.0008640888389406,1.0098646651774204,0.9360599392018869,43821295
2023-06-22,0.9687865590887935,0.9696860823562854,0.9804803615661883,0.9391022912615603,33445301
2023-06-23,0.9712320816944596,0.9847339178625939,0.9847339178625939,0.9568301231151163,8815147
2023-06-26,0.9721101060294931,0.9685229838670226,1.0034974249511095,0.9685229838670226,21511277
2023-06-27,0.9517994720366733,0.9742475727922552,1.0047769898198466,0.9517994720366733,29350410
2023-06-29,0.967887806840713,0.9633649666218311,0.9823608955411348,0.9633649666218311,17095188
2023-06-30,0.9812410055470681,0.9740259981533397,0.9848485092439324,0.9650072389111791,17152167
2023-07-03,0.9888896942015967,0.9771279686529958,0.9888896942015967,0.9771279686529958,9931962
2023-07-04,0.979043768643144,0.9889970786755604,0.9935213105084769,0.979043768643144,3997636
2023-07-05,1.0132078801554232,0.9779265343285826,1.0132078801554232,0.9670707356126317,26982474
2023-07-06,1.0097367638738122,0.9989181556894497,1.0097367638738122,0.9862964461410272,16619450
2023-07-07,0.970263250101579,0.9828407366769699,0.9954182232523607,0.9675680744068524,22896028
2023-07-10,0.9860956131255764,0.9905983328202137,0.9905983328202137,0.9725874540416644,6294053
2023-07-11,0.9712146070581618,0.9856163065140751,0.9973176873220048,0.9712146070581618,15345156
2023-07-12,0.9997285915169801,0.9771102975912566,0.9997285915169801,0.9771102975912566,6575482
2023-07-13,1.0263230418493603,1.0125653603232294,1.0263230418493603,0.9997248575655072,19925235
2023-07-14,1.0287081310826574,1.0296282635791534,1.0296282635791534,1.0057048186702544,36371459
2023-07-17,0.9882223012368282,1.026867866089665,1.026867866089665,0.9882223012368282,95709626
2023-07-18,0.9747126436781609,1.005977011494253,1.005977011494253,0.9747126436781609,42128214
2023-07-19,0.9806446650141832,0.9926037462948442,0.995363534282689,0.9806446650141832,26839966
2023-07-20,0.9832283376627241,0.9859747855332903,0.9951296117685112,0.9768199592980695,45961119
2023-07-21,0.9816837576864916,0.986258239315972,0.9999816842044131,0.9789390687088034,63810687
2023-07-24,0.980445884560794,0.9868420832485159,0.9941520246059122,0.9740496858730721,5802566
2023-07-25,0.9828393025625859,0.9993576101686799,0.9993576101686799,0.9828393025625859,22044004
2023-07-26,1.0022924983149568,0.9821182668758633,1.0022924983149568,0.9821182668758633,22696359
2023-07-27,1.0190030266136505,1.0033966739538018,1.0190030266136505,0.9905443835280442,33666234
2023-07-28,1.0094741203480935,1.0131250213258443,1.0131250213258443,0.995783241681528,15327638
2023-07-31,0.9798921874159733,1.0017485187338018,1.0053912406201064,0.9798921874159733,40662333
2023-08-01,0.9959977016587404,1.0042215358926199,1.0042215358926199,0.9923426642214606,7574868
2023-08-02,0.9484501989093576,0.9967382493821684,0.9967382493821684,0.9484501989093576,54564220
2023-08-03,0.9542570851221225,0.9632936105494153,0.9632936105494153,0.9425096020666419,11909644
2023-08-04,0.9617800186662113,0.9563969215468108,0.9617800186662113,0.9528081901338772,169552
2023-08-07,0.9179971150313263,0.9252540092212972,0.9325109034112682,0.909833109067609,104167215
2023-08-08,0.88880582988415,0.9074894359177507,0.9074894359177507,0.88880582988415,56049406
2023-08-09,0.8936661656989008,0.8874478126572585,0.8989961825917373,0.8838944680620342,52381415
2023-08-10,0.871318455195975,0.8935233087942415,0.8935233087942415,0.871318455195975,72633324
2023-08-11,0.8529657696192455,0.8832380411923713,0.8832380411923713,0.8529657696192455,62548815
2023-08-14,0.821961414725951,0.8581984233321488,0.8581984233321488,0.821961414725951,45200045
2023-08-15,0.8108060794965568,0.8266352654303291,0.8336704591786723,0.8020120873111278,231408785
2023-08-16,0.8452215663496576,0.8337877678454478,0.8452215663496576,0.8232334923031004,22900575
2023-08-17,0.8300074251392769,0.8485501442115373,0.849433130834026,0.8300074251392769,43544840
2023-08-18,0.8297328010001563,0.8447226603168435,0.8447226603168435,0.8297328010001563,56315300
2023-08-22,0.8426666666666667,0.8480000000000001,0.8480000000000001,0.8373333333333334,50138630
2023-08-23,0.8435022965314082,0.8443930064538278,0.8497372659883458,0.8417208766865689,18009860
2023-08-24,0.8348843257226016,0.8393157711882205,0.8570415530506962,0.8348843257226016,14344435
2023-08-25,0.8345107893209764,0.8327446289202971,0.8353938695213161,0.8327446289202971,22853000
2023-08-29,0.8366983693751191,0.8358167061829429,0.8455150012968801,0.8358167061829429,20877380
2023-08-30,0.8460669827564564,0.838126833804623,0.8522426541634377,0.838126833804623,42278885
2023-08-31,0.8280625263836066,0.8456808780087897,0.8509663834963446,0.8280625263836066,203849290
2023-09-01,0.8328181330414628,0.8442991889582592,0.8442991889582592,0.8301686585991251,30618535
2023-09-04,0.8429152844321479,0.8340704231054726,0.8446842566974829,0.8340704231054726,6537975
2023-09-05,0.8395934486865406,0.8334069706435872,0.8475474918846236,0.8334069706435872,18324615
2023-09-06,0.8372827624701829,0.8425486917938947,0.8425486917938947,0.8285062135973298,43182010
2023-09-07,0.8546933253823895,0.8380035276616646,0.8564501461950974,0.8292194235981252,56733095
2023-09-08,0.864517709579851,0.8592247440109948,0.864517709579851,0.8468744910169969,153455580
2023-09-11,0.8489234050394535,0.8648076267553684,0.8648076267553684,0.8489234050394535,10393190
2023-09-12,0.8538263291900784,0.8494160692252536,0.8538263291900784,0.8467699132463588,11867555
2023-09-13,0.8451226697477641,0.8548367234230256,0.8548367234230256,0.8451226697477641,16541225
2023-09-14,0.8600896927451497,0.8494931051548603,0.8600896927451497,0.838896517564571,71059020
2023-09-15,0.8328779827391518,0.858437201257073,0.858437201257073,0.8328779827391518,59993055
2023-09-18,0.8037284472290378,0.8309883836230204,0.8318677364099231,0.7922968609993031,52869595
2023-09-19,0.807449032562625,0.807449032562625,0.8180501139529438,0.7986147980706926,18072540
2023-09-20,0.810772700763437,0.797553580642294,0.8142977994624085,0.7949097566180654,32073815
2023-09-21,0.8070768857637071,0.7965038261248814,0.8070768857637071,0.7929794729119393,12439100
2023-09-22,0.815614730281199,0.8085683827193745,0.8182571106168834,0.7962372744861814,16149870
2023-09-25,0.8114482816505153,0.8272900051534537,0.8272900051534537,0.8114482816505153,9291850
2023-09-26,0.810905914465158,0.8117854219645778,0.8232190194570367,0.810026406965738,27136845
2023-09-27,0.8424069908760483,0.8057046116055151,0.8424069908760483,0.8022091469130833,64700060
2023-09-28,0.8803342432080984,0.8461038987563378,0.8847227489070421,0.8461038987563378,166613130
2023-09-29,0.885447924849966,0.885447924849966,0.8880963234287795,0.8598467385881027,80386394
2023-10-02,0.8748566940115544,0.8836758139108645,0.8836758139108645,0.8660375741122444,43442610
2023-10-03,0.8808399699415511,0.8773166100617849,0.8808399699415511,0.8658656904525447,28935515
2023-10-04,0.8754178848682382,0.8780573357773886,0.8780573357773886,0.86661971517107,21580858
2023-10-05,0.8708862369951973,0.8700029852335389,0.8797187546117814,0.868236481710222,72813790
2023-10-06,0.8723137424280809,0.8705479251357163,0.8820257375360859,0.8608359300277114,51652375
2023-10-09,0.8645024653524133,0.8583274477427532,0.8706774829620734,0.8583274477427532,3248940
2023-10-10,0.8702531482150028,0.8614627123744472,0.8702531482150028,0.8579465380382248,17322045
2023-10-11,0.8691593825805679,0.8612339170859122,0.8841297062926953,0.8612339170859122,32567805
2023-10-12,0.8765722508798968,0.8756877178315822,0.8827639822180999,0.8703805195416938,31861235
2023-10-13,0.8754161492594658,0.8701319471512596,0.8807003513676718,0.8701319471512596,15490560
2023-10-16,0.8750000117530288,0.8750000117530288,0.8767605751569583,0.8679577581373101,21378350
2023-10-17,0.8786647993379594,0.8777817191376197,0.8830802003396576,0.8760155587369404,39525815
2023-10-18,0.8743729320098196,0.8787889569189601,0.8823217768462726,0.869073702118851,17442685
2023-10-19,0.8640411046954019,0.8772392885756779,0.8772392885756779,0.8640411046954019,37685760
2023-10-20,0.8475024067442476,0.8660029790328433,0.8721698364623753,0.8475024067442476,23092150
2023-10-23,0.8351686918851836,0.8483833863770378,0.8483833863770378,0.8281208548228614,18130715
2023-10-24,0.8348630591239042,0.8463358072936832,0.8463358072936832,0.8348630591239042,47401870
2023-10-25,0.8362885598792843,0.8486388128732822,0.8486388128732822,0.8257026287415719,73034160
2023-10-26,0.8333186285934876,0.8368421745917687,0.8368421745917687,0.819224444600363,5141690
2023-10-27,0.8157381124944362,0.8104639436636532,0.8262864501560021,0.8104639436636532,23080375
2023-10-31,0.8076604194976253,0.8182411236831837,0.8182411236831837,0.8032517927536427,68934365
2023-11-03,0.8089211587577841,0.8106912269388733,0.8292769428403104,0.8062660564861502,50090180
2023-11-06,0.8268840285766305,0.8205993508350058,0.8385555729539337,0.8197015397290592,25883760
2023-11-07,0.8424244834412278,0.8262757712985843,0.8424244834412278,0.8217900179256279,13458775
2023-11-08,0.8510638251434997,0.8385481806560952,0.8510638251434997,0.8313963838061498,22577305
2023-11-09,0.8753363228699551,0.852914798206278,0.8753363228699551,0.8484304932735426,29491505
2023-11-10,0.8740883702738367,0.8723008684941356,0.8749821211636872,0.861575857815929,37845565
2023-11-13,0.8667728242211202,0.8810848625983523,0.8810848625983523,0.8631948146268121,2708650
2023-11-14,0.8620071802447901,0.8682795817642429,0.8691756391241646,0.8458781477661974,33304140
2023-11-15,0.8603913484223906,0.8549857483275903,0.8775090820559251,0.8549857483275903,37463875
2023-11-16,0.8603983562508364,0.8702673676364039,0.8702673676364039,0.857706807691136,38459615
2023-11-17,0.8486156221938022,0.8629989378242056,0.8629989378242056,0.8486156221938022,21216190
2023-11-20,0.8531036479651505,0.85761742388031,0.8657422205275972,0.8531036479651505,10846040
2023-11-21,0.8826197558552178,0.870827302796515,0.8826197558552178,0.8572206261903195,13261330
2023-11-22,0.880889936409752,0.8790811275054199,0.880889936409752,0.8682282740794269,5150390
2023-11-23,0.8730861832946859,0.8803167106925717,0.8803167106925717,0.8640480240473289,29932670
2023-11-24,0.8811489968387041,0.8802433966364033,0.882054597041005,0.8748097954225983,15382900
2023-11-28,0.8646548584760416,0.8800144536631813,0.8800144536631813,0.8646548584760416,15591485
2023-11-29,0.8736093087793831,0.8726973992712628,0.877256946811865,0.8726973992712628,7443125
2023-11-30,0.8614130315723553,0.8668478141059348,0.8713767995505844,0.8550724519498459,86021655
2023-12-01,0.846816347705312,0.8432128738852893,0.8594285060753911,0.8432128738852893,21267005
2023-12-04,0.8671880647959852,0.8599464108102151,0.8671880647959852,0.847273516335117,10313180
2023-12-05,0.8856755413336319,0.8657930291812442,0.8856755413336319,0.8459105170288566,32360380
2023-12-06,0.8889534195283356,0.887139228876237,0.8889534195283356,0.8689973223552505,34790205
2023-12-07,0.8705251853618746,0.8795743037128297,0.8795743037128297,0.8705251853618746,12093415
2023-12-11,0.8661019254495842,0.8688113162486966,0.8724238373141796,0.8471361898557976,25800025
2023-12-12,0.8776509333014492,0.8488459795930939,0.8776509333014492,0.8488459795930939,8943970
2023-12-13,0.8779512601959183,0.8599420035765148,0.8797521858578586,0.8599420035765148,16151505
2023-12-14,0.9012256743429772,0.8813987095074317,0.9012256743429772,0.869682775740973,34395650
2023-12-15,0.8983757652390155,0.8750179953428012,0.8992741410042545,0.867830989220889,77683040
2023-12-18,0.8809387101017613,0.8970862628327508,0.9078512979867439,0.8809387101017613,32468110
2023-12-19,0.8822366872519855,0.8822366872519855,0.8984080318248324,0.8822366872519855,22558850
2023-12-20,0.8850353537644361,0.8886330584545353,0.9021244510424078,0.8832365014193864,30463260
2023-12-21,0.8854728684967109,0.8908666118581121,0.894462440765713,0.8827759968160103,5909350
2023-12-22,0.9075280767871108,0.8885269904336419,0.9102425176947492,0.8885269904336419,58345395
2023-12-27,0.8912591742557754,0.9066257117429439,0.9210883352602791,0.8912591742557754,13368328
2023-12-28,0.9001062159945892,0.8875047289706648,0.9001062159945892,0.8875047289706648,19126950
2023-12-29,0.8062912610914317,0.9039139698334436,0.9057217977731106,0.8062912610914317,39114322
2024-01-02,0.9009171582310075,0.8593919184728649,0.9009171582310075,0.858489195869427,109119910
2024-01-03,0.8818818321943754,0.8818818321943754,0.8962799029240794,0.8728830379883104,33841400
2024-01-04,0.8963052053799201,0.8882222927061534,0.8981014081963128,0.8765469743996012,62726740
2024-01-05,0.8987266730841542,0.8897213957987419,0.8987266730841542,0.886119284884577,11565745
2024-01-08,0.900998314546381,0.8991963179172883,0.9028003111754739,0.8928893297154635,27825195
2024-01-09,0.8733467696852484,0.9003019168977561,0.9003019168977561,0.8733467696852484,31956606
2024-01-10,0.8611620954846165,0.8896892042377301,0.8896892042377301,0.8611620954846165,32987630
2024-01-11,0.8655922887707743,0.8655922887707743,0.8780853733509711,0.8646999255864746,36923715
2024-01-12,0.8704978150979508,0.8678166103286551,0.8901599834061179,0.8678166103286551,26512175
2024-01-15,0.8873830029945462,0.8837976171238611,0.8891756959298887,0.8739378059794772,48709115
2024-01-16,0.879254964551702,0.8882269539859031,0.8918157497595836,0.8756661687780216,38458020
2024-01-17,0.8622231696829903,0.8765339276860274,0.8801116171867868,0.8622231696829903,27095230
2024-01-18,0.8728781493324945,0.8737724916986139,0.8755611764308526,0.8630403833051816,33880655
2024-01-19,0.8760749111418568,0.8742796756682055,0.8760749111418568,0.8635082628262974,40037200
2024-01-22,0.8771301981943693,0.873550074936433,0.8771301981943693,0.8663898284205607,26930875
2024-01-23,0.8654050870936303,0.8698430618992387,0.874281036704847,0.8591919223657786,6437770
2024-01-24,0.8731413490655004,0.8660354174352625,0.8749178319730601,0.8660354174352625,29903690
2024-01-25,0.873945404105196,0.8748353688751606,0.8766152984150898,0.873945404105196,29209815
2024-01-26,0.8601008597701649,0.8671798791921416,0.8671798791921416,0.8556764726314295,52171595
2024-01-29,0.853758313396561,0.8706556133492014,0.8706556133492014,0.853758313396561,20136390
2024-01-30,0.8513093537594765,0.853972469568943,0.8628495222671648,0.8513093537594765,45293205
2024-01-31,0.8614564947999849,0.8525755000082325,0.8676731911542116,0.8525755000082325,101349955
2024-02-01,0.8547846446468366,0.8708285691553278,0.8708285691553278,0.8547846446468366,37873910
2024-02-02,0.8492910524823871,0.8635949017873537,0.8743227887660785,0.8492910524823871,107150625
2024-02-05,0.8457374610271129,0.8475179609450647,0.8573107104937996,0.8457374610271129,23988385
2024-02-06,0.8437394399929367,0.8579497884559756,0.8597260820138555,0.8437394399929367,27697815
2024-02-07,0.8463402383132247,0.8570308518498128,0.8579217363111951,0.8463402383132247,90846325
2024-02-08,0.8445040099319852,0.8570151804494962,0.8632707657082515,0.8445040099319852,48906595
2024-02-12,0.8233399119280813,0.84571327910004,0.8519778219081885,0.8233399119280813,47576455
2024-02-13,0.8230158413819726,0.8230158413819726,0.8364345779262439,0.8230158413819726,15452325
2024-02-14,0.8219544622185992,0.829986590513895,0.8317715079128497,0.821062003519122,25933175
2024-02-15,0.820930143739758,0.8227147744870185,0.8307456128496898,0.820930143739758,59645190
2024-02-16,0.8240921513965788,0.8321539224428497,0.8321539224428497,0.8240921513965788,62316775
2024-02-19,0.8095068038085349,0.8318441880195871,0.8318441880195871,0.8077198130716507,52360400
2024-02-20,0.8134218919666419,0.8196721150662759,0.8277081161943767,0.8053858908385413,109672845
2024-02-21,0.8290211249904375,0.8200684130574953,0.8290211249904375,0.8111157011245532,71447415
2024-02-22,0.8482622762248138,0.8294518139220459,0.8482622762248138,0.8294518139220459,91715560
2024-02-23,0.8643724257651696,0.8455427359922768,0.8643724257651696,0.8455427359922768,61868585
2024-02-26,0.8779780459111549,0.8645533051479873,0.8779780459111549,0.8636583224304429,69661930
2024-02-27,0.8780853733509711,0.874515920613772,0.8780853733509711,0.8727311942451724,75179735
2024-02-28,0.8979526548108442,0.8774433091696829,0.8988443654908946,0.8747681771295314,111498855
2024-02-29,0.9428759741183395,0.8966216810483831,0.9428759741183395,0.8895056359606975,209449692
2024-03-01,0.8937950535334495,0.9258434817477963,0.9258434817477963,0.8937950535334495,47865942
2024-03-04,0.8846634794657788,0.9016247368924689,0.9087663189668647,0.8837707817064794,38678334
2024-03-05,0.8755003092693915,0.8844339858945894,0.9031947068075049,0.8755003092693915,34728160
2024-03-06,0.8849874168797954,0.8805177834612106,0.8912449036658142,0.8760481500426257,51257570
2024-03-07,0.8780260665629035,0.8869855162217086,0.8869855162217086,0.8726503967676205,40580045
2024-03-08,0.8850828496961617,0.8796969500022703,0.893161699236999,0.8725157504104151,28465220
2024-03-11,0.875472381989796,0.8925679372393399,0.8943674693708709,0.8745726159240307,16911410
2024-03-12,0.8951985105191687,0.8780179330445582,0.9042409197163319,0.8780179330445582,50486390
2024-03-13,0.8747722761377592,0.8846923741145791,0.9009252617130119,0.8747722761377592,154468705
2024-03-14,0.8726760238761299,0.8780963718505159,0.8853235024830304,0.8600285452692296,93014875
2024-03-15,0.8775723583681752,0.870364371851804,0.8775723583681752,0.8586513937627012,151620355
2024-03-18,0.860145418690699,0.8637443534969363,0.8637443534969363,0.8439502120626315,123661060
2024-03-19,0.8282875246853202,0.8588317501075554,0.8660186266774932,0.8282875246853202,49329220
2024-03-20,0.8327363874092857,0.8407951266422788,0.8407951266422788,0.8255730636466252,30990120
2024-03-21,0.8360696799707492,0.8298236951684064,0.8387465306003247,0.8235777103660634,129032930
2024-03-22,0.8398856463355661,0.8416726370724502,0.8416726370724502,0.8345246741249135,106150170
2024-03-25,0.8353773263164204,0.831822529183159,0.8415982212996278,0.8256016341999517,82238110
2024-03-26,0.8358527544482132,0.8358527544482132,0.8358527544482132,0.8234038836372822,50937030
2024-03-27,0.8330073524589102,0.8356743984112867,0.8356743984112867,0.8267842452366985,34869130
2024-04-01,0.836894589168447,0.836894589168447,0.8377849025611793,0.8297720820265878,43767710
2024-04-02,0.8210720977570202,0.8397530447265733,0.8415321825331973,0.8210720977570202,103185985
2024-04-03,0.8170225128937951,0.8276793282793663,0.8276793282793663,0.8134702410986047,58532730
2024-04-04,0.7880304772268125,0.8182028153188302,0.8324015626562502,0.7853682121010463,146094695
2024-04-05,0.7527090632488292,0.7835939603340684,0.7941830679061505,0.7527090632488292,490005855
2024-04-08,0.7592920353982301,0.7672566371681416,0.7805309734513275,0.7548672566371681,217631970
2024-04-11,0.7363340747952865,0.7610847999984893,0.7610847999984893,0.7336822113806576,99218745
2024-04-12,0.7032896787738313,0.7396056445543439,0.7440344208690406,0.7032896787738313,273041150
2024-04-15,0.6854397182329203,0.7031056903523254,0.708405481988147,0.6854397182329203,90510800
2024-04-16,0.6856539955633355,0.6821378212271132,0.6926863442357799,0.6768635597227799,88368430
2024-04-17,0.702079963709751,0.6863225580404548,0.702079963709751,0.6836963237622387,108525175
2024-04-18,0.6983045033965543,0.7009264226833999,0.7009264226833999,0.6869428531535564,35147715
2024-04-19,0.68082504148425,0.6895647724404022,0.6983045033965543,0.6790770952930196,62013595
2024-04-22,0.6785440674311237,0.695942633262691,0.695942633262691,0.6776741391395454,23010135
2024-04-23,0.6779896877237545,0.6779896877237545,0.684074210562301,0.6779896877237545,16283250
2024-04-24,0.7004704726874587,0.6804321382697824,0.7039554004122718,0.6804321382697824,51048640
2024-04-25,0.6911924991438997,0.6981044241353387,0.6998324053831985,0.6886005272721101,32574725
2024-04-26,0.6958646522340057,0.6932649088259085,0.6975978145060705,0.6923983276898762,16853320
2024-04-29,0.7157712210382997,0.6984401987371303,0.72703638553406,0.6967070965070133,28013420
2024-04-30,0.7372840062711812,0.7164665755058771,0.7442231498596158,0.7164665755058771,16981900
2024-05-02,0.7014985028616356,0.7240714744883715,0.7310170042196749,0.7014985028616356,50463130
2024-05-03,0.7042131087585226,0.7042131087585226,0.71988163281001,0.6868036375902031,30994480
2024-05-06,0.7071714690647217,0.7080466812789108,0.7132979545640449,0.6896672247809416,39829775
2024-05-07,0.692767937909898,0.7067632497868656,0.7076379567791761,0.6918932309175874,42299270
2024-05-08,0.6996064806953631,0.7092260698049243,0.7092260698049243,0.690861399686671,11932415
2024-05-09,0.6839408877473424,0.7022373955724306,0.7022373955724306,0.6804558386378018,37870260
2024-05-10,0.6943595097687353,0.6943595097687353,0.6952329179571236,0.6847520196964635,14094085
2024-05-13,0.6753698778891849,0.6892950300106114,0.6892950300106114,0.6736292338740066,37753080
2024-05-14,0.6615129350184625,0.6839957275811815,0.6839957275811815,0.6615129350184625,13040860
2024-05-15,0.6411700405564843,0.6584989605715243,0.6636976365760363,0.6333720265497161,189666265
2024-05-16,0.6475622781633731,0.6475622781633731,0.6562777866177927,0.6432045239361633,130828070
2024-05-17,0.6510257979290883,0.6475397160124666,0.6562549208040207,0.6475397160124666,129902220
2024-05-20,0.6475381380441582,0.6527392475866814,0.6570735055387843,0.6432038800920554,161339845
2024-05-21,0.6531104738454936,0.6462174873141427,0.6582802137440068,0.6462174873141427,171972735
2024-05-22,0.6500206307999935,0.6534598933968189,0.6706562063809457,0.6448617369047555,249953760
2024-05-23,0.6517465996063623,0.6517465996063623,0.6724369678478341,0.6465740075459944,44522580
2024-05-24,0.6475994142606575,0.652752725249469,0.652752725249469,0.6467405290958554,52650485
2024-05-27,0.6479889962572956,0.6505672018126959,0.6660364351450981,0.6479889962572956,131102155
2024-05-28,0.6197599959388354,0.6490264401915026,0.6498872179636398,0.6197599959388354,380394290
2024-05-29,0.6245033170190876,0.6227757836386751,0.6270946170897062,0.6132743500464068,157669145
2024-05-30,0.633225516499736,0.6229569946105511,0.633225516499736,0.6186784438233907,128366025
2024-05-31,0.5997604521499939,0.6339835877933601,0.6391170581398651,0.5997604521499939,5482204440
2024-06-03,0.6299615795028162,0.6145966629295767,0.6342296118842715,0.6120358435007035,647079200
2024-06-04,0.6482981986155932,0.629531671813563,0.6517102943977806,0.624413528140282,535953970
2024-06-05,0.6402418436745012,0.6427892250153812,0.6470348605835144,0.6351470809927412,335812580
2024-06-06,0.6451393081662583,0.6468415226996785,0.650245951766519,0.6434370936328381,281252130
2024-06-07,0.6569966041381785,0.651877150079959,0.6612628158533614,0.6467576960217393,211100670
2024-06-10,0.6559332174831746,0.6559332174831746,0.6610443854116148,0.6508220495547343,53808400
2024-06-11,0.6545392757522872,0.6587895307896398,0.6664399898568744,0.6545392757522872,181264510
2024-06-13,0.6657858111355356,0.6546321828562033,0.6717916109782531,0.6546321828562033,191095440
2024-06-14,0.6552934906931748,0.6621105881256135,0.6646669996627781,0.6535892163350651,136425010
2024-06-18,0.658220484507641,0.6616353767748663,0.6616353767748663,0.6539518691736097,71175115
2024-06-19,0.6654722345299721,0.6577937087469339,0.6663254040614207,0.6569405392154852,235278870
2024-06-20,0.6680282407704682,0.6646242752124021,0.6714322063285343,0.6637732838228856,83667235
2024-06-21,0.6593257252870843,0.6652732511595194,0.6686718373723395,0.6584760787338794,68487360
2024-06-24,0.6557934012867053,0.6591912945576208,0.6625891878285364,0.6455997214739586,118815080
2024-06-25,0.6373008285728976,0.6475249060366339,0.6620090157769272,0.6304847769304067,139269710
2024-06-26,0.6604817551361073,0.6409056206410938,0.6604817551361073,0.6375010755115263,30142290
2024-06-27,0.6592232006717358,0.6575263584563645,0.6592232006717358,0.64480004184108,56994535
2024-06-28,0.6620821387248432,0.6629353373572207,0.6629353373572207,0.6561097482982017,65073365
2024-07-01,0.6455198408942464,0.6634746973959407,0.6634746973959407,0.6412448750605098,177468405
2024-07-02,0.6375661998291215,0.6426735392136005,0.6435247624443469,0.6256490745986706,71691210
2024-07-03,0.6380046570497814,0.6431086943061797,0.6431086943061797,0.6184391809002548,70239045
2024-07-04,0.6402386875204312,0.6393861726235998,0.64535377690142,0.6308610236552851,179314200
2024-07-05,0.6336810022209118,0.6439569103650347,0.6473822130797423,0.6336810022209118,30849795
2024-07-08,0.6321976451939222,0.6321976451939222,0.6415951777576155,0.6296346817674603,157636795
2024-07-09,0.6217713879182639,0.6414422846474525,0.6414422846474525,0.6183503624001441,76145995
2024-07-10,0.6232154205943955,0.6274898747822857,0.6360387831580662,0.615521403056193,56257920
2024-07-11,0.6349888446816374,0.6263963028050252,0.6367073530569597,0.6238185402420415,73049195
2024-07-12,0.6224423021964584,0.6361979331842254,0.6404965678679025,0.6224423021964584,247409430
2024-07-15,0.6361192338965054,0.6207085391318525,0.6429684315696844,0.6198523894227052,98015290
2024-07-16,0.6358074222209003,0.6426624887677562,0.6426624887677562,0.6332367722658292,52883715
2024-07-17,0.6387502639419571,0.6378928810373371,0.6421797955604375,0.6301764348957564,43162510
2024-07-18,0.6259673094557126,0.6423043683563424,0.6423043683563424,0.6259673094557126,49478785
2024-07-19,0.6263855031675406,0.6272447425408842,0.635837136274321,0.6255262637941968,37563380
2024-07-22,0.6137493378397291,0.6317503659048609,0.6317503659048609,0.6137493378397291,118695260
2024-07-23,0.6103929585670506,0.6146734140969738,0.6223782340508357,0.6009759564012196,78474125
2024-07-25,0.6206082867319743,0.609495466170658,0.6206082867319743,0.6069309691180466,2575420
2024-07-26,0.6084741999857993,0.6161655873451704,0.6204385803225987,0.6084741999857993,46229990
2024-07-29,0.610006847629907,0.6168608571538384,0.6185743595348213,0.610006847629907,10956540
2024-07-30,0.6055746818949145,0.6064276039820904,0.6115451365051461,0.6004571493718589,62167520
2024-07-31,0.6054137104473128,0.607121506527559,0.6096832006479286,0.6045598124071896,40833665
2024-08-01,0.6103004291845493,0.6094420600858369,0.615450643776824,0.607725321888412,12720400
2024-08-02,0.6090228128175611,0.6167537088899984,0.6167537088899984,0.6055868590075889,43394345
2024-08-05,0.5817265391935765,0.6084825076134591,0.6084825076134591,0.5696431986168553,134557825
2024-08-06,0.5809013637233785,0.5852364485272843,0.5947736350958771,0.578300312841035,35342030
2024-08-07,0.5720724488927459,0.5824737661453413,0.5850740954584901,0.5703388960173132,75084625
2024-08-08,0.5722933585063013,0.5809908259608043,0.5809908259608043,0.5696841182699504,83423915
2024-08-09,0.5705285325205283,0.5784039263743391,0.5915295827973575,0.5696534887589936,140672365
2024-08-12,0.5700567285929719,0.5735486534235567,0.5735486534235567,0.5683107661776794,30454815
2024-08-13,0.5698702805575543,0.5716183489028228,0.5733664172480913,0.5681222122122856,37162325
2024-08-14,0.6093807699971219,0.5742072767793948,0.6093807699971219,0.5733279394489517,104195510
2024-08-15,0.5892492664934222,0.6042003672850463,0.6138746089737444,0.5848518839076504,78254355
2024-08-16,0.6036217432743058,0.5878750891019326,0.6044965573949932,0.5878750891019326,128787605
2024-08-19,0.6210146490684317,0.61137972503493,0.6262700621776145,0.6078761162954748,70131580
2024-08-20,0.6284977670993466,0.6258496023503325,0.6364422613463888,0.6258496023503325,136104590
2024-08-21,0.6284556108513756,0.6337890389491241,0.6382335623639146,0.6266778014854594,39317615
2024-08-22,0.6273279742245004,0.6300012468419344,0.6300012468419344,0.6095061567749407,86493700
2024-08-27,0.6168976391713107,0.6285203483151179,0.6285203483151179,0.606168984577027,70536745
2024-08-28,0.605968907003833,0.6086383735545108,0.6157569510229846,0.605968907003833,21751955
2024-08-29,0.5933741522150039,0.6058287820965781,0.6093872477770279,0.5907053029546665,55736035
2024-08-30,0.5921169998341318,0.5974674546519101,0.601034424530429,0.5903335148948724,42470085
2024-09-02,0.5905266644764099,0.5914160118626696,0.5958627487939678,0.5887479697038907,22048065
2024-09-03,0.5898294200541302,0.5898294200541302,0.5986857176525405,0.5898294200541302,13667445
2024-09-04,0.5920516030194084,0.5902789934295299,0.593824212609287,0.5831885550700161,33398885
2024-09-05,0.5940453438446246,0.5940453438446246,0.596705248369302,0.5851789954290332,54914865
2024-09-06,0.5993594737652125,0.5993594737652125,0.6020431729014746,0.5939920754926883,146579905
2024-09-09,0.6061415302616695,0.5963506979079568,0.6105919086042662,0.5936804709023988,98499980
2024-09-10,0.6237525004378146,0.6112774504290582,0.6415740004503235,0.6112774504290582,134504530
2024-09-11,0.6337135500776471,0.6337135500776471,0.635498658669415,0.6238954528229229,90152085
2024-09-12,0.6416443165409157,0.6344950762451952,0.6416443165409157,0.6291331460234049,105030685
2024-09-13,0.6475204978730987,0.6412771872875456,0.6510881039219863,0.6386014827508797,68382025
2024-09-16,0.65,0.65,0.6517857142857143,0.6464285714285715,67549065
2024-09-17,0.6447094537003126,0.6536886940025454,0.6545866180327687,0.6447094537003126,90341810
2024-09-18,0.6460875666065845,0.6451902227640754,0.6640344434567674,0.6451902227640754,83600065
2024-09-19,0.64680727636802,0.64770561980742,0.6557907107620203,0.6432139026104199,93393930
2024-09-20,0.6672798269465299,0.6510486960208035,0.672690203921772,0.6510486960208035,137471735
2024-09-23,0.6857810402212263,0.6705015150786826,0.6911738138009478,0.6651087414989614,108736600
2024-09-24,0.6730545872214356,0.6837805567389088,0.6837805567389088,0.672160756428313,54718490
2024-09-25,0.6532438478747203,0.6765100671140939,0.6791946308724832,0.6505592841163311,35060125
2024-09-26,0.6754090189150654,0.6556759532893928,0.6754090189150654,0.6556759532893928,70928840
2024-09-27,0.6783919449369137,0.6756999134093863,0.6783919449369137,0.667623818826804,67588045
2024-09-30,0.6628010794946849,0.6743978682341613,0.6815343536123006,0.6619090188224176,64444930
2024-10-01,0.6721985742858608,0.6695275865734667,0.6802115374230433,0.6650759403861431,75266070
2024-10-02,0.6681474718878342,0.6690359658664083,0.6752554237164281,0.6654819899521115,23945230
2024-10-03,0.6578362646038748,0.6685038797055592,0.6756156231066822,0.6578362646038748,90319045
2024-10-04,0.6579883522565578,0.6633233929505299,0.6633233929505299,0.6535424850115811,39951690
2024-10-07,0.6623457499705845,0.6614578870349671,0.6756636940048456,0.6614578870349671,59195790
2024-10-08,0.6629571544297131,0.6664788391809998,0.6664788391809998,0.6567942061149614,45542440
2024-10-09,0.654572313719794,0.6624905271922108,0.6624905271922108,0.6528127107259235,33651830
2024-10-10,0.6526614420496408,0.6517853864227285,0.6605459426918513,0.6482811639150794,39160325
2024-10-11,0.6365983140176689,0.657527573656606,0.657527573656606,0.633110104077846,41364200
2024-10-14,0.655342349446055,0.6387403432600881,0.6579637188438391,0.6387403432600881,57177205
2024-10-15,0.6514317706243454,0.6566571591587653,0.6601407515150451,0.6514317706243454,33637340
2024-10-16,0.6526147711981802,0.6526147711981802,0.6552148300475754,0.6491480260656535,25213275
2024-10-17,0.650721661190959,0.6524523039068925,0.6645668029184262,0.6489910184750256,77156815
2024-10-18,0.6387588988941213,0.6517594192243952,0.6569596273565046,0.6370254961834181,44726615
2024-10-21,0.6398887336816552,0.6477134600446103,0.6537993583269086,0.6381499056009986,17571905
2024-10-22,0.6412147505422994,0.6403470715835141,0.6446854663774403,0.6377440347071583,24397490
2024-10-23,0.6348958683365796,0.6400928331524316,0.6435574763629995,0.6348958683365796,18636925
2024-10-24,0.621770567449674,0.6372717727323527,0.6372717727323527,0.6209093893784139,22469095
2024-10-25,0.6183928877361946,0.6235749510412466,0.6322117232163331,0.6088924383435995,24776765
2024-10-28,0.5994364241664507,0.6113909967281748,0.612244894768298,0.5823584633639878,72854540
2024-10-29,0.5880936890813753,0.6052894109843394,0.6052894109843394,0.5769164698444484,65802155
2024-10-30,0.6009284747540304,0.5880330139223989,0.6009284747540304,0.5837345269785217,175886660
2024-10-31,0.599996563513034,0.6017157513741029,0.6042945331657062,0.593979405999293,30898055
2024-11-04,0.6039807950803234,0.5988332314858887,0.6048387223460624,0.5928277406257151,53907040
2024-11-05,0.6062682029463392,0.6028429588618966,0.6096934470307818,0.6028429588618966,39200300
2024-11-06,0.6138756389608021,0.6095887979066065,0.6241640574908714,0.6095887979066065,135033700
2024-11-07,0.5869942665307393,0.6091128910666802,0.6091128910666802,0.5810392522326013,81354720
2024-11-08,0.6187055217784753,0.5929261250377055,0.6195648350031675,0.5869109324648591,123325265
2024-11-11,0.5863493784496647,0.6172098720522786,0.6172098720522786,0.5863493784496647,196536930
2024-11-12,0.5774479804977991,0.5876833952185874,0.5970658587126432,0.5757420780443344,276816090
2024-11-13,0.5784182137733542,0.5758663687125894,0.5784182137733542,0.5563022232467261,163839250
2024-11-14,0.5866302925997734,0.579809010127683,0.5866302925997734,0.5576398420933893,213076065
2024-11-15,0.5782116437601231,0.5646066639069438,0.5875650674091839,0.5646066639069438,35799660
2024-11-18,0.5973307666776952,0.588797470010871,0.5998907556777425,0.5819708326774117,85011565
2024-11-19,0.5850700284310282,0.6004441313679019,0.6081311828363388,0.5850700284310282,114227785
2024-11-20,0.5829070725771407,0.582057353812451,0.5965025728121761,0.5718607286361745,108741035
2024-11-21,0.563740875328194,0.5806954881200193,0.5849341413179756,0.563740875328194,75737425
2024-11-22,0.5750739064387518,0.5776222398498541,0.5776222398498541,0.5623322393832403,9957275
2024-11-25,0.5976874541608772,0.5764325660328232,0.5985376496859994,0.5755823705077011,61539885
2024-11-26,0.5819378513924314,0.5853310750157109,0.6031454990379281,0.5819378513924314,159953255
2024-11-27,0.5751221474550305,0.5929356652965581,0.5929356652965581,0.5751221474550305,25970970
2024-11-28,0.5624872232218235,0.577827783855146,0.5812367973292177,0.5616349698533057,118041015
2024-11-29,0.5796211965776393,0.568540203113655,0.5804735806902535,0.5659830507758126,57861625
2024-12-02,0.5866079284363643,0.5806308461961103,0.5874617973278292,0.5755076328473211,24018210
2024-12-03,0.5725353770391401,0.5844809735794502,0.5878940011623959,0.5716821201434038,31318410
2024-12-04,0.5881848719497385,0.577038511402586,0.5881848719497385,0.5761810990528051,42359330
2024-12-05,0.5965376878510065,0.5913803015007095,0.5982568166344386,0.5896611727172771,153541620
2024-12-06,0.6018245417920661,0.5983558124445614,0.6018245417920661,0.5896839890757997,8101645
2024-12-09,0.5875745098725602,0.5996716321346424,0.5996716321346424,0.5849822693878283,15642645
2024-12-10,0.5865127865129705,0.5977090658443488,0.5977090658443488,0.5839290297441909,44590420
2024-12-11,0.5822366341189893,0.5942947892634655,0.5942947892634655,0.5805140405269213,11173715
2024-12-12,0.5840541402811592,0.5789158340616769,0.5840541402811592,0.5737775278421946,59874930
2024-12-13,0.580038446796553,0.5851867170343923,0.5851867170343923,0.5757482215983537,58212720
2024-12-16,0.5772646719944647,0.5772646719944647,0.5815343811068499,0.5772646719944647,16822895
2024-12-17,0.5750853392066654,0.5767918238927384,0.5767918238927384,0.5639931887471895,25488630
2024-12-18,0.5618263512795147,0.5703131541689335,0.5711618344578753,0.5609776709905728,6685720
2024-12-19,0.5507275717886636,0.5583063915839205,0.5583063915839205,0.5473592074352162,93674600
2024-12-20,0.5609001632628714,0.5634497094595208,0.5693986505850361,0.5609001632628714,70153500
2024-12-23,0.5618934149023393,0.5618934149023393,0.5652988295381112,0.5550825856307959,6119570
2024-12-26,0.5896551724137932,0.5810344827586207,0.5896551724137932,0.5784482758620689,5736175
2024-12-27,0.5925683288383895,0.5934308737129723,0.5942934185875551,0.5779050659704817,26483520
2025-01-02,0.5942393777221705,0.6003565477869576,0.6003565477869576,0.5942393777221705,16800910
2025-01-03,0.5872324279156298,0.5855103386842057,0.6010091417670229,0.5855103386842057,33918965
2025-01-06,0.5890243757629379,0.5984831613591309,0.5993430509587849,0.588164486163284,3805665
2025-01-07,0.6042087649071811,0.5998929880149869,0.6042087649071811,0.5921245896090375,95815385
2025-01-08,0.6059980182435081,0.6025548476853063,0.6059980182435081,0.5913645433711506,78286305
2025-01-09,0.5967400897675292,0.5967400897675292,0.5975925756100543,0.5890677171848039,35714370
2025-01-10,0.6012712686906079,0.5952585560037018,0.6012712686906079,0.5875279254062512,50901700
2025-01-13,0.5710973554514975,0.5966688788299228,0.5966688788299228,0.5710973554514975,80308070
2025-01-14,0.559236362255407,0.5720433018490423,0.5771660776864963,0.559236362255407,88293750
2025-01-15,0.5636400869507031,0.5627860868189597,0.570472088004651,0.5619320866872161,22674560
2025-01-16,0.5770681822181282,0.5702085307207359,0.5813554644039983,0.5702085307207359,10907695
2025-01-17,0.577708650548315,0.5751448547618581,0.5811270449302578,0.5691626645934583,10471140
2025-01-20,0.5737873500940704,0.582351340393982,0.582351340393982,0.5609413646442032,26117695
2025-01-21,0.5803955135750082,0.5812553587803045,0.5838348943961935,0.5674978354955637,6272700
2025-01-22,0.5689803062244224,0.5784061847913933,0.5818337769975646,0.5681234081728795,11663065
2025-01-23,0.5829904008558736,0.5709876573088409,0.5864197561550258,0.5658436243601127,53444050
2025-01-24,0.5932377618393847,0.5829504018074878,0.5932377618393847,0.5812358418021717,11782735
2025-01-27,0.5914209483114923,0.5931401952542583,0.5939998187256412,0.5862632074831944,14068570
2025-01-28,0.5779010536744833,0.5838941016385151,0.5890309998933994,0.5779010536744833,18823460
2025-01-30,0.580231073045463,0.5785194769597831,0.5862216593453424,0.5716730926170639,41526285
2025-01-31,0.5520315273307062,0.5828904325852176,0.5940339261493467,0.5520315273307062,285212495
2025-02-03,0.5375699847173081,0.5572580574059992,0.5726661142928011,0.5341459720757965,78688580
2025-02-04,0.5498633750832919,0.5370559983344574,0.5558401508994145,0.5370559983344574,73937365
2025-02-05,0.5729076714910464,0.5556514163256534,0.5841242373485518,0.5547886035673837,55331315
2025-02-06,0.5752404039196964,0.5752404039196964,0.5865026407434255,0.571775100281626,23775255
2025-02-07,0.5698005607930934,0.5715272291591331,0.5870672444534902,0.5698005607930934,81156580
2025-02-10,0.5690744754291768,0.5769297979427697,0.5865307476816055,0.5673288482039339,56767335
2025-02-11,0.561224492758079,0.5698720196110539,0.573331030352244,0.5603597400727814,37016075
2025-02-12,0.5592416914548023,0.5583799939333002,0.5644118765838143,0.5506247162397822,21258575
2025-02-13,0.5599723411375735,0.555651566900401,0.5677497347644843,0.555651566900401,38768385
2025-02-14,0.5535853270661563,0.562235097801565,0.569154914389892,0.5535853270661563,125465550
2025-02-17,0.5425818098388522,0.5634169513366641,0.5634169513366641,0.54171367894311,46961260
2025-02-18,0.5507521872997169,0.546429171700818,0.5559398060183954,0.5429707592216989,65145055
2025-02-19,0.558803302704034,0.5536451183713814,0.558803302704034,0.5476272366499534,60757370
2025-02-20,0.5652585227778085,0.5592359814392321,0.5721414271647528,0.5506323509555516,22890365
2025-02-21,0.5798355537038712,0.5685850131096171,0.5815664061029873,0.5685850131096171,25424115
2025-02-24,0.5811532755314016,0.5802858825828473,0.5820206684799559,0.5646728095088692,26706965
2025-02-25,0.5726773156067152,0.5787236824381586,0.5804512158185711,0.5631758820144469,18516305
2025-02-26,0.579935953500646,0.579935953500646,0.5859949858506528,0.5678178888006324,63116220
2025-02-27,0.5796850574369697,0.5744938479673849,0.5848762669065545,0.5727634448108566,24734555
2025-02-28,0.5674860002745135,0.583009933412722,0.5838723741426225,0.5674860002745135,31556215
2025-03-03,0.5618948809519648,0.5688105102559889,0.5783195005490223,0.5610304272889618,9750980
2025-03-04,0.5669405874705076,0.5634730609416359,0.5686743507349432,0.5608724160449822,6691330
2025-03-05,0.5788825044638666,0.5728072757813372,0.5788825044638666,0.565864157287018,11206060
2025-03-06,0.5761776897416317,0.5822886652388916,0.5822886652388916,0.5726857037431976,22077360
2025-03-07,0.5858077067343287,0.5788129878479488,0.5875563864559238,0.5770643081263537,12052040
2025-03-10,0.5813851723340691,0.5901409731222328,0.5936432934374981,0.5813851723340691,17897520
2025-03-11,0.565866926744978,0.5771842652798775,0.5815370877933004,0.5571612817181322,39345400
2025-03-12,0.5652440597230953,0.5696257966201735,0.5783892704143301,0.5617386702054327,21890285
2025-03-13,0.5664164685185938,0.5629254579267996,0.5777622529419246,0.5629254579267996,48970885
2025-03-14,0.5694820614599085,0.5721023776936198,0.5799633263947536,0.5694820614599085,15713060
2025-03-17,0.5697009986089951,0.5810600675996652,0.5810600675996652,0.5679534495335073,73650780
2025-03-18,0.5698802369813499,0.5733764347542416,0.5847390775161397,0.5690061875381269,69803010
2025-03-19,0.5720283298572978,0.5816496014604021,0.5816496014604021,0.57115366880247,35550460
2025-03-20,0.5708364260384622,0.56732358649361,0.5725928458108882,0.5506375986555627,36135520
2025-03-21,0.5620731860784057,0.5629486894835123,0.5690772133192582,0.557695669052873,20374855
2025-03-24,0.5653266304565955,0.5618369598982216,0.5740508068525306,0.5583472893398475,45707395
2025-03-25,0.5446280298314063,0.562112075732896,0.562112075732896,0.5437538275363318,54497000
2025-03-26,0.5445846164588113,0.5419747860284975,0.5532840512265239,0.5411048425517263,44351035
2025-03-27,0.5474705358922558,0.5526680409798405,0.5526680409798405,0.543139281652602,52216200
2025-03-28,0.55865922978277,0.5534217995035565,0.55865922978277,0.5464385591312719,23856090
2025-03-31,0.5752135369425543,0.5490674670815291,0.5752135369425543,0.5429667174472899,54504145
2025-04-02,0.5722786200435973,0.5757787950897355,0.5757787950897355,0.5582779198590444,34452905
2025-04-03,0.5651450236766596,0.5721545743579205,0.5730307681930782,0.5563830853250835,28870890
2025-04-04,0.5666344457740609,0.561363427673837,0.5666344457740609,0.5587279186237251,6878305
2025-04-07,0.5359169081220988,0.5629746021803806,0.5629746021803806,0.5359169081220988,25170260
2025-04-08,0.5707802317583364,0.5411066417280864,0.5707802317583364,0.5341246205444983,18077705
2025-04-10,0.5637383953736143,0.5698755163185836,0.5725057110092847,0.56198493224648,23448150
2025-04-11,0.569105694093492,0.5708540986836409,0.5708540986836409,0.5507474458969277,42824310
2025-04-14,0.56087505019821,0.5678641473969416,0.5696114216966245,0.5600014130483685,7049355
2025-04-15,0.5688491724356902,0.5697256734718006,0.5697256734718006,0.5627136651829169,5927095
2025-04-16,0.5651713282173809,0.5651713282173809,0.5722359698200982,0.5651713282173809,7067315
2025-04-21,0.5722359698200982,0.5651713282173809,0.5766513708217964,0.5651713282173809,11405055
2025-04-22,0.5763509986089013,0.5763509986089013,0.5781216621990977,0.5701536760432143,5787985
2025-04-23,0.5776205063002398,0.5749668133157058,0.5793896349565958,0.5749668133157058,3624305
2025-04-24,0.5802622394909447,0.5784904463932624,0.5802622394909447,0.5705173774536922,6425680
2025-04-25,0.581292153200246,0.5697550570298594,0.5866169668173474,0.5697550570298594,6525655
2025-04-28,0.5918476293944898,0.5882876436537711,0.5945176187000288,0.5873976472185913,31637325
2025-04-29,0.5912642077492811,0.5930397759407204,0.5948153441321598,0.5877130713664026,15592985
2025-04-30,0.5806163624109024,0.5931219456012911,0.5975882253121442,0.5806163624109024,68296050
2025-05-02,0.5950463685279752,0.5816242699897501,0.5977307882356202,0.5816242699897501,33330135
2025-05-05,0.5977205900807719,0.5977205900807719,0.6058100416758501,0.5905299664407025,37369380
2025-05-06,0.593899051841919,0.5974984400349004,0.6019976752761271,0.5902996636489377,32313380
2025-05-07,0.6099981969514228,0.6027792833780332,0.6136076537381177,0.5955603698046436,61783485
2025-05-08,0.6023444461757919,0.6131650050891294,0.6140667183319075,0.6023444461757919,38288215
2025-05-09,0.6118802244407777,0.6028554423693798,0.6127827026479176,0.5956356167122615,33145755
2025-05-13,0.6104786844356188,0.608683158893161,0.6104786844356188,0.5961144800959572,37959890
2025-05-14,0.6684612116642595,0.6280843599529955,0.6765365820065123,0.6280843599529955,459337005
2025-05-15,0.663141880352165,0.6676225687329229,0.6721032571136808,0.6577650542952557,164965895
2025-05-16,0.6443785581300983,0.6623528554280089,0.6623528554280089,0.6407836986705161,54102950
2025-05-19,0.6416460698717125,0.6550883758047791,0.6550883758047791,0.6416460698717125,22819630
2025-05-20,0.630142900187613,0.6453810642035297,0.6453810642035297,0.6274538124200983,33996190
2025-05-21,0.6269705311291455,0.6332762692295824,0.640482827058653,0.6224664324859763,68315110
2025-05-22,0.6270835331074416,0.6270835331074416,0.6306874614586339,0.6171727301416631,26970370
2025-05-23,0.6433327370223064,0.6280367139042936,0.6460320352196028,0.6271369478385281,53385400
2025-05-26,0.6365228510891818,0.6464544133047576,0.6482601518894079,0.6347171125045317,17716185
2025-05-27,0.6448987117805693,0.6367583353345313,0.6476121705959152,0.6358538490627492,38686950
2025-05-28,0.6525462099271113,0.6471383684083782,0.6597566652854219,0.6471383684083782,125478660
2025-05-29,0.6585475958941261,0.6531348759278731,0.6675687958378813,0.6531348759278731,101287050
2025-05-30,0.6205147683586297,0.6591845292853269,0.6645803098797498,0.6205147683586297,1190239255
2025-06-02,0.5914932477171713,0.6201717082125493,0.6219641119935104,0.5914932477171713,63861350
2025-06-03,0.6012060087575644,0.5994059907672722,0.6075060717235867,0.5949059457915419,44928470
2025-06-04,0.6139877859728462,0.6103919570652454,0.6139877859728462,0.5942107269810415,53283735
2025-06-05,0.6148867431997465,0.6139877859728462,0.6202804865611478,0.6112909142921455,39540210
2025-06-09,0.6158964147471078,0.6149972958934624,0.6185937713080439,0.6131990581861715,71535580
2025-06-10,0.6166393686268326,0.6247411997474771,0.6247411997474771,0.6148389617111338,35968720
2025-06-11,0.6177156126453691,0.618612151996088,0.620405230697526,0.6141294552424932,4179930
2025-06-13,0.6366018349739755,0.6273757214236281,0.6412148917491493,0.6273757214236281,14988225
2025-06-16,0.6070366525937935,0.6070366525937935,0.6105762249121247,0.6026121871958796,7605125
2025-06-17,0.6110322693747273,0.6101454300868104,0.6172401443901454,0.6101454300868104,16530725
2025-06-18,0.6115498938948726,0.6142243103404771,0.6168987267860815,0.6097669495978031,8025715
2025-06-19,0.606076660232332,0.6051944525755163,0.6087232832027789,0.6051944525755163,14599425
2025-06-20,0.6128468411232206,0.6057823242226646,0.6128468411232206,0.6040161949975258,29406800
2025-06-23,0.5890681573829852,0.6030519712081006,0.60479994793624,0.5785802970141487,22748845
2025-06-24,0.598581675591488,0.5915601896607962,0.598581675591488,0.5915601896607962,13641640
2025-06-25,0.6130377619281863,0.6148198484454194,0.6148198484454194,0.5987810697903215,11526050
2025-06-26,0.6102536925992773,0.6120276858917172,0.6120276858917172,0.6004967294908587,8325780
2025-06-27,0.6217800573946235,0.6128974851461289,0.6217800573946235,0.6128974851461289,23028535
2025-06-30,0.6171638779083702,0.6198164447188647,0.6268899562135165,0.6003642881085722,46563470
2025-07-01,0.6291689062911763,0.6372813993522374,0.6372813993522374,0.6219578013480109,24389470
2025-07-02,0.6269536120864213,0.6269536120864213,0.6269536120864213,0.613480396926971,8142110
2025-07-03,0.6204314477684021,0.6222142967562423,0.6222142967562423,0.6150829008048814,9667815
2025-07-04,0.6217533423559033,0.6199743628355716,0.6217533423559033,0.6155269140347426,7848480
2025-07-07,0.6163874010261804,0.6199298573539171,0.6225866995997196,0.6110737165345754,13569210
2025-07-08,0.6176991150442478,0.6194690265486725,0.6194690265486725,0.611504424778761,12132030
2025-07-09,0.6183918090876762,0.6228342789805474,0.6228342789805474,0.6175033151091021,10717175
2025-07-10,0.5973980111176196,0.6159837270190566,0.6159837270190566,0.5973980111176196,24725380
2025-07-11,0.5991845433686989,0.5991845433686989,0.6027300140395196,0.5956390726978782,7645735
2025-07-14,0.6038390693846363,0.5994120967351888,0.6109222256237522,0.5985267022052991,9618430
2025-07-15,0.6071409618794872,0.6053760172228607,0.6089059065361137,0.6044935448945477,26054425
2025-07-16,0.5922270139866629,0.6045650767780516,0.6063276571768215,0.5922270139866629,23165160
2025-07-17,0.5985513650582783,0.5994433939182758,0.6056875959382579,0.5905231053183015,5924225
2025-07-18,0.5836610028937704,0.5854084909263865,0.5854084909263865,0.5775447947796141,11614690
2025-07-21,0.5841387902858683,0.585015875556568,0.5885242166393659,0.5832617050151689,47145565
2025-07-22,0.5792014196365288,0.58446688708777,0.5879771987219308,0.5783238417279887,32279390
2025-07-23,0.5768383816788107,0.5830030666738515,0.5882870823838864,0.5750770431087991,31852095
2025-07-24,0.5925532871746079,0.5792871688050271,0.6137790765659371,0.5784027609137218,80828885
2025-07-25,0.5884425825877614,0.5990134074246672,0.6042988198431202,0.5822762680995662,20016465
2025-07-28,0.5776906323553158,0.5881940983981397,0.5881940983981397,0.5733141881708058,21744495
2025-07-29,0.5720301638860565,0.5790489389030634,0.5878224076743219,0.5650113888690498,43269880
2025-07-30,0.5643893108222422,0.5705049844689228,0.573999655124169,0.5608946401669962,31525995
2025-07-31,0.5535667569697081,0.5640443612025732,0.5640443612025732,0.5535667569697081,48948055
2025-08-01,0.541516262533022,0.5449544610252952,0.5449544610252952,0.5406567129099538,42867635
2025-08-04,0.5319702042459412,0.5458326199917638,0.5458326199917638,0.5215733924365743,69863350
2025-08-05,0.5337147276564024,0.5467959709813142,0.5476680538696416,0.5328426447680749,36379990
2025-08-06,0.5217300618527484,0.5339037632959791,0.5365124136052429,0.5208605117496604,144274895
2025-08-07,0.5113527305753456,0.5331681201050106,0.5340407356861971,0.5043718059258528,79877470
2025-08-08,0.5157437460363778,0.5245000065802892,0.5315050150154182,0.5113656157644222,85988425
2025-08-11,0.5011429670349646,0.5187269307905774,0.519606128978358,0.4949885797205001,65981005
2025-08-12,0.5262234850596149,0.5016663890901663,0.527100524201381,0.5007893499484002,43178035
2025-08-13,0.545150779653258,0.5363580251427216,0.5477886060064189,0.5293238215342925,73322575
2025-08-14,0.533248589224103,0.5473743796671257,0.5500229653751924,0.5297171416133474,23645890
2025-08-15,0.5108120252601857,0.5362211997585483,0.5362211997585483,0.5046787762433396,221719380
2025-08-18,0.5197104464775916,0.5197104464775916,0.5258453084090303,0.5188340376302433,29281345
2025-08-19,0.5195261218557956,0.5204036997643358,0.5247915893070367,0.5089951869533131,14757030
2025-08-20,0.5135607911875489,0.5170603536487929,0.5214348067253478,0.5135607911875489,9855925
2025-08-22,0.5262881748188231,0.522791243424678,0.529785106212968,0.515797380636388,12941130
2025-08-26,0.5443317232517362,0.53109837503654,0.5469783928947755,0.5187472500356902,70340805
2025-08-27,0.5234038689947162,0.5418459516270804,0.5418459516270804,0.5190128969393915,49336445
2025-08-28,0.5122498459984322,0.5352127701293964,0.5352127701293964,0.5060675202708649,79255970
2025-08-29,0.5111989528329179,0.521739137427411,0.521739137427411,0.5103206041167101,9200500
2025-09-01,0.509311103188306,0.5233127830010429,0.5233127830010429,0.5084359982000098,11660545
2025-09-02,0.5182921462422678,0.521866574837042,0.5272282177292035,0.5057816461605579,48720805
2025-09-03,0.5022711243353354,0.511006274323776,0.511006274323776,0.4987770643399591,39680030
2025-09-04,0.505579699929943,0.5029601159924821,0.5081992838674039,0.5003405320550213,22258990
2025-09-05,0.5215020708596377,0.5100694790869981,0.5294169420868498,0.5100694790869981,14658660
2025-09-08,0.5151092818198354,0.5292218648833925,0.5301039013248648,0.5115811360539462,40491760
2025-09-09,0.5160277454070594,0.5151456466969618,0.5274950286383274,0.5116172518565717,19737875
2025-09-10,0.5260297194698125,0.5146324088812999,0.5295365842662779,0.5146324088812999,15290125
2025-09-11,0.5380018601855252,0.5292396149056307,0.5380018601855252,0.5257347167936728,8251715
2025-09-12,0.5427265932800981,0.5374744004419035,0.5427265932800981,0.5313468421306766,23869720
2025-09-15,0.5349931071739413,0.5419864811239274,0.5419864811239274,0.5297480767114517,19611640
2025-09-16,0.5431449774089052,0.5361366551197582,0.5501532996980524,0.5343845745474713,15184890
2025-09-17,0.556682848252586,0.5469783928947755,0.5628584107530108,0.5469783928947755,18093540
2025-09-18,0.5559471365638766,0.5559471365638766,0.5638766519823789,0.5497797356828193,95024010
2025-09-19,0.5681520287890511,0.5585371483018519,0.5681520287890511,0.5506704279032342,43940920
2025-09-22,0.5513740488546994,0.5688779869135788,0.5688779869135788,0.5469980643399796,9129070
2025-09-23,0.5400650776803742,0.5550180195705474,0.5558976043876165,0.5391854928633052,6996935
2025-09-24,0.5520711556122483,0.5363476100410134,0.5520711556122483,0.5346005494219873,6474300
2025-09-25,0.5254304905094629,0.5479737128745554,0.5479737128745554,0.5254304905094629,7502470
2025-09-26,0.5332621033934827,0.5229242273987786,0.5332621033934827,0.5168937997352013,5856655
2025-09-29,0.5219888754893685,0.5383279012460374,0.5383279012460374,0.5211289267653333,2358560
2025-09-30,0.51320909015538,0.5226810700072411,0.5244032481621248,0.51320909015538,94839150
2025-10-01,0.5322802044399957,0.515109875264512,0.5322802044399957,0.5116758094294153,7185120
2025-10-02,0.5330948647383458,0.5330948647383458,0.5356743560193378,0.5262162213223671,9437015
2025-10-03,0.5260434674164124,0.5346671308166814,0.5346671308166814,0.5208692693762509,15259955
2025-10-06,0.5128913470399453,0.5267066021790684,0.5267066021790684,0.5128913470399453,21770815
2025-10-07,0.5133928423469636,0.510817292970641,0.515109875264512,0.5065247106767701,7389775
2025-10-08,0.5145664689481595,0.5154283893316572,0.5205999116326437,0.5085330262636752,3757535
2025-10-09,0.5084804293585988,0.5248552228464181,0.5248552228464181,0.5067567668861968,16821920
2025-10-10,0.5031231164381884,0.5056900711138935,0.5056900711138935,0.5022674648796202,7553150
2025-10-13,0.49614585190233207,0.5047296901705385,0.5047296901705385,0.49614585190233207,14202330
2025-10-14,0.4915210544891274,0.499268321547625,0.499268321547625,0.4915210544891274,22257630
2025-10-15,0.4906180052528427,0.4914787385953916,0.4992253386783312,0.48975727191029383,17302030
2025-10-16,0.5068528481789975,0.4965089125018751,0.5085768374585179,0.49306093394283435,7443970
2025-10-17,0.5081913574490755,0.5064686748814515,0.5159434290033834,0.5064686748814515,8306875
2025-10-20,0.5024866199055368,0.5128116874378424,0.5136721097322012,0.5024866199055368,15944695
2025-10-21,0.4900022502667888,0.5011777401851542,0.5071953116796586,0.48828294412550177,87454910
2025-10-22,0.49002751160199903,0.4908872089907745,0.49948418287852886,0.4891678142132236,27512475
2025-10-23,0.4856947150724332,0.48826452837969475,0.4908343416869563,0.4856947150724332,4238280
2025-10-24,0.4905306210647307,0.4837058472064389,0.4905306210647307,0.4828527504741524,4874940
2025-10-27,0.4935640713067122,0.49441651357149063,0.49441651357149063,0.48930185998282005,3062435
2025-10-28,0.4914956511677191,0.4940779400530136,0.4949387030147784,0.4820272585883059,16391945
2025-10-29,0.4976241900647948,0.49676025917926564,0.5002159827213822,0.4950323974082073,3432210
2025-10-30,0.5008259390305362,0.5052191490220321,0.5052191490220321,0.490282235050946,13883005
2025-11-03,0.4812130238866898,0.48719613430801634,0.48719613430801634,0.4701015331042263,26610860
2025-11-04,0.4822053502000885,0.4804984286064598,0.4864726541841601,0.4779380462160169,7883165
2025-11-05,0.4591462128678752,0.4864560247856671,0.4864560247856671,0.4591462128678752,56329925
2025-11-06,0.47017938194509207,0.45910631679058805,0.47103115618774616,0.45910631679058805,11803510
2025-11-07,0.4657487531393602,0.46914837907468404,0.4733979114938388,0.4572496883010507,13287790
2025-11-10,0.46346177206594896,0.46859234518845017,0.4779983959130359,0.46260667654553206,15786130
2025-11-11,0.44419909078402947,0.4594870136026003,0.46118567169355257,0.4425004326930772,32494855
2025-11-12,0.438090075879391,0.4465801936289916,0.4508252525037919,0.438090075879391,52521115
2025-11-13,0.4093161637655706,0.4363783894690794,0.4389154731287834,0.4042419964461627,138570475
2025-11-14,0.4129141993212756,0.41461343470942896,0.4222599939561193,0.4112149639331222,41727570
2025-11-17,0.42773486562670004,0.4124586204257465,0.4311295867824675,0.4124586204257465,17582950
2025-11-18,0.41843490177980136,0.4311661868238115,0.4311661868238115,0.41843490177980136,14258540
2025-11-19,0.425531914893617,0.425531914893617,0.4306382978723404,0.41957446808510634,20791550
2025-11-20,0.4247005739769674,0.4247005739769674,0.4289475797167371,0.4162065624974281,87698695
2025-11-21,0.42939580424723695,0.42939580424723695,0.44127632057028304,0.4268499793208699,16267815
2025-11-24,0.4481510467427726,0.43449311008013575,0.4481510467427726,0.42510327862457287,37545975
2025-11-25,0.44144863546378943,0.4456933338817105,0.4524848513503842,0.44144863546378943,28053090
2025-11-26,0.44325335710557623,0.44240258290767687,0.44750722809507315,0.43559638932448186,18182220
2025-11-27,0.44756814838848813,0.4433136983087496,0.4518225984682266,0.4416119182768542,12471140
2025-11-28,0.46493771909613607,0.44872888118269283,0.46493771909613607,0.4461695909858333,9507515
2025-12-01,0.45306114596135866,0.465883631224416,0.4667384635752865,0.45306114596135866,7379465
2025-12-02,0.4601515620950159,0.4567303608898485,0.4601515620950159,0.4524538593833892,6700065
2025-12-03,0.46073479101358306,0.4615911753834968,0.46244755975341056,0.4453198723551361,19171270
2025-12-04,0.45361875166722876,0.45871559157360214,0.45871559157360214,0.45276927834949987,10161715
2025-12-05,0.44357158366442134,0.45203669022290266,0.4579622648138396,0.44357158366442134,14229370
2025-12-09,0.4534150050872743,0.4517231580533665,0.4534150050872743,0.4441098464007817,8447545
2025-12-10,0.4383746315627054,0.4518630817646348,0.4518630817646348,0.4383746315627054,8068415
2025-12-11,0.44101431926857204,0.4427105281888358,0.44864725940975886,0.43931811034830826,25115810
2025-12-12,0.4422897009013873,0.4422897009013873,0.44994471495544974,0.44058858666715117,11455475
2025-12-15,0.4493906428087535,0.4451590924998199,0.4510832629323269,0.4451590924998199,16194575
2025-12-16,0.4513019499852984,0.45215346309847815,0.45215346309847815,0.44789589753257913,14767000
2025-12-17,0.45003423371026646,0.45345654727460305,0.45431212566568724,0.45003423371026646,29801405
2025-12-18,0.4434287358989278,0.4493979688821826,0.45025071645121895,0.4434287358989278,17050840
2025-12-19,0.43700920450345254,0.4489586749390938,0.4498122085416396,0.43700920450345254,56066800
2025-12-22,0.4470391261463216,0.444474848176075,0.45216768208681474,0.4419105702058284,21475640
2025-12-23,0.45170729719124525,0.4491552785630461,0.45255797006731163,0.4474539328109134,7323715
2025-12-26,0.4678780376869446,0.45171497820321377,0.4678780376869446,0.45171497820321377,10184350
2025-12-29,0.4779380462160169,0.4694034382478737,0.47964496780964555,0.4694034382478737,24827285
