Date,TEL,MER,AEV,NVDA,META,BTC,SPY,RF_Rate
2020-01-02,12.949610710144045,6.232741523565988,1.0305719766022876,5.963803291320801,207.95384216308597,6985.47021484375,296.125244140625,0.0525
2020-01-03,13.002119064331056,6.173474344478418,1.0345114658560985,5.868345737457275,206.8535003662109,7344.88427734375,293.8829650878906,0.0525
2020-01-06,12.929922103881836,6.090038416638106,1.0339357826318072,5.892956733703613,210.74929809570312,7769.21923828125,295.0041198730469,0.0525
2020-01-07,13.35654640197754,6.039284559188309,1.0260920367552953,5.96429967880249,211.20529174804688,8163.6923828125,294.1745910644531,0.0525
2020-01-08,13.461560249328612,5.919387984448217,1.0169657620730286,5.975486755371094,213.3464813232422,8079.86279296875,295.74237060546875,0.0525
2020-01-09,13.756912231445312,5.967083290606163,1.0268934034996653,6.04111385345459,216.399658203125,7879.0712890625,297.7477722167969,0.0525
2020-01-10,13.79629611968994,6.080947496963682,1.0266534735133488,6.073428630828857,216.16177368164065,8166.55419921875,296.8910522460937,0.0525
2020-01-13,13.973506927490234,,,6.263845443725586,219.978271484375,8144.1943359375,298.93280029296875,0.0525
2020-01-14,14.111336708068848,6.038034920047406,1.030110944365043,6.147010803222656,217.15306091308597,8827.7646484375,298.4769897460937,0.0525
2020-01-15,13.881616592407228,5.784371996303177,1.0365974439339483,6.104503154754639,219.224853515625,8807.0107421875,299.15155029296875,0.0525
2020-01-16,13.848801612854004,5.810975982720772,1.0440058545227149,6.188026905059815,219.83946228027344,8723.7861328125,301.63995361328125,0.0525
2020-01-17,13.940688133239746,5.723839479280318,1.0621557796602654,6.196727275848389,220.2062530517578,8929.0380859375,302.5788879394531,0.0525
2020-01-21,13.671587944030762,5.487421268451292,1.005306582669354,6.163416862487793,219.51235961914065,8745.89453125,301.9863586425781,0.0525
2020-01-22,13.43530559539795,5.686274509803922,1.0196078431372548,6.217360496520996,219.3933868408203,8680.8759765625,302.0228271484375,0.0525
2020-01-23,13.448431015014648,5.923310706770581,1.039521415426625,6.2857208251953125,217.84695434570312,8406.515625,302.36920166015625,0.0525
2020-01-24,13.494376182556152,5.932319942167766,1.0387445136831455,6.226557731628418,216.04278564453125,8445.4345703125,299.6802062988281,0.0525
2020-01-27,13.277783393859863,5.795387397061262,1.0408042672273286,5.971012115478516,212.99951171875,8909.8193359375,294.87652587890625,0.0525
2020-01-28,13.225276947021484,5.545940889896979,1.0010226641693483,6.164163112640381,215.8941345214844,9358.58984375,297.9665832519531,0.0525
2020-01-29,12.949610710144045,5.422672553685245,1.0155186782356005,6.103758335113525,221.2867584228516,9316.6298828125,297.7204284667969,0.0525
2020-01-30,12.805219650268556,5.457406846492024,1.0013771034118386,6.110467910766602,207.7060394287109,9508.9931640625,298.6866760253906,0.0525
2020-01-31,12.582061767578123,5.035523439178911,0.9697316623106262,5.8772969245910645,200.15237426757807,9350.529296875,293.2630920410156,0.0525
2020-02-03,12.74614715576172,5.102141274328154,0.9810294805464944,5.974245548248291,202.4125061035156,9293.521484375,295.4416809082031,0.0525
2020-02-04,13.002119064331056,5.245772646445822,0.9801415533183065,6.143280982971191,208.0034027099609,9180.962890625,299.9445495605469,0.0525
2020-02-05,13.382800102233888,5.4147783251231525,1.0049261083743843,6.233518600463867,208.28094482421875,9613.423828125,303.4083557128906,0.0525
2020-02-06,13.65846347808838,5.733425157640454,1.0324105782142947,6.3202738761901855,209.01449584960935,9729.8017578125,304.4292907714844,0.0525
2020-02-07,13.389364242553713,5.699625230635988,1.0292086418894277,6.254150867462158,210.48162841796875,9795.943359375,302.8067626953125,0.0525
2020-02-10,13.06119155883789,5.486725828359473,1.022615566575959,6.537042140960693,211.20529174804688,9856.611328125,305.0672607421875,0.0525
2020-02-11,13.048063278198242,5.4527559874039895,1.0246063146006412,6.659345626831055,205.3863983154297,10208.236328125,305.595947265625,0.0525
2020-02-12,13.238404273986816,5.221384443014395,1.0064723234544428,6.774935722351074,208.92529296875,10326.0546875,307.5647888183594,0.0525
2020-02-13,13.218711853027344,5.196446042859874,0.9832181342493225,6.731184482574463,211.28460693359372,10214.3798828125,307.2367248535156,0.0525
2020-02-14,12.97586727142334,5.2044059325400776,0.9812887521659536,7.203745365142822,212.3155212402344,10312.1162109375,307.7289123535156,0.0525
2020-02-18,13.32372760772705,5.318454285675469,0.9972101785641504,7.372285842895508,215.9040069580078,10141.99609375,306.9359741210937,0.0525
2020-02-19,13.363107681274414,5.507303609165966,1.0067114124281873,7.822969913482666,215.59674072265625,9633.38671875,308.4034423828125,0.0525
2020-02-20,13.192462921142578,5.517105036260369,1.0085030711443685,7.673820495605469,212.71206665039065,9608.4755859375,307.1364440917969,0.0525
2020-02-21,13.0546293258667,5.329122572210452,0.9967432959134365,7.310140609741211,208.3503570556641,9686.44140625,303.97344970703125,0.0525
2020-02-24,12.97586727142334,5.162353201153458,0.9763152714395184,6.793330669403076,198.9727020263672,9650.1748046875,293.8921203613281,0.0525
2020-02-25,12.588624954223633,,,6.5141706466674805,195.0570831298828,9341.705078125,284.9865417480469,0.0525
2020-02-26,12.687074661254885,5.024437777777447,0.8875855062688562,6.653378486633301,195.4833526611328,8820.5224609375,283.9382019042969,0.0525
2020-02-27,12.490175247192385,5.085077147830073,0.8703305118401471,6.283015251159668,188.0981903076172,8784.494140625,271.1861877441406,0.0525
2020-02-28,12.47048568725586,5.295387555641608,0.8370951788291867,6.717551231384277,190.7945251464844,8672.455078125,270.0467834472656,0.0525
2020-03-02,12.772398948669434,5.056277394170065,0.8469756491012501,6.875746726989746,194.72998046875,8869.669921875,281.74151611328125,0.0525
2020-03-03,12.83803367614746,5.096372534661825,0.8638924738740177,6.61358118057251,184.27178955078125,8787.7861328125,273.6745300292969,0.0525
2020-03-04,13.238404273986816,5.2741616563340035,0.9072978167216311,7.076723098754883,190.09071350097656,8755.24609375,285.177978515625,0.0525
2020-03-05,13.514065742492676,5.275115897380087,0.9078336160472473,6.797645092010498,183.5580902099609,9078.7626953125,275.6981201171875,0.0525
2020-03-06,13.25809383392334,5.331168510598985,0.8908402399681205,6.617312908172607,179.5135955810547,9122.5458984375,271.1405944824219,0.0525
2020-03-09,12.621442794799805,5.1028479626642556,0.8277294078972832,6.104921340942383,168.0244903564453,7923.64453125,249.96592712402344,0.0525
2020-03-10,12.929922103881836,5.015244968945489,0.8018445019519568,6.493940353393555,176.63885498046875,7909.7294921875,262.900390625,0.0525
2020-03-11,12.870851516723633,5.065795998278007,0.778668252079061,6.130539417266846,168.75807189941406,7911.43017578125,250.08448791503903,0.0525
2020-03-12,11.86665153503418,4.54940725181511,0.7450593110053417,5.38036060333252,153.1253204345703,4970.7880859375,226.15704345703125,0.0525
2020-03-13,12.608315467834473,4.701733932983289,0.7444412060556873,5.990501403808594,168.79769897460938,5563.70703125,245.49038696289065,0.0525
2020-03-16,12.772398948669434,4.76237124415871,0.690837803936603,4.885130405426025,144.73895263671875,5014.47998046875,218.6278839111328,0.0525
2020-03-17,13.202929496765137,,,5.404236316680908,148.11929321289062,5225.62939453125,230.43209838867188,0.0525
2020-03-18,10.934103965759276,,,5.0448174476623535,145.68069458007812,5238.4384765625,218.76466369628903,0.0525
2020-03-19,12.007013320922852,4.030864941498163,0.614227038704482,5.297282695770264,151.79698181152344,6191.19287109375,219.22950744628903,0.0525
2020-03-20,11.583318710327148,3.8127917837874317,0.590029528541105,5.117696762084961,148.4265899658203,6198.7783203125,209.78201293945312,0.0525
2020-03-23,12.116354942321776,4.288102504958931,0.5901058493062749,5.290316581726074,146.810791015625,6416.31494140625,204.4182586669922,0.0525
2020-03-24,13.011584281921388,4.065676321743021,0.5766223629395151,6.197947025299072,159.57864379882812,6734.8037109375,222.939208984375,0.0525
2020-03-25,13.038918495178224,4.094063138532552,0.5609097802791774,6.109397888183594,154.85015869140625,6681.06298828125,226.27664184570312,0.0525
2020-03-26,13.927316665649414,4.247376641004534,0.606066463344079,6.39842700958252,161.91810607910156,6716.4404296875,239.48895263671875,0.0525
2020-03-27,13.551457405090332,4.275996049323108,0.6316812345590955,6.286245822906494,155.4251251220703,6469.79833984375,232.3555450439453,0.0525
2020-03-30,13.783805847167969,4.197448327336553,0.6891333074731654,6.606118679046631,164.50537109375,6429.841796875,239.9014892578125,0.0525
2020-03-31,14.050321578979492,4.379135759489653,0.7337485250344886,6.556621074676514,165.34800720214844,6438.64453125,236.3256378173828,0.0525
2020-04-01,14.077661514282228,4.557461109525727,0.763847828694299,6.045971870422363,158.2106475830078,6606.7763671875,225.68983459472656,0.0525
2020-04-02,14.631199836730955,4.50747997858374,0.7596658067354494,6.354400157928467,156.81292724609375,6793.62451171875,230.897705078125,0.0525
2020-04-03,14.747373580932615,4.690248360134869,0.7797537898724219,6.066864013671875,152.8378143310547,6733.38720703125,227.56028747558597,0.0525
2020-04-06,15.799784660339355,5.109058815451405,0.8842601795973587,6.67601203918457,164.10888671875,7271.78125,242.8446350097656,0.0525
2020-04-07,15.041231155395508,5.2722537019736935,0.8833302596094167,6.442948818206787,167.3603057861328,7176.41455078125,243.0921936035156,0.0525
2020-04-08,14.562860488891602,5.25723331340163,0.8284783527317746,6.639947891235352,172.7628631591797,7334.0986328125,251.25244140625,0.0525
2020-04-09,14.679035186767578,,,6.540453433990479,173.66494750976562,7302.08935546875,255.07579040527344,0.0525
2020-04-13,15.198408126831056,5.2859771458020735,0.8532794568691737,6.7120795249938965,173.2684326171875,6845.03759765625,252.7469940185547,0.0525
2020-04-14,15.587934494018556,5.292781848202994,0.886738451434009,7.062793731689453,176.6190185546875,6842.427734375,260.20123291015625,0.0525
2020-04-15,15.341915130615234,5.509965884437748,0.9602800255431975,6.985437393188477,175.42945861816406,6642.10986328125,254.6724548339844,0.0525
2020-04-16,15.225740432739258,5.116800846345843,0.8118001342760232,7.330183982849121,174.71572875976562,7116.80419921875,255.9010467529297,0.0525
2020-04-17,15.622099876403809,5.285599036675225,0.8655414035893816,7.270985603332519,177.6796875,7096.1845703125,262.8142395019531,0.0525
2020-04-20,15.84761905670166,5.149488576204768,0.8507081013019718,7.1399006843566895,176.6884307861328,6881.95849609375,258.1840209960937,0.0525
2020-04-21,15.649435997009276,5.05990965963624,0.8623060328339709,6.703621864318848,169.3131561279297,6880.3232421875,250.3447113037109,0.0525
2020-04-22,16.448991775512695,5.315693183968853,0.8642923362082691,7.117516040802002,180.69325256347656,7117.20751953125,255.9010467529297,0.0525
2020-04-23,16.40115737915039,5.113423319344858,0.8608123621962127,7.064285755157471,183.51840209960935,7429.724609375,255.88265991210935,0.0525
2020-04-24,16.982032775878906,5.058288814713802,0.8032009387426408,7.203079700469971,188.41542053222656,7550.90087890625,259.4493103027344,0.0525
2020-04-27,17.139209747314453,4.9616065260388575,0.8367788783994105,7.389382362365723,185.8677673339844,7795.60107421875,263.1902770996094,0.0525
2020-04-28,16.913692474365234,5.19476365028091,0.8321131705255463,7.247104644775391,181.3177490234375,7807.05859375,261.9799499511719,0.0525
2020-04-29,17.49456787109375,5.174629054176273,0.8202716033167124,7.4237060546875,192.49954223632807,8801.0380859375,268.8382873535156,0.0525
2020-04-30,16.913692474365234,5.049121930629821,0.8236578621113898,7.269988536834717,202.927978515625,8658.5537109375,266.3351745605469,0.0525
2020-05-01,16.503662109375,,,7.03369140625,200.50921630859372,8864.7666015625,259.28436279296875,0.0525
2020-05-04,16.681339263916016,5.035601129047749,0.792128143041486,7.245363712310791,203.47315979003903,8912.654296875,259.99957275390625,0.0525
2020-05-05,16.777015686035156,5.069323396656758,0.7871312695980709,7.306305408477783,205.26744079589844,9003.0703125,262.4017639160156,0.0525
2020-05-06,17.08453941345215,4.9967437949722,0.7617468818559515,7.407041072845459,206.6552276611328,9268.76171875,260.6228942871094,0.0525
2020-05-07,16.96836280822754,5.039072356477116,0.7597976287500652,7.583146095275879,209.4209442138672,9951.5185546875,263.7678527832031,0.0525
2020-05-08,16.54467010498047,4.981714036985181,0.7571414587957637,7.772929668426514,210.50148010253903,9842.666015625,268.13214111328125,0.0525
2020-05-11,15.806614875793455,5.058928333411413,0.8121224027794359,8.024648666381836,211.32421875,8601.7958984375,268.1871643066406,0.0525
2020-05-12,16.325984954833984,5.23882269057835,0.8145972403342472,7.7629780769348145,208.2710723876953,8804.4775390625,262.8417663574219,0.0525
2020-05-13,16.032129287719727,5.374738662675821,0.8141733751979299,7.740594387054443,203.3145751953125,9269.9873046875,258.19317626953125,0.0525
2020-05-14,16.366989135742188,5.481383153241512,0.8371566997677946,7.989826679229736,205.00970458984372,9733.7216796875,261.2831115722656,0.0525
2020-05-15,16.168807983398438,5.429900085654239,0.7855941450454568,8.447742462158203,209.04428100585935,9328.197265625,262.4842529296875,0.0525
2020-05-18,16.196144104003906,5.421390010298367,0.7540660650687728,8.705931663513184,211.33416748046875,9726.5751953125,270.4794006347656,0.0525
2020-05-19,16.312318801879883,5.348476051237904,0.8154362826097467,8.76090145111084,214.99203491210935,9729.0380859375,267.70123291015625,0.0525
2020-05-20,16.264480590820312,5.346749386551388,0.8266745361494582,8.924567222595215,227.9680938720703,9522.9814453125,272.2489929199219,0.0525
2020-05-21,16.18931007385254,5.44916074403239,0.8292201132223203,8.730801582336426,229.37570190429688,9081.76171875,270.369384765625,0.0525
2020-05-22,16.373821258544922,5.435210843536409,0.8172509058215978,8.980531692504883,232.86509704589844,9182.5771484375,270.8828430175781,0.0525
2020-05-26,16.22347640991211,5.393700868406834,0.8208661540604563,8.673593521118164,230.1786651611328,8835.052734375,274.22027587890625,0.0525
2020-05-27,16.264480590820312,5.440158341256408,0.8249258284741535,8.482070922851562,227.14529418945312,9181.017578125,278.30047607421875,0.0525
2020-05-28,16.168807983398438,5.3638336602393295,0.8144350373819275,8.444014549255371,223.4973602294922,9525.7509765625,277.7869567871094,0.0525
2020-05-29,16.70184326171875,5.5890196382143555,0.8472400794324941,8.830545425415039,223.13055419921875,9439.1240234375,279.0247497558594,0.0525
2020-06-01,16.804353713989258,5.777716051693717,0.8904014463226618,8.76164722442627,229.8912048339844,10167.2685546875,280.1524658203125,0.0525
2020-06-02,16.75651741027832,5.731852647666316,0.8944863474385844,8.780548095703125,230.69415283203125,9529.8037109375,282.47222900390625,0.0525
2020-06-03,16.633506774902344,5.8337933160558775,0.9949414628067901,8.725080490112305,228.15643310546875,9656.7177734375,286.2313537597656,0.0525
2020-06-04,16.558338165283203,5.880348678388415,1.0421885864901077,8.726078033447266,224.32009887695312,9800.63671875,285.4795837402344,0.0525
2020-06-05,16.27131462097168,5.779558941504868,1.0140280251045297,8.878870010375977,228.76112365722656,9665.533203125,292.7962646484375,0.0525
2020-06-08,15.977460861206056,5.730831991542634,1.049647122661493,8.764403343200684,229.38563537597656,9771.4892578125,296.33544921875,0.0525
2020-06-09,16.517332077026367,5.840090013015507,1.0425865160692633,9.004284858703613,236.59234619140625,9795.7001953125,294.125732421875,0.0525
2020-06-10,16.9068603515625,5.8603739563325625,0.9874328720943907,9.323558807373049,234.66921997070312,9870.0947265625,292.4845275878906,0.0525
2020-06-11,16.175640106201172,5.861688408106073,1.0027100547428027,8.755687713623047,222.47630310058597,9321.78125,275.6231994628906,0.0525
2020-06-12,16.59933853149414,,,8.891310691833496,226.5901641845703,9480.84375,278.923828125,0.0525
2020-06-15,16.34648895263672,5.667017914232687,0.9106997209538844,9.131449699401855,230.47604370117188,9450.7021484375,281.5277709960937,0.0525
2020-06-16,16.72917938232422,5.633522376063916,0.9336120121462814,9.026681900024414,233.59864807128903,9538.0244140625,286.94659423828125,0.0525
2020-06-17,16.59933853149414,5.56734026823955,0.9415649159621525,9.19341278076172,233.4796600341797,9480.2548828125,285.7546081542969,0.0525
2020-06-18,16.770183563232422,5.515453471267914,0.9371884061807374,9.175496101379396,233.8861083984375,9411.8408203125,285.8646545410156,0.0525
2020-06-19,16.38065528869629,5.282041253173339,0.9966115572025167,9.218544960021973,236.71128845214844,9288.0185546875,284.2309875488281,0.0525
2020-06-22,16.859024047851562,5.561659796091217,0.9888727008136324,9.48282241821289,237.13755798339844,9648.7177734375,286.05438232421875,0.0525
2020-06-23,16.975196838378906,5.520542548254324,0.9603111405290667,9.406424522399902,240.13128662109372,9629.658203125,287.37127685546875,0.0525
2020-06-24,16.428491592407227,5.331202113332453,0.9341592908481716,9.192915916442873,231.98280334472656,9313.6103515625,280.0407409667969,0.0525
2020-06-25,16.18931007385254,5.388146012998138,0.9020155547685771,9.446239471435549,233.6283721923828,9264.8134765625,283.0430603027344,0.0525
2020-06-26,16.442157745361328,5.334667496549407,0.9374687629907716,9.112787246704102,214.1990203857422,9162.91796875,276.3202819824219,0.0525
2020-06-29,16.69501304626465,5.371330034474192,0.905561416020705,9.15757942199707,218.7193145751953,9190.8544921875,280.3814697265625,0.0525
2020-06-30,16.681339263916016,5.393981938059637,0.9157693215735577,9.453953742980955,225.09332275390625,9137.9931640625,283.9731140136719,0.0525
2020-07-01,16.954696655273438,5.408762396369735,0.9356676020505679,9.48605728149414,235.4821014404297,9228.3251953125,285.962158203125,0.0525
2020-07-02,17.590242385864258,5.5302548216403595,0.9448524886317863,9.567928314208984,231.38807678222656,9123.41015625,287.5370483398437,0.0525
2020-07-06,17.685911178588867,5.720985817056008,0.9905593817517471,9.793879508972168,238.18833923339844,9375.474609375,291.9757995605469,0.0525
2020-07-07,17.78158950805664,5.69921911085562,0.9998985842177297,9.826231956481934,238.76329040527344,9252.27734375,288.9644775390625,0.0525
2020-07-08,18.78615951538086,5.6750480352170944,1.0017166638675015,10.168895721435549,241.45962524414065,9428.3330078125,291.1746520996094,0.0525
2020-07-09,19.17568588256836,5.453077783256673,0.9929364431392611,10.460541725158691,242.37159729003903,9277.9677734375,289.5169372558594,0.0525
2020-07-10,18.916000366210938,5.621840155932787,0.9969666175808863,10.43092918395996,242.9366455078125,9278.8076171875,292.4731140136719,0.0525
2020-07-13,18.78615951538086,5.591632808665508,0.9882462471176197,10.005899429321287,236.9195098876953,9243.6142578125,289.9405517578125,0.0525
2020-07-14,18.861331939697266,5.425305806604152,1.0114291212908562,10.329153060913086,237.6431121826172,9243.2138671875,293.6980285644531,0.0525
2020-07-15,18.70415306091309,5.261560157500714,0.9754123061212864,10.180091857910156,238.18833923339844,9192.8369140625,296.3962097167969,0.0525
2020-07-16,18.758825302124023,5.268686868686869,0.9949494949494949,10.088018417358398,238.83270263671875,9132.2275390625,295.4200744628906,0.0525
2020-07-17,18.39663314819336,5.259864963792521,1.0041376897493395,10.154459953308104,239.923095703125,9151.392578125,296.2765197753906,0.0525
2020-07-20,18.553810119628903,5.270513940617319,1.0036662788531445,10.462286949157717,243.2835998535156,9164.2314453125,298.6709289550781,0.0525
2020-07-21,18.526472091674805,5.324149042755213,1.0453808622761378,10.28087329864502,239.64556884765625,9374.8876953125,299.3062744140625,0.0525
2020-07-22,18.423967361450195,5.306866632941971,1.0026331997352196,10.390616416931152,237.7818756103516,9525.36328125,301.00994873046875,0.0525
2020-07-23,18.007104873657227,5.226720486329098,1.0010121148294886,10.08304214477539,230.5751953125,9581.072265625,297.4184875488281,0.0525
2020-07-24,18.11644744873047,5.27485857749876,1.0105093060342452,10.147491455078123,228.70167541503903,9536.892578125,295.5029602050781,0.0525
2020-07-27,18.013938903808594,5.230613198365106,0.9934110337980239,10.373446464538574,231.4673614501953,10990.873046875,297.65789794921875,0.0525
2020-07-28,18.157447814941406,5.452695659813768,1.007121026719334,10.168396949768066,228.1167449951172,10912.8232421875,295.77008056640625,0.0525
2020-07-29,18.11644744873047,5.448815543706223,1.0064043634830524,10.417243957519531,231.25917053222656,11100.4677734375,299.4075927734375,0.0525
2020-07-30,18.273622512817383,5.404303065659859,0.9799123105847405,10.565056800842283,232.45864868164065,11111.2138671875,298.3392944335937,0.0525
2020-07-31,18.205284118652344,,,10.565802574157717,251.46176147460935,11323.466796875,300.6968994140625,0.0525
2020-08-03,18.041269302368164,5.233469935963391,0.9285845489491463,10.959482192993164,249.76666259765625,11246.3486328125,302.78741455078125,0.0525
2020-08-04,18.36246490478516,5.2246393001616225,0.9219353784526443,11.175980567932127,247.6551818847656,11205.892578125,303.95684814453125,0.0525
2020-08-05,18.608482360839844,5.266918378796124,0.9349800842979166,11.234705924987791,246.95140075683597,11747.0224609375,305.84478759765625,0.0525
2020-08-06,18.98434257507324,5.432833543092975,0.9628709111445725,11.28322982788086,262.970703125,11779.7734375,307.88916015625,0.0525
2020-08-07,19.42170143127441,5.474504907327945,0.9849184241069765,11.14785861968994,266.1031799316406,11601.47265625,308.1101989746094,0.0525
2020-08-10,19.189355850219727,5.39373427410651,0.9868822718295333,11.113515853881836,260.71051025390625,11878.111328125,309.0311889648437,0.0525
2020-08-11,19.168851852416992,5.451954515946981,0.9822882949755108,10.799970626831056,253.9003448486328,11410.525390625,306.480224609375,0.0525
2020-08-12,19.25769424438477,5.525966617643728,0.9886746034890643,11.38749885559082,257.6275939941406,11584.9345703125,310.7533264160156,0.0525
2020-08-13,19.32603073120117,5.639558801486625,1.0175725663551953,11.39023494720459,259.0253295898437,11784.1376953125,310.1915283203125,0.0525
2020-08-14,19.21669006347656,5.7153521171510215,1.0308558646333053,11.510680198669434,258.9658508300781,11768.87109375,310.2006530761719,0.0525
2020-08-17,19.32603073120117,5.647929439820063,1.0317542135333593,12.280115127563477,258.8865661621094,12254.40234375,311.1861572265625,0.0525
2020-08-18,19.771486282348636,5.757170960485665,1.0609643627180725,12.204214096069336,260.0562744140625,11991.2333984375,311.8584289550781,0.0525
2020-08-19,20.150894165039062,5.577853351995004,1.0208912408079418,12.082528114318848,260.3041381835937,11758.283203125,310.5599365234375,0.0525
2020-08-20,19.680147171020508,5.544717151496322,1.0226922746093214,12.085017204284668,266.66827392578125,11878.3720703125,311.5268859863281,0.0525
2020-08-21,19.975244522094727,,,12.625018119812012,264.6856384277344,11592.4892578125,312.6319580078125,0.0525
2020-08-24,20.108739852905277,5.543692673116448,0.9988912909152414,12.661598205566406,269.0275573730469,11774.595703125,315.7999267578125,0.0525
2020-08-25,20.916746139526367,5.562995793733301,1.0095807181219696,12.691208839416504,278.3754272460937,11366.134765625,316.9049987792969,0.0525
2020-08-26,20.86053466796875,5.678402341628801,0.9923821351214946,12.714101791381836,301.26446533203125,11488.36328125,320.08203125,0.0525
2020-08-27,20.825401306152344,5.497446788791224,0.9677153523340358,12.570021629333496,290.6674499511719,11323.3974609375,320.78204345703125,0.0525
2020-08-28,20.874584197998047,5.546963726668656,0.9897927839408753,13.087125778198242,291.1036071777344,11542.5,322.8540954589844,0.0525
2020-08-31,20.790271759033203,,,13.31282901763916,290.6476745605469,11680.8203125,321.6844787597656,0.0525
2020-09-01,20.797298431396484,5.388750965900899,0.9801488710042309,13.761388778686523,292.8681945800781,11970.478515625,324.7142944335937,0.0525
2020-09-02,20.382761001586918,5.4365731576195,0.967874766697411,14.284621238708496,299.86669921875,11414.0341796875,329.41094970703125,0.0525
2020-09-03,20.228185653686523,5.411522803648735,1.0082304843299923,12.95936107635498,288.58575439453125,10245.296875,318.0745544433594,0.0525
2020-09-04,19.95416259765625,5.328954104215666,1.0130349963137253,12.5680570602417,280.2687683105469,10511.8134765625,315.4776306152344,0.0525
2020-09-08,20.375732421875,5.6130230136376404,1.0086544659235042,11.861618041992188,268.799560546875,10131.5166015625,306.8577575683594,0.0525
2020-09-09,20.77621841430664,5.457728314991937,0.9968077375306028,12.66015625,271.3372802734375,10242.34765625,312.9174499511719,0.0525
2020-09-10,20.69893264770508,5.524612203142769,0.9762614570285769,12.258645057678224,265.7562255859375,10363.138671875,307.4840393066406,0.0525
2020-09-11,20.916746139526367,5.568732527608856,1.0064968420270821,12.112031936645508,264.2890930175781,10400.9150390625,307.6405334472656,0.0525
2020-09-14,19.65203857421875,5.624691032388223,0.9848360122643116,12.816728591918944,263.8330993652344,10680.837890625,311.6925964355469,0.0525
2020-09-15,19.88390350341797,5.749902071878305,0.972076050199096,12.934966087341309,270.0486145019531,10796.951171875,313.2674865722656,0.0525
2020-09-16,19.81364250183105,5.590605730195987,0.982189442591882,12.46052074432373,261.2259826660156,10974.9052734375,312.0241394042969,0.0525
2020-09-17,19.94011116027832,5.6250000355259475,0.9830298075330482,12.409740447998049,252.6017608642578,10948.990234375,309.27984619140625,0.0525
2020-09-18,19.74338150024414,5.761555219469149,0.9926584728446487,12.136675834655762,250.33169555664065,10944.5859375,305.7190856933594,0.0525
2020-09-21,19.76445960998535,5.69011745521056,0.9768928988550399,12.46325969696045,245.9898376464844,10462.259765625,302.31658935546875,0.0525
2020-09-22,19.72933006286621,5.641131494496454,0.9601486621306191,12.58323860168457,252.5323638916016,10538.4599609375,305.39556884765625,0.0525
2020-09-23,19.56772804260254,5.6747834336652785,0.9636814049169765,12.07145881652832,246.85227966308597,10246.1865234375,298.3131408691406,0.0525
2020-09-24,19.50449562072754,5.693700896964231,0.9468916892999081,12.29473876953125,247.3578186035156,10760.06640625,299.1083068847656,0.0525
2020-09-25,19.497468948364254,5.68659793814433,0.9474226804123712,12.81822109222412,252.6017608642578,10692.716796875,303.9439697265625,0.0525
2020-09-28,19.2796573638916,5.727962941142255,0.9295559455996345,12.97877597808838,254.5843811035156,10709.65234375,308.99224853515625,0.0525
2020-09-29,19.25155258178711,5.7477204843648835,0.9334876973707715,13.168703079223633,259.5111083984375,10844.640625,307.3095092773437,0.0525
2020-09-30,19.005640029907227,5.604384294602079,0.9512977031427883,13.472139358520508,259.6201171875,10784.4912109375,309.6395568847656,0.0525
2020-10-01,19.089954376220703,5.5976074370112725,0.9899968937971301,13.555776596069336,264.3089904785156,10619.4521484375,311.6273803710937,0.0525
2020-10-02,19.272632598876957,5.727045230824003,1.0068848474408987,13.005910873413086,257.67724609375,10575.974609375,308.6686096191406,0.0525
2020-10-05,19.57475471496582,5.671740289028265,0.9827579082625338,13.58365535736084,262.3462219238281,10793.33984375,314.14227294921875,0.0525
2020-10-06,19.005640029907227,5.625646506392044,0.9410548383854339,13.677249908447266,256.4083251953125,10604.40625,309.676513671875,0.0525
2020-10-07,18.6262321472168,5.611718447488297,0.9160305112811779,13.903766632080078,255.873046875,10668.96875,315.0668640136719,0.0525
2020-10-08,18.492733001708984,5.705445598427099,0.90759076764567,13.779059410095217,261.46392822265625,10915.685546875,317.8592834472656,0.0525
2020-10-09,18.79485321044922,5.652074938502814,0.9027619693441995,13.703387260437012,262.14794921875,11064.4580078125,320.6976928710937,0.0525
2020-10-12,18.73162078857422,5.811668629202934,0.8945005986228716,14.164640426635742,273.3495178222656,11555.36328125,325.85693359375,0.0525
2020-10-13,18.87214469909668,5.862680981952597,0.9083026873447686,14.18679428100586,273.7361755371094,11425.8994140625,323.7304077148437,0.0525
2020-10-14,18.42247200012207,5.813191351373315,0.9207292150959496,14.034454345703123,269.45379638671875,11429.5068359375,321.6962585449219,0.0525
2020-10-15,18.274921417236328,5.8858300037864275,0.92391445048925,13.909746170043944,264.3981628417969,11495.349609375,321.2987060546875,0.0525
2020-10-16,18.204662322998047,6.002795698435656,0.8829454631774364,13.751927375793455,263.6150207519531,11322.123046875,321.1044616699219,0.0525
2020-10-19,18.436525344848636,5.954436848236295,0.904679631638111,13.439531326293944,259.1244506835937,11742.037109375,316.2226257324219,0.0525
2020-10-20,18.76675033569336,5.961043051393011,0.8945687013501268,13.586644172668455,265.2308654785156,11916.3349609375,317.4893798828125,0.0525
2020-10-21,19.328842163085938,5.878348904853115,0.9281603533978603,13.466410636901855,276.3036804199219,12823.689453125,316.88836669921875,0.0525
2020-10-22,19.082927703857425,6.082474226804123,0.9381443298969072,13.30337142944336,275.69891357421875,12965.8916015625,318.6266174316406,0.0525
2020-10-23,19.047794342041016,6.07721150988362,0.9682336981848478,13.531631469726562,282.31085205078125,12931.5390625,319.70831298828125,0.0525
2020-10-26,19.293710708618164,6.172667691560806,0.9725058661704022,13.084566116333008,274.6976623535156,13075.248046875,313.8002014160156,0.0525
2020-10-27,19.546649932861328,6.09856921255825,0.9468287116446366,13.33896541595459,280.82391357421875,13654.21875,312.7184143066406,0.0525
2020-10-28,19.26560401916504,6.029538801827233,0.9220428751935116,12.572534561157228,265.33990478515625,13271.28515625,302.0299987792969,0.0525
2020-10-29,18.96347999572754,6.075384575606243,0.8699785395681049,12.96782398223877,278.38531494140625,13437.8828125,305.0997314453125,0.0525
2020-10-30,18.93537712097168,6.201294144178953,0.9208921804105745,12.479937553405762,260.819580078125,13546.5224609375,301.9190673828125,0.0525
2020-11-02,18.970508575439453,,,12.52648639678955,259.0848083496094,13550.4892578125,305.3030700683594,0.0525
2020-11-03,19.328842163085938,6.1980567835484575,0.9055199703783269,12.963342666625977,262.99053955078125,13950.30078125,310.69342041015625,0.0525
2020-11-04,19.52557373046875,6.2446836925788185,0.9128441278188306,13.73475170135498,284.8783264160156,14133.70703125,317.6372985839844,0.0525
2020-11-05,19.72230339050293,6.138531574174104,0.9643301290509996,14.098925590515137,292.1147155761719,15579.8486328125,323.8321228027344,0.0525
2020-11-06,20.164947509765625,6.222148314842696,0.9865898060843182,14.499188423156738,290.8558349609375,15565.880859375,323.7580871582031,0.0525
2020-11-09,20.55841064453125,6.513734074505348,0.997870763171027,13.571955680847168,276.34326171875,15332.3154296875,327.826416015625,0.0525
2020-11-10,21.211841583251957,6.429267811816914,1.014165148380152,12.714921951293944,270.05841064453125,15290.90234375,327.3456420898437,0.0525
2020-11-11,21.078344345092773,6.42025356725914,1.002130429554463,13.360125541687012,274.0731811523437,15701.33984375,329.7773132324219,0.0525
2020-11-12,20.755142211914062,,,13.398707389831545,272.6854248046875,16276.34375,326.578125,0.0525
2020-11-13,20.530303955078125,6.247422680412371,0.9742268041237113,13.23964786529541,274.5391540527344,16317.80859375,331.0995178222656,0.0525
2020-11-16,20.20710563659668,6.540697695141845,0.9977159500049703,13.45695686340332,276.5316467285156,16716.111328125,335.2324523925781,0.0525
2020-11-17,20.164947509765625,6.456702746325442,0.9965328997544091,13.364355087280272,272.6060791015625,17645.40625,333.4294128417969,0.0525
2020-11-18,20.094688415527344,6.344335915456587,1.0014098846946182,13.370827674865724,269.6024780273437,17804.005859375,329.4166564941406,0.0525
2020-11-19,20.03847885131836,6.256908853181688,0.9906772350871007,13.382279396057127,270.5640563964844,17817.08984375,330.80352783203125,0.0525
2020-11-20,20.010372161865234,6.303095467654115,0.9707430067705303,13.031301498413086,267.3522033691406,18621.314453125,328.538330078125,0.0525
2020-11-23,20.22115898132324,6.255991470228096,0.974770763965773,13.083325386047363,266.09326171875,18364.12109375,330.5077209472656,0.0525
2020-11-24,20.04550552368164,6.218626958998611,0.9749014912372739,12.901861190795898,274.5093994140625,19107.46484375,335.8334045410156,0.0525
2020-11-25,19.42720603942871,6.125415301799506,0.9395764149370428,13.17766571044922,273.19091796875,18732.12109375,335.315673828125,0.0525
2020-11-27,19.37802505493164,5.86865819060595,0.879465112370636,13.20405101776123,275.3916320800781,17108.40234375,336.2495422363281,0.0525
2020-11-30,19.36397171020508,,,13.343694686889648,274.5589599609375,19625.8359375,334.7608642578125,0.0525
2020-12-01,19.9471378326416,6.2305293975694,0.9252336155390558,13.332246780395508,284.0555114746094,18802.998046875,338.4222717285156,0.0525
2020-12-02,20.235206604003903,6.200582427898374,0.9519350539474853,13.486082077026367,285.0171203613281,19201.091796875,339.1341552734375,0.0525
2020-12-03,20.05253028869629,6.181803667768448,1.0024546488273158,13.342158317565918,279.396484375,19445.3984375,339.0417785644531,0.0525
2020-12-04,19.76445960998535,6.158559709355248,0.99163249557415,13.503759384155272,277.26513671875,18699.765625,341.9635009765625,0.0525
2020-12-07,19.47638702392578,6.189801699491494,0.9326384715563784,13.552063941955566,283.09393310546875,19191.630859375,341.26080322265625,0.0525
2020-12-08,19.43423080444336,,,13.296344757080078,280.9329528808594,18321.14453125,342.2593994140625,0.0525
2020-12-09,19.62393569946289,6.2201949584776965,0.9485797311678487,12.878780364990234,275.500732421875,18553.916015625,339.189697265625,0.0525
2020-12-10,19.94011116027832,6.122279792746114,0.9523316062176166,12.920113563537598,274.7076416015625,18264.9921875,339.0787353515625,0.0525
2020-12-11,19.63799095153809,6.011608414380491,0.9639303147196304,12.960948944091797,271.1687316894531,18058.904296875,338.68115234375,0.0525
2020-12-14,19.78553581237793,5.977077548737578,0.9871549679796556,13.255260467529297,271.8031005859375,19246.64453125,337.164794921875,0.0525
2020-12-15,20.136842727661133,5.961778222658509,0.9763190817594075,13.306803703308104,273.1512756347656,19417.076171875,341.7231140136719,0.0525
2020-12-16,19.539623260498047,5.968092154316165,0.9647510760301149,13.189278602600098,273.2702941894531,21310.59765625,342.2593994140625,0.0525
2020-12-17,19.307762145996094,5.925898190843018,0.9650450398820056,13.28762912750244,272.0906677246094,22805.162109375,344.1732788085937,0.0525
2020-12-18,20.0736083984375,5.8556872344872755,0.9877313339422782,13.218656539916992,273.993896484375,23137.9609375,342.7991027832031,0.0525
2020-12-21,19.708250045776367,5.89707919499262,0.9612989776844405,13.278669357299805,270.4153747558594,22803.08203125,341.5733337402344,0.0525
2020-12-22,19.2796573638916,5.855481746126985,0.9707225944377182,13.22488498687744,264.76495361328125,23783.029296875,340.9976501464844,0.0525
2020-12-23,19.58880615234375,5.85942365088599,0.9693137143627744,12.956961631774902,265.77606201171875,23241.345703125,341.3041381835937,0.0525
2020-12-24,19.6450138092041,,,12.941526412963867,265.072265625,23735.94921875,342.6318664550781,0.0525
2020-12-28,19.680147171020508,6.007707396793588,0.9748984263867542,12.848154067993164,274.58868408203125,27084.80859375,345.575439453125,0.0525
2020-12-29,19.74338150024414,6.095400693151721,0.9863276806555438,12.891234397888184,274.37060546875,27362.4375,344.9161071777344,0.0525
2020-12-30,19.673120498657227,,,13.092917442321776,269.5033264160156,28840.953125,345.40826416015625,0.0525
2020-12-31,19.609886169433597,,,13.002531051635742,270.7821350097656,29001.720703125,347.1632385253906,0.0525
2021-01-04,20.235206604003903,6.135607087466054,0.9712977999480161,13.060794830322266,266.5988464355469,31971.9140625,342.4369812011719,0.0525
2021-01-05,20.066585540771484,6.245042808451636,0.9914422907802565,13.350872993469238,268.61114501953125,33992.4296875,344.79541015625,0.0525
2021-01-06,20.115766525268555,6.216216413413586,0.970894001693694,12.563801765441896,261.0178527832031,36824.36328125,346.8567199707031,0.0525
2021-01-07,19.989294052124023,6.1759201301232975,0.9898107683295252,13.290369987487791,266.4005126953125,39371.04296875,352.0101928710937,0.0525
2021-01-08,20.958898544311523,6.207827142459556,0.986193275139896,13.223390579223633,265.24078369140625,40797.609375,354.015869140625,0.0525
2021-01-11,21.415599822998047,6.216914939529474,0.9909512068041946,13.566752433776855,254.60418701171875,35566.65625,351.6295471191406,0.0525
2021-01-12,21.317232131958008,6.144809272683078,0.9790035112410329,13.43055534362793,248.9042205810547,33922.9609375,351.7038269042969,0.0525
2021-01-13,21.120500564575195,6.170168543436364,0.9673393029999694,13.47736358642578,249.44943237304688,37316.359375,352.65087890625,0.0525
2021-01-14,21.626384735107425,6.055168550388733,0.9723323723229323,13.147197723388672,243.5016632080078,39187.328125,351.4158935546875,0.0525
2021-01-15,21.59124755859375,6.191021630815029,0.9655244030561124,12.807816505432127,249.171875,36825.3671875,348.8530578613281,0.0525
2021-01-19,20.916746139526367,6.035002841196412,0.9333444049229622,12.972900390625,258.8270874023437,36069.8046875,351.59234619140625,0.0525
2021-01-20,21.35235977172852,6.113191668847458,0.9259258994680458,13.312033653259276,265.1515197753906,35547.75,356.4579772949219,0.0525
2021-01-21,21.12752723693848,5.950894544895755,0.9238451671096906,13.811765670776367,270.49462890625,30825.69921875,356.78289794921875,0.0525
2021-01-22,20.621644973754883,5.93058101897569,0.9041534921912061,13.657389640808104,272.1104431152344,33005.76171875,355.52001953125,0.0525
2021-01-25,20.797298431396484,5.923924855351046,0.9052758405712514,13.598374366760254,275.58990478515625,32366.392578125,356.92218017578125,0.0525
2021-01-26,20.495176315307617,5.864004972036263,0.9055936756460256,13.381253242492676,279.5947265625,32569.849609375,356.3651123046875,0.0525
2021-01-27,20.333576202392575,5.827991163724073,0.8950129287147685,12.86583423614502,269.77099609375,30432.546875,347.6552734375,0.0525
2021-01-28,20.087661743164062,5.818181818181818,0.8748051948051948,12.998546600341797,262.693115234375,33466.09765625,350.6452941894531,0.0525
2021-01-29,20.97295379638672,5.426195598330923,0.8274428536918419,12.937544822692873,256.0812072753906,34316.38671875,343.62548828125,0.0525
2021-02-01,21.029157638549805,5.761145396841327,0.8491861712107157,13.183798789978027,259.72918701171875,33537.17578125,349.3453063964844,0.0525
2021-02-02,21.18373680114746,5.923460672916381,0.8839433939569739,13.502264022827148,264.7550354003906,35510.2890625,354.2850952148437,0.0525
2021-02-03,20.55841064453125,5.942961254271592,0.883073820176976,13.476117134094238,264.3287658691406,37472.08984375,354.563720703125,0.0525
2021-02-04,20.164947509765625,6.007509558824758,0.9073842562808229,13.609333038330078,264.170166015625,36926.06640625,358.5935363769531,0.0525
2021-02-05,20.108739852905277,6.110013634062277,0.9316834949148739,13.536375999450684,265.76617431640625,38144.30859375,360.0050048828125,0.0525
2021-02-08,20.298444747924805,6.07451974492145,0.9184840851427623,14.380719184875488,264.2593078613281,46196.46484375,362.6048583984375,0.0525
2021-02-09,20.22115898132324,6.1061081646723006,0.8974065643924037,14.205926895141602,267.1044006347656,46481.10546875,362.3634338378906,0.0525
2021-02-10,20.2492618560791,6.137830678585657,0.8983968581444066,14.704910278320312,269.5033264160156,44918.18359375,362.2056274414063,0.0525
2021-02-11,20.03847885131836,6.019857992037263,0.8981911215643427,15.189455032348633,268.0362243652344,47909.33203125,362.7905883789063,0.0525
2021-02-12,20.02442741394043,,,14.901119232177734,268.1452331542969,47504.8515625,364.5826721191406,0.0525
2021-02-16,20.270339965820312,6.126576765340484,0.9175268130530336,15.268635749816896,271.5850524902344,49199.87109375,364.2669372558594,0.0525
2021-02-17,19.60285758972168,5.95693629951879,0.9069849192149269,14.846092224121094,271.1885681152344,52149.0078125,364.35052490234375,0.0525
2021-02-18,19.609886169433597,5.901070437277754,0.867804476070258,14.769400596618652,267.044921875,51679.796875,362.7998352050781,0.0525
2021-02-19,19.34992218017578,5.807727189593503,0.8979322888875062,14.86650848388672,259.2830810546875,55888.1328125,362.1591491699219,0.0525
2021-02-22,18.70351791381836,5.892180047878127,0.8900293019689591,14.298053741455078,258.0637512207031,54207.3203125,359.37359619140625,0.0525
2021-02-23,18.81593513488769,5.726030356382348,0.9002158277442456,14.085163116455078,263.5456237792969,48824.42578125,359.8099670410156,0.0525
2021-02-24,18.633256912231445,5.650646249710569,0.8928021074542699,14.44072723388672,262.0091552734375,49705.33203125,363.7747802734375,0.0525
2021-02-25,18.654333114624023,,,13.254014015197754,252.47286987304688,47093.8515625,355.00933837890625,0.0525
2021-02-26,18.52083778381348,5.5249746017374335,0.859327230491634,13.659380912780762,255.37738037109372,46339.76171875,353.1801452636719,0.0525
2021-03-01,18.74567222595215,5.634249796169892,0.8636441293399105,13.78611946105957,262.6039428710937,49631.2421875,361.7413024902344,0.0525
2021-03-02,19.089954376220703,5.685446707392396,0.8765063673896609,13.35236930847168,256.745361328125,48378.98828125,358.9185485839844,0.0525
2021-03-03,18.738649368286133,5.783559224303515,0.8829704296178675,12.753288269042969,253.1865997314453,50538.2421875,354.1644592285156,0.0525
2021-03-04,18.113325119018555,5.71310967541158,0.8767236029269931,12.320531845092772,255.39720153808597,48561.16796875,349.7817687988281,0.0525
2021-03-05,18.88619613647461,5.754525369639519,0.8817417905092811,12.411415100097656,261.9794006347656,48927.3046875,356.2165222167969,0.0525
2021-03-08,18.76675033569336,5.67521731246605,0.8661305491408943,11.54665756225586,253.08750915527344,52246.5234375,354.4430236816406,0.0525
2021-03-09,18.85106468200684,5.700771208226221,0.8431876606683805,12.474235534667969,263.4266967773437,54824.1171875,359.5035705566406,0.0525
2021-03-10,19.48341560363769,5.73396840543567,0.8662829965046696,12.42242431640625,262.593994140625,56008.55078125,361.7413024902344,0.0525
2021-03-11,19.11805725097656,5.612139832701351,0.8247082781339239,12.945744514465332,271.495849609375,57805.12109375,365.4090576171875,0.0525
2021-03-12,19.19534492492676,5.5997519875325334,0.8162000129429339,12.808752059936523,266.0635681152344,57332.08984375,365.9011535644531,0.0525
2021-03-15,19.293710708618164,5.52849433989764,0.781514906687101,13.142766952514648,271.3670349121094,55907.19921875,368.0832214355469,0.0525
2021-03-16,19.630542755126957,5.515107695861511,0.7342476962328714,13.242398262023926,276.8488464355469,56804.90234375,367.6189575195313,0.0525
2021-03-17,19.79715156555176,5.525854471327488,0.7443408448317997,13.292216300964355,281.5376892089844,58870.89453125,368.8724365234375,0.0525
2021-03-18,19.369768142700195,5.603457142176324,0.7628975824052195,12.675739288330078,276.1945495605469,57858.921875,363.5055236816406,0.0525
2021-03-19,18.6236629486084,5.7672503480960415,0.7425334823173653,12.798537254333496,287.5845031738281,58346.65234375,362.83294677734375,0.0525
2021-03-22,18.26872062683105,5.626291320520599,0.7636565622129938,13.137786865234377,290.9847106933594,54529.14453125,365.7301330566406,0.0525
2021-03-23,18.333913803100582,5.589577226455853,0.732604515158644,13.022711753845217,288.1000061035156,54738.9453125,362.8515930175781,0.0525
2021-03-24,18.283206939697266,5.7424120106326475,0.7178015013290809,12.59653091430664,279.6839294433594,52774.265625,361.0070495605469,0.0525
2021-03-25,18.565711975097656,5.635016840920835,0.7192546987409878,12.489178657531738,276.3135070800781,51704.16015625,363.0379028320313,0.0525
2021-03-26,18.81200218200684,5.561497448381739,0.7311806001848032,12.792062759399414,280.5562438964844,55137.3125,368.8882446289063,0.0525
2021-03-29,18.94963264465332,5.57528686242183,0.7505988053667909,12.900660514831545,288.2884216308594,57750.19921875,368.7019348144531,0.0525
2021-03-30,19.080020904541016,5.718526592118504,0.7277000313690815,12.824443817138672,285.49298095703125,58917.69140625,367.7237243652344,0.0525
2021-03-31,18.94963264465332,5.5923351550098195,0.7093219222347014,13.299193382263184,291.966064453125,58918.83203125,369.2141723632813,0.0525
2021-04-01,18.97860717773437,,,13.76098918914795,296.0601501464844,59095.80859375,373.201416015625,0.0525
2021-04-05,19.18143081665039,5.656374132161693,0.7312501154105611,13.9360933303833,306.22088623046875,59057.87890625,378.5579528808594,0.0525
2021-04-06,18.819244384765625,5.660725642938483,0.7404065061959394,13.810554504394531,303.5939636230469,58192.359375,378.33447265625,0.0525
2021-04-07,18.956876754760746,5.81855440536321,0.743208587718169,14.09151840209961,310.36456298828125,56048.9375,378.7723083496094,0.0525
2021-04-08,18.86270904541016,5.743291830010833,0.7266103348730739,14.264381408691406,310.2950744628906,58323.953125,380.5703125,0.0525
2021-04-09,18.84097671508789,,,14.34707260131836,309.7399597167969,58245.00390625,383.3371276855469,0.0525
2021-04-12,18.580202102661133,5.815319255577875,0.7212479587003034,15.153100967407228,308.8280334472656,59893.453125,383.4768981933594,0.0525
2021-04-13,18.580202102661133,5.709835512922109,0.7255139165737352,15.621872901916504,307.0634765625,63503.45703125,384.61334228515625,0.0525
2021-04-14,18.52949523925781,5.706075390693266,0.7348111474346004,15.220852851867676,300.18389892578125,63109.6953125,383.2999267578125,0.0525
2021-04-15,18.580202102661133,5.684166885668763,0.7389416951369392,16.077939987182617,305.140380859375,63314.01171875,387.4174499511719,0.0525
2021-04-16,18.80475807189941,5.639546947531058,0.7209062935120052,15.854016304016112,303.5146789550781,61572.7890625,388.7123107910156,0.0525
2021-04-19,18.85546493530273,5.66049457292516,0.7179062926918971,15.305291175842283,299.60894775390625,55724.265625,386.8025207519531,0.0525
2021-04-20,18.86270904541016,5.7390587919363725,0.728736601997676,15.115490913391112,300.0153503417969,56473.03125,383.9705810546875,0.0525
2021-04-21,19.34079360961914,5.584174877737889,0.71090049181534,15.30404567718506,298.8456115722656,53906.08984375,387.603759765625,0.0525
2021-04-22,19.32630729675293,5.693114247119173,0.7204377301808988,14.795672416687012,293.9387512207031,51762.2734375,384.0636901855469,0.0525
2021-04-23,19.32630729675293,5.673963838649486,0.7180143330363714,15.209146499633787,298.5086364746094,51093.65234375,388.2279052734375,0.0525
2021-04-26,19.04380416870117,5.700072672574038,0.7057726345496217,15.421113967895508,300.4020080566406,54021.75390625,389.038330078125,0.0525
2021-04-27,19.23213768005371,5.579992939859848,0.7021456697084931,15.325218200683594,300.9273986816406,55033.1171875,388.9545593261719,0.0525
2021-04-28,19.080020904541016,5.584843334645487,0.7279653830373081,15.220602989196776,304.4266357421875,54824.703125,388.8427429199219,0.0525
2021-04-29,19.2611141204834,5.67992265804672,0.7465453094785844,15.268425941467283,326.6415710449219,53555.109375,391.32073974609375,0.0525
2021-04-30,18.97860717773437,5.629965735037145,0.7326385029098924,14.954337120056152,322.2501220703125,57750.17578125,388.7495727539063,0.0525
2021-05-03,18.906169891357425,5.652859665323406,0.7418859509372678,14.782220840454102,319.7718811035156,57200.29296875,389.5880126953125,0.0525
2021-05-04,18.64539337158203,5.6851952895887345,0.746129704856084,14.298503875732422,315.588623046875,53333.5390625,387.1845397949219,0.0525
2021-05-05,18.92790031433105,5.660651442890561,0.7330190606531063,14.405360221862791,312.2776794433594,57424.0078125,387.3056640625,0.0525
2021-05-06,19.2611141204834,5.640918400681453,0.7244258641881808,14.469621658325195,317.2342224121094,56396.515625,390.3985900878906,0.0525
2021-05-07,19.130725860595703,5.710114611960965,0.7174139614735471,14.757811546325684,316.3023986816406,57356.40234375,393.2398681640625,0.0525
2021-05-10,19.29009056091309,5.696348244620566,0.7303547161545105,14.213319778442385,303.3065185546875,55859.796875,389.3458251953125,0.0525
2021-05-11,19.623300552368164,5.730133156851453,0.7496298653159016,14.253670692443848,303.8616027832031,56704.57421875,385.8709411621094,0.0525
2021-05-12,19.05104637145996,5.712023805541037,0.7291058832747495,13.707932472229004,299.916259765625,49150.53515625,377.6730346679688,0.0525
2021-05-13,19.00758552551269,,,13.615025520324709,302.6026916503906,49716.19140625,382.2098693847656,0.0525
2021-05-14,19.32630729675293,5.738219895287958,0.7497382198952879,14.19065284729004,313.1896667480469,49880.53515625,388.0788269042969,0.0525
2021-05-17,19.681249618530277,5.735953269120516,0.7269451367366031,14.113438606262209,312.7138671875,43537.51171875,387.0913696289063,0.0525
2021-05-18,19.31182098388672,5.707733855170971,0.7264957080084307,13.964238166809082,307.2617492675781,42909.40234375,383.75634765625,0.0525
2021-05-19,19.31182098388672,5.713450919067237,0.7303534776017286,14.01405143737793,310.860107421875,37002.44140625,382.7501525878906,0.0525
2021-05-20,19.500158309936523,5.713689699466618,0.7194244329620377,14.558794021606444,315.8363952636719,40782.73828125,386.8677368164063,0.0525
2021-05-21,19.34803581237793,5.676482272249827,0.7252123491201525,14.936650276184082,313.47723388671875,37304.69140625,386.5510864257813,0.0525
2021-05-24,19.195919036865234,5.682932585711115,0.7280996594762039,15.554621696472168,321.8040466308594,38705.98046875,390.4916687011719,0.0525
2021-05-25,19.377012252807617,5.692323871494269,0.727121662417151,15.590240478515623,324.93658447265625,38402.22265625,389.6253051757813,0.0525
2021-05-26,19.369768142700195,5.667948707373268,0.74747892894376,15.64229965209961,324.80767822265625,39294.19921875,390.3985900878906,0.0525
2021-05-27,19.369768142700195,5.720800209565216,0.8291014796471328,15.43107795715332,329.8533630371094,38436.96875,390.6033935546875,0.0525
2021-05-28,19.97099876403809,5.903752264889789,0.8315144035056041,16.184791564941406,325.8683166503906,35697.60546875,391.3020629882813,0.0525
2021-06-01,19.753686904907227,5.887701015182823,0.819021266219182,16.204721450805664,326.2648620605469,36684.92578125,390.9574279785156,0.0525
2021-06-02,19.8116397857666,5.974091148760715,0.8321804161607032,16.71658706665039,326.28472900390625,37575.1796875,391.5721740722656,0.0525
2021-06-03,19.8116397857666,5.944531468955831,0.8110936423311214,16.907381057739258,323.2018127441406,39208.765625,390.1189575195313,0.0525
2021-06-04,20.246261596679688,5.911804446628178,0.8102526307169471,17.513643264770508,327.47430419921875,36894.40625,393.6869812011719,0.0525
2021-06-07,20.30421257019043,5.772096446830162,0.8227861116936085,17.554243087768555,333.6499938964844,33560.70703125,393.3049926757813,0.0525
2021-06-08,20.195554733276367,5.767496516601586,0.834714041311793,17.392837524414062,330.7752380371094,33472.6328125,393.3888549804688,0.0525
2021-06-09,20.123123168945312,5.787122519582737,0.8436926984794731,17.298418045043945,327.3751220703125,37345.12109375,392.8019714355469,0.0525
2021-06-10,20.15209579467773,5.812882087785485,0.855389889358923,17.36493682861328,329.5658874511719,36702.59765625,394.6278991699219,0.0525
2021-06-11,20.021705627441406,5.867437733087744,0.8591605252021339,17.763803482055664,328.3763122558594,37334.3984375,395.2799377441406,0.0525
2021-06-14,19.500158309936523,5.86092875193823,0.8843722848906794,17.956640243530273,333.8383178710937,40218.4765625,396.1649169921875,0.0525
2021-06-15,19.55810546875,5.8424622734991125,0.911841433399683,17.727182388305664,333.81854248046875,40406.26953125,395.4383544921875,0.0525
2021-06-16,19.304576873779297,5.78347331719777,0.8924856306035408,17.748857498168945,328.1979064941406,38347.0625,393.2304992675781,0.0525
2021-06-17,19.39150047302246,5.7678739628757585,0.8848914550958672,18.592937469482425,333.58062744140625,38053.50390625,393.10009765625,0.0525
2021-06-18,19.23213768005371,5.76435406335441,0.8761983107745436,18.574501037597656,326.7902526855469,35787.24609375,387.7970275878906,0.0525
2021-06-21,18.84097671508789,5.684722701632262,0.8698161639190771,18.36372756958008,329.3973693847656,31676.693359375,393.34869384765625,0.0525
2021-06-22,19.12347984313965,5.680181089386153,0.8746655663004039,18.82164764404297,336.07867431640625,32505.66015625,395.4516296386719,0.0525
2021-06-23,18.86270904541016,5.64015338534158,0.8669276460753954,18.99156188964844,337.6251220703125,33723.02734375,394.9749145507813,0.0525
2021-06-24,18.971364974975582,5.666118492153049,0.8696546161758851,19.139293670654297,340.19256591796875,34662.4375,397.3116149902344,0.0525
2021-06-25,19.05828666687012,5.653637498366232,0.8827393334413506,18.96539878845215,338.3982849121094,31637.779296875,398.7227783203125,0.0525
2021-06-28,19.00758552551269,5.7436050050897665,0.8863332903537805,19.916109085083008,352.54412841796875,34434.3359375,399.5265502929688,0.0525
2021-06-29,19.029315948486328,5.6494855992958835,0.8689936030916939,19.95771598815918,348.8267517089844,35867.77734375,399.7415771484375,0.0525
2021-06-30,19.036561965942383,5.695383119947462,0.8660187536283749,19.93355369567871,344.68310546875,35040.8359375,400.0780944824219,0.0525
2021-07-01,19.25387191772461,5.682514921117673,0.8687297990917306,20.1423282623291,351.3050537109375,33572.1171875,402.2930908203125,0.0525
2021-07-02,19.369768142700195,5.737241561924608,0.8669020897013212,20.4163818359375,351.6122741699219,33897.046875,405.36810302734375,0.0525
2021-07-06,19.145212173461918,5.750435853791238,0.8526298577289193,20.627153396606445,349.7090148925781,34235.1953125,404.6296081542969,0.0525
2021-07-07,18.71058654785156,5.7102785187601555,0.8385093193337281,20.301528930664062,347.4388732910156,33855.328125,406.0597229003906,0.0525
2021-07-08,18.565711975097656,5.609678298071701,0.8424499081089887,19.834148406982425,342.6410827636719,32877.37109375,402.7510681152344,0.0525
2021-07-09,18.52224922180176,5.508406826322999,0.8306645468474,19.98113250732422,347.3695068359375,33798.01171875,407.0503845214844,0.0525
2021-07-12,18.442569732666016,5.504807285691388,0.8345159919303394,20.441791534423828,350.0857238769531,33155.84765625,408.5083923339844,0.0525
2021-07-13,18.420839309692383,5.473434270014442,0.8261600895629173,20.180200576782227,349.0249938964844,32702.025390625,407.1157836914063,0.0525
2021-07-14,18.3266716003418,5.469139038874675,0.8225616981264532,19.773101806640625,344.6038513183594,32822.34765625,407.7232971191406,0.0525
2021-07-15,18.35564422607422,5.439547331912336,0.7970032720750675,18.9008731842041,341.46142578125,31780.73046875,406.3307800292969,0.0525
2021-07-16,18.471546173095703,5.410996888245871,0.807670859054347,18.09839630126953,338.1901550292969,31421.5390625,403.1435852050781,0.0525
2021-07-19,18.283206939697266,5.366811294941436,0.7853870187719174,18.715017318725582,334.016845703125,30817.83203125,397.1900329589844,0.0525
2021-07-20,18.31218147277832,,,18.54784393310547,338.6858215332031,29807.34765625,402.8819580078125,0.0525
2021-07-21,18.22525978088379,5.221932199350979,0.7459903141929971,19.343095779418945,343.2160339355469,32110.693359375,406.1438293457031,0.0525
2021-07-22,18.189037322998047,5.355119650328132,0.7752400384662107,19.52645874023437,348.1328430175781,32313.10546875,406.9942626953125,0.0525
2021-07-23,18.036922454833984,5.359953743555995,0.7910415004430225,19.490583419799805,366.5709228515625,33581.55078125,411.1814575195313,0.0525
2021-07-26,17.928264617919922,5.320421051863435,0.7771401536429737,19.227500915527344,369.2176818847656,37337.53515625,412.1908264160156,0.0525
2021-07-27,17.797876358032227,5.407769656539974,0.7942661683043089,19.14179229736328,364.608154296875,39406.94140625,410.3122863769531,0.0525
2021-07-28,17.674732208251953,5.290900370289599,0.7926442502306514,19.435773849487305,370.0305480957031,39995.90625,410.14398193359375,0.0525
2021-07-29,17.834096908569336,5.3166068002788025,0.7865392082809465,19.59422492980957,355.2008056640625,40008.421875,411.844970703125,0.0525
2021-07-30,17.732681274414062,5.2731070414429215,0.7481842443707694,19.431793212890625,353.1983642578125,42235.546875,409.8449096679688,0.0525
2021-08-02,17.80512237548828,5.309309228214585,0.7707707589979695,19.681922912597656,348.8862609863281,39201.9453125,408.9850769042969,0.0525
2021-08-03,17.74717140197754,5.3837686216051654,0.7905533849568923,19.74669647216797,348.18243408203125,38152.98046875,412.3124084472656,0.0525
2021-08-04,17.77614402770996,5.378610026804015,0.8017741439209717,20.20411872863769,355.79559326171875,39747.50390625,410.2841796875,0.0525
2021-08-05,17.783388137817383,5.465798575950604,0.804798650613315,20.56586265563965,359.8103332519531,40869.5546875,412.8825073242188,0.0525
2021-08-06,18.138334274291992,5.492537313432836,0.8069651741293532,20.295801162719727,360.3456115722656,42816.5,413.5647277832031,0.0525
2021-08-09,17.732681274414062,5.320616572847783,0.7882394922737456,20.22504425048828,358.4621276855469,46365.40234375,413.2283020019531,0.0525
2021-08-10,17.558835983276367,5.485977476151801,0.7978881857500087,19.867280960083008,357.9862670898437,45585.03125,413.7423400878906,0.0525
2021-08-11,17.602298736572266,5.563139159130463,0.7913426968891129,19.63109970092773,356.8265075683594,45593.63671875,414.77044677734375,0.0525
2021-08-12,17.71819496154785,5.559857819754437,0.7793729265191488,19.83638572692871,359.4930419921875,44428.2890625,416.0134887695313,0.0525
2021-08-13,18.152820587158203,5.732697919980719,0.7314131828940919,20.118410110473636,360.0184326171875,47793.3203125,416.7705993652344,0.0525
2021-08-16,18.10211563110352,5.757587769661782,0.7716354742845688,19.8812313079834,363.3690185546875,46004.484375,417.7518005371094,0.0525
2021-08-17,18.32252693176269,5.746334898974517,0.7802814340559575,19.390932083129883,355.32965087890625,44695.359375,415.0134887695313,0.0525
2021-08-18,18.487457275390625,5.630519326219127,0.7853092744463519,18.9743709564209,352.3557434082031,44801.1875,410.4711608886719,0.0525
2021-08-19,18.172582626342773,5.74314300691828,0.8179027799507756,19.72975730895996,352.0286560058594,46717.578125,411.1066284179688,0.0525
2021-08-20,18.55492782592773,5.674487039679911,0.8015708965142252,20.74424743652344,356.2416381835937,49339.17578125,414.3778076171875,0.0525
2021-08-23,18.47995948791504,5.591928579963346,0.7870490225535599,21.88231468200684,360.1869812011719,49546.1484375,418.02294921875,0.0525
2021-08-24,18.524938583374023,5.748955587195882,0.8036602274142339,21.71788024902344,362.3282165527344,47706.1171875,418.6866149902344,0.0525
2021-08-25,19.784425735473636,5.813156684344565,0.8318827668975843,22.13642692565918,365.1831359863281,48960.7890625,419.5650634765625,0.0525
2021-08-26,21.45624542236328,5.8209554752391535,0.843034930896705,21.99193382263184,361.2080383300781,46942.21875,417.0883483886719,0.0525
2021-08-27,21.59868812561035,5.7139478883887485,0.8079722803581282,22.557973861694336,369.3862609863281,49058.66796875,420.8175048828125,0.0525
2021-08-30,21.68865203857422,,,22.60979461669922,377.3463134765625,47054.984375,422.6680603027344,0.0525
2021-08-31,21.77861213684082,5.653568443491127,0.8630713528095496,22.311769485473636,376.0774841308594,47166.6875,422.0419006347656,0.0525
2021-09-01,21.928556442260746,5.746756054452368,0.881558826726126,22.36759185791016,378.7242126464844,48847.02734375,422.2661437988281,0.0525
2021-09-02,22.850675582885746,5.633746449841574,0.8796481326935034,22.322738647460938,372.0130920410156,49327.72265625,423.5653381347656,0.0525
2021-09-03,21.90606117248535,5.818108653082588,0.9014253917301869,22.76827812194824,372.9846496582031,50025.375,423.4624938964844,0.0525
2021-09-07,22.01102066040039,5.78834711004856,0.8900533738671768,22.58786392211914,378.85302734375,46811.12890625,421.9483947753906,0.0525
2021-09-08,21.80860137939453,5.841430587172304,0.8902180175656422,22.26592254638672,374.2832336425781,46091.390625,421.4343566894531,0.0525
2021-09-09,21.59868812561035,5.789316692201701,0.8912762467719456,22.10445213317871,374.70941162109375,46391.421875,419.6304931640625,0.0525
2021-09-10,21.35129165649414,5.895157942757772,0.9236282880342557,22.404470443725582,375.3934326171875,44883.91015625,416.3219299316406,0.0525
2021-09-13,21.70364570617676,5.964708696772013,0.9183408117763492,22.079538345336918,373.232421875,44963.07421875,417.3873291015625,0.0525
2021-09-14,22.168455123901367,5.9076798215086885,0.9031741015255657,22.16924285888672,373.2522583007813,47092.4921875,415.1349792480469,0.0525
2021-09-15,22.085987091064453,5.940752710947189,0.8957165896727989,22.26791763305664,370.6650390625,48176.34765625,418.6023864746094,0.0525
2021-09-16,22.543302536010746,5.954057123160915,0.9474192246651321,22.16924285888672,369.8124694824219,47783.359375,417.9388427734375,0.0525
2021-09-17,21.928556442260746,5.9152676775461766,0.9992006212071245,21.828357696533203,361.5450744628906,47267.51953125,413.8677062988281,0.0525
2021-09-20,22.12347221374512,5.776534220496369,1.0103937883947802,21.043933868408203,352.6036071777344,42843.80078125,406.9667663574219,0.0525
2021-09-21,23.930234909057617,5.864166946101715,1.081081117274534,21.17650032043457,354.3681030273437,40693.67578125,406.5823059082031,0.0525
2021-09-22,24.94982147216797,5.735109732275354,1.0743373960286644,21.86922264099121,340.2222900390625,43574.5078125,410.5484619140625,0.0525
2021-09-23,24.82237243652344,5.798828371651136,1.0555059176481434,22.40845489501953,342.9484558105469,44895.09765625,415.5365905761719,0.0525
2021-09-24,25.12974739074707,5.819332737812411,1.0363195286515252,22.008769989013672,349.8874206542969,42839.75,416.2210998535156,0.0525
2021-09-27,24.52249336242676,5.830708748985782,1.0452756062496458,21.589147567749023,350.50201416015625,42235.73046875,415.0302734375,0.0525
2021-09-28,24.230112075805664,5.808407773685161,0.932092463682585,20.63128662109375,337.6846008300781,41034.54296875,406.666748046875,0.0525
2021-09-29,23.94523048400879,5.822831247480077,0.978314071546316,20.44988822937012,336.65362548828125,41564.36328125,407.3511962890625,0.0525
2021-09-30,24.417537689208984,5.832843983362276,0.9512624751389482,20.64823341369629,336.435546875,43790.89453125,402.3723754882813,0.0525
2021-10-01,24.22261619567871,5.811564478237415,0.9588103011233445,20.674148559570312,340.0240783691406,48116.94140625,407.15423583984375,0.0525
2021-10-04,24.627450942993164,5.766989973809507,0.9677483175228283,19.66745376586914,323.39019775390625,49112.90234375,401.9035949707031,0.0525
2021-10-05,24.79238510131836,5.790558480069452,0.9843949416118067,20.38409996032715,330.0615539550781,51514.8125,406.0854187011719,0.0525
2021-10-06,25.04728126525879,5.820629771723101,0.9701049619538501,20.632286071777344,330.7356872558594,55361.44921875,407.7731018066406,0.0525
2021-10-07,24.485008239746094,5.748817969247553,0.9172602049908639,21.00605773925781,326.3541259765625,53805.984375,411.2986145019531,0.0525
2021-10-08,24.784887313842773,5.686417826213788,0.9220684461256385,20.762859344482425,327.1768493652344,53967.84765625,410.5484619140625,0.0525
2021-10-11,24.39504814147949,5.77383167404732,0.9441796658758888,20.627302169799805,322.616943359375,57484.7890625,407.5762634277344,0.0525
2021-10-12,24.05768585205078,5.7176470588235295,0.9205882352941177,20.60337829589844,320.9515380859375,56041.05859375,406.5729064941406,0.0525
2021-10-13,23.930234909057617,5.669445976476469,0.9220206259321594,20.870502471923828,321.71484375,57401.09765625,408.03564453125,0.0525
2021-10-14,24.005207061767575,5.852013507100702,0.9392977612244686,21.67486572265625,325.6700744628906,57321.5234375,414.8990478515625,0.0525
2021-10-15,24.29758644104004,5.885247479656825,0.9536462889276696,21.790483474731445,321.93292236328125,61593.94921875,418.0588684082031,0.0525
2021-10-18,23.87775611877441,5.889081895843805,0.9565320560898344,22.14930534362793,332.4208068847656,62026.078125,419.2965087890625,0.0525
2021-10-19,23.975215911865234,5.839702275691609,0.9768763706148548,22.21708869934082,337.03033447265625,64261.9921875,422.5312805175781,0.0525
2021-10-20,24.320077896118164,5.770175011421541,0.9721703984525741,22.03069877624512,337.8134765625,65992.8359375,424.19091796875,0.0525
2021-10-21,23.76530265808105,5.827111809597898,1.0255402443054966,22.617769241333008,338.90386962890625,62210.171875,425.29730224609375,0.0525
2021-10-22,23.510408401489254,5.783274596429506,1.0070671649587022,22.651657104492188,321.7841796875,60692.265625,424.8566589355469,0.0525
2021-10-25,23.74281120300293,5.78207831274353,0.9971818767035537,23.09021759033203,325.8287048339844,63039.82421875,427.1350402832031,0.0525
2021-10-26,24.275096893310547,5.810861581946376,0.9711033084405298,24.636144638061523,313.0608215332031,60363.79296875,427.5195007324219,0.0525
2021-10-27,24.177635192871094,5.802517685181079,0.9569236792679983,24.371013641357425,309.5021057128906,58482.38671875,425.6254577636719,0.0525
2021-10-28,24.784887313842773,5.787311557580698,0.9520423790968929,24.859411239624023,314.1612243652344,60622.13671875,429.7322998046875,0.0525
2021-10-29,24.60495948791504,5.6618663991988605,0.9548234624432922,25.48336410522461,320.7532958984375,62227.96484375,430.604248046875,0.0525
2021-11-01,24.71741485595703,,,25.742515563964844,327.1075134277344,61004.40625,431.3450317382813,0.0525
2021-11-02,24.47751235961914,5.6926372166632415,0.9857981521538784,26.31463623046875,325.2239990234375,63226.40234375,433.0889892578125,0.0525
2021-11-03,24.402544021606445,5.688938531038379,1.001531660971267,26.5109920501709,328.7332458496094,62970.046875,435.7330627441406,0.0525
2021-11-04,24.529993057250977,5.780802842286187,1.0062148292033977,29.703514099121094,332.9264221191406,61452.23046875,437.7864685058594,0.0525
2021-11-05,24.82986831665039,5.846213603800303,1.0196192878492392,29.6546688079834,338.16046142578125,61125.67578125,439.3054504394531,0.0525
2021-11-08,24.60495948791504,5.941026968245646,1.0222937709573194,30.703235626220703,335.6723022460937,67566.828125,439.6805114746094,0.0525
2021-11-09,24.8073787689209,5.920934673470017,1.018719736748545,30.55671119689941,332.4506225585937,66971.828125,438.2271423339844,0.0525
2021-11-10,25.692018508911133,5.923566681080613,1.0350318125544082,29.36263465881348,324.78790283203125,64995.23046875,434.70166015625,0.0525
2021-11-11,25.65453338623047,5.976,1.026,30.29058837890625,324.8869323730469,64949.9609375,434.84228515625,0.0525
2021-11-12,25.61704635620117,5.945137157107232,1.0194513715710722,30.29058837890625,337.9224853515625,64155.94140625,438.1240234375,0.0525
2021-11-15,25.54957771301269,5.978718967867476,1.0238907567536644,29.926782608032227,344.5344543457031,63557.87109375,438.2740783691406,0.0525
2021-11-16,25.98439598083496,5.9458381669035605,1.0155316360083106,30.104196548461918,339.9744567871094,60161.24609375,440.0086669921875,0.0525
2021-11-17,25.62454605102539,5.992316397018587,1.0099409657896494,29.1652774810791,337.8035583496094,60368.01171875,438.9398498535156,0.0525
2021-11-18,25.31717300415039,5.864706573344575,1.018178224538989,31.57138442993164,335.7416687011719,56942.13671875,440.4305725097656,0.0525
2021-11-19,25.06976890563965,5.961251772517155,1.0094386334795715,32.877098083496094,342.29412841796875,58119.578125,439.6429748535156,0.0525
2021-11-22,24.799882888793945,5.879920335982238,1.010425202908494,31.851463317871094,338.0414428710937,56289.2890625,438.4053649902344,0.0525
2021-11-23,25.15973663330078,5.99187777327423,1.0164439522980047,31.642152786254883,334.314208984375,57569.07421875,438.9866027832031,0.0525
2021-11-24,25.789478302001957,5.9465813954736895,1.0307407752154394,32.56712341308594,338.09100341796875,56280.42578125,440.15863037109375,0.0525
2021-11-26,24.919832229614254,5.857189617612379,1.0359655105981078,31.39995002746582,330.2201538085937,53569.765625,430.34173583984375,0.0525
2021-11-29,25.06976890563965,5.718256535333987,0.9748833190447874,33.266822814941406,335.08740234375,57806.56640625,435.6205139160156,0.0525
2021-11-30,24.957319259643555,,,32.569114685058594,321.6355285644531,57005.42578125,427.1443786621094,0.0525
2021-12-01,23.93773460388184,5.915398028839557,0.9627409543581159,31.33600616455078,307.89617919921875,57229.828125,422.4000854492188,0.0525
2021-12-02,24.207624435424805,5.944284561054177,0.9973232602435793,32.02482604980469,307.68804931640625,56477.81640625,428.8697204589844,0.0525
2021-12-03,24.41004180908203,5.85828909960613,1.0217253361855436,30.596345901489254,304.1688537597656,53598.24609375,425.1379699707031,0.0525
2021-12-06,25.084762573242188,5.861561675211377,1.0570680715974416,29.942405700683597,315.1029052734375,50582.625,430.1729431152344,0.0525
2021-12-07,25.084762573242188,5.78618842994348,1.060140688362932,32.324886322021484,319.9998779296875,50700.0859375,439.0710144042969,0.0525
2021-12-08,25.67702293395996,,,31.725772857666016,327.6824035644531,50504.796875,440.2337341308594,0.0525
2021-12-09,25.744497299194336,5.904572654171599,1.1013916668050727,30.39398002624512,326.9488830566406,47672.12109375,437.261474609375,0.0525
2021-12-10,25.93191909790039,5.88363567837334,1.1477847229710794,30.1028995513916,326.8795166015625,47243.3046875,441.3775329589844,0.0525
2021-12-13,25.444618225097656,6.080545125526815,1.192423892984439,28.072311401367188,331.57818603515625,46737.48046875,437.4677429199219,0.0525
2021-12-14,25.3846435546875,5.934823758164777,1.1576276134830428,28.24776077270508,330.8347473144531,46612.6328125,434.4578857421875,0.0525
2021-12-15,25.489599227905277,5.92474913244327,1.141665801325362,30.363082885742188,338.6858215332031,48896.72265625,441.246337890625,0.0525
2021-12-16,26.6141414642334,6.075091900730495,1.1214022098725471,28.297605514526367,331.984619140625,47665.42578125,437.3551635742188,0.0525
2021-12-17,27.851137161254883,6.141228039450943,1.1122224071448614,27.71344757080078,330.88433837890625,46202.14453125,432.700439453125,0.0525
2021-12-20,27.828643798828125,6.1229410902831125,1.1309763234348398,27.631710052490234,322.616943359375,46880.27734375,428.0993957519531,0.0525
2021-12-21,27.67120933532715,6.012575302885729,1.131128296947566,28.98343276977539,331.290771484375,48936.61328125,435.7019348144531,0.0525
2021-12-22,27.663713455200195,6.083419438280962,1.1484210952794423,29.30741310119629,327.57342529296875,48628.51171875,440.0584411621094,0.0525
2021-12-23,27.75367546081543,6.017135052067693,1.156604933021621,29.54665946960449,332.3216857910156,50784.5390625,442.7965087890625,0.0525
2021-12-27,27.686203002929688,6.026210826908028,1.1627419426502514,30.84754753112793,343.1664733886719,50640.41796875,449.0630493164063,0.0525
2021-12-28,27.47629165649414,6.0159361635499,1.1762948028398064,30.226512908935547,343.20611572265625,47588.85546875,448.6961059570313,0.0525
2021-12-29,27.4612979888916,5.924755800227232,1.1513775438441587,29.90652275085449,339.9546813964844,46444.7109375,449.2701110839844,0.0525
2021-12-30,27.618732452392575,,,29.492828369140625,341.3622741699219,47178.125,448.0280456542969,0.0525
2021-12-31,26.779075622558597,5.761686278585845,1.0627500605318403,29.31838035583496,333.4219970703125,46306.4453125,446.8989562988281,0.0525
2022-01-03,26.62163543701172,5.850428084194991,1.0959723309605873,30.02614402770996,335.59295654296875,46458.1171875,449.4864807128906,0.0525
2022-01-04,26.899023056030277,,,29.197763442993164,333.6005249023437,45897.57421875,449.3358459472656,0.0525
2022-01-05,27.23638916015625,5.874939321721318,1.0741638231794093,27.51706886291504,321.3481140136719,43569.00390625,440.7076416015625,0.0525
2022-01-06,27.01897621154785,5.993318995048765,1.114167826292672,28.089258193969727,329.5658874511719,43160.9296875,440.2936706542969,0.0525
2022-01-07,26.921518325805664,5.933682408586701,1.0994764462969475,27.16119384765625,328.9017333984375,41557.90234375,438.5530090332031,0.0525
2022-01-10,27.258878707885746,5.9841921094355515,1.1425432062727798,27.313709259033203,325.2141418457031,41821.26171875,438.0072937011719,0.0525
2022-01-11,27.51377296447754,5.937560632383162,1.1343804604651047,27.72939682006836,331.45928955078125,42735.85546875,441.9967651367188,0.0525
2022-01-12,27.74617958068848,6.036175859439175,1.16987773171541,27.910823822021484,330.35894775390625,43949.1015625,443.1916809082031,0.0525
2022-01-13,28.33093643188477,6.019607843137255,1.1764705882352942,26.491308212280277,323.6379699707031,42591.5703125,437.0851440429688,0.0525
2022-01-14,28.091039657592773,5.986925678499883,1.1708459605931976,26.857154846191406,329.0107421875,43099.69921875,437.2638854980469,0.0525
2022-01-18,27.19140625,6.086956467655522,1.1810947100026736,25.82142448425293,315.3804626464844,42375.6328125,429.5201416015625,0.0525
2022-01-19,27.506275177001957,5.969861090035039,1.2036321874083589,24.98805809020996,316.8079833984375,41744.328125,425.0601806640625,0.0525
2022-01-20,27.258878707885746,6.0718188015600205,1.175222144561088,24.07394790649414,313.8042907714844,40680.41796875,420.3555908203125,0.0525
2022-01-21,27.35633850097656,6.111757749408588,1.221381429604034,23.300392150878903,300.5308532714844,36457.31640625,412.103759765625,0.0525
2022-01-24,27.168914794921875,6.157154044947364,1.2412040693782782,23.29839324951172,306.02264404296875,36654.328125,413.8538208007813,0.0525
2022-01-25,27.52876853942871,6.299395879738926,1.243761732728971,22.25369453430176,297.53717041015625,36954.00390625,408.8011474609375,0.0525
2022-01-26,27.05646133422852,6.369107531917006,1.2248283715225012,22.70028305053711,292.0652160644531,36852.12109375,407.7754821777344,0.0525
2022-01-27,26.96649932861328,6.355685036948438,1.2244897777607082,21.87489318847656,292.0751037597656,37138.234375,405.761962890625,0.0525
2022-01-28,27.4612979888916,6.2907779203589005,1.2172557895431309,22.76807403564453,299.0835266113281,37784.33203125,415.8392028808594,0.0525
2022-01-31,27.423812866210938,6.571856519323269,1.2359013752757193,24.408885955810547,310.5330505371094,38483.125,423.3288879394531,0.0525
2022-02-01,27.131427764892575,,,24.560413360595703,316.2230224609375,38743.2734375,426.1893005371094,0.0525
2022-02-02,27.221397399902344,6.437608645801521,1.2222069877357078,25.16250991821289,320.1882629394531,36952.984375,430.3293762207031,0.0525
2022-02-03,27.071453094482425,6.590998239864289,1.1741683325173913,23.872583389282227,235.69029235839844,37154.6015625,420.2144775390625,0.0525
2022-02-04,27.73868179321289,6.757153874326954,1.2143291020529596,24.242414474487305,235.02609252929688,41500.875,422.1904296875,0.0525
2022-02-07,27.611236572265625,6.6653782363758864,1.1944420458840455,24.650131225585938,222.95211791992188,43840.28515625,420.8354797363281,0.0525
2022-02-08,27.52126884460449,6.772445780441439,1.180340550305508,25.02893447875977,218.2633056640625,44118.4453125,424.298095703125,0.0525
2022-02-09,28.94569206237793,6.949956606017496,1.1702642808739767,26.62090301513672,229.98043823242188,44338.796875,430.5081481933594,0.0525
2022-02-10,28.01606559753418,6.809736061718577,1.157655130492158,25.742677688598636,226.0846710205078,43565.11328125,422.7738342285156,0.0525
2022-02-11,26.546669006347656,6.750972562234113,1.118677009592108,23.873580932617188,217.6387939453125,42407.9375,414.4371948242188,0.0525
2022-02-14,26.32925796508789,7.079256819284712,1.135223365633916,24.19057846069336,215.8048858642578,42586.91796875,413.0822448730469,0.0525
2022-02-15,26.10435104370117,6.977648098668163,1.1836734518353513,26.41156578063965,219.076171875,44575.203125,419.7440185546875,0.0525
2022-02-16,26.26928329467773,7.038408920962063,1.228309590084792,26.427509307861328,214.65496826171875,43961.859375,420.2144775390625,0.0525
2022-02-17,26.25428581237793,7.0459545660688025,1.2223368694727095,24.42982292175293,205.90187072753903,40538.01171875,411.2380981445313,0.0525
2022-02-18,25.84195709228516,7.071178781558053,1.190198408777098,23.56754875183105,204.3653564453125,40030.9765625,408.5753479003906,0.0525
2022-02-22,26.00688362121582,7.102658813705371,1.222588812195187,23.31633949279785,200.3208770751953,38286.02734375,404.1906127929688,0.0525
2022-02-23,26.164325714111328,7.122423815552372,1.2026387754129415,22.31649398803711,196.7224884033203,37296.5703125,397.0208740234375,0.0525
2022-02-24,25.856952667236328,7.100939115505111,1.1727308539243289,23.673208236694336,205.7928009033203,38332.609375,402.9956359863281,0.0525
2022-02-25,26.531673431396484,,,24.0809268951416,208.64776611328125,39214.21875,411.8873596191406,0.0525
2022-02-28,26.38173484802246,7.184974242339268,1.1695107530329405,24.308210372924805,209.1929626464844,43193.234375,410.83343505859375,0.0525
2022-03-01,26.11934280395508,7.176287222311159,1.209048390715467,23.403064727783203,201.7185821533203,44354.63671875,404.5764465332031,0.0525
2022-03-02,25.916927337646484,6.8040437275258965,1.1858476210830848,24.14784049987793,206.29837036132807,43924.1171875,412.0190734863281,0.0525
2022-03-03,26.17181968688965,7.000406983845148,1.2093726350828828,23.643346786499023,201.203125,42451.7890625,409.9678955078125,0.0525
2022-03-04,26.389232635498047,7.0754901734343685,1.1934795547619683,22.867664337158203,198.3184509277344,39137.60546875,406.6370239257813,0.0525
2022-03-07,26.276775360107425,6.846673296956497,1.1918997457800324,21.28838157653809,185.8380584716797,38062.0390625,394.6496887207031,0.0525
2022-03-08,26.67411422729492,6.840205067335603,1.115333437368333,21.449907302856445,188.63348388671875,38737.26953125,391.6576232910156,0.0525
2022-03-09,26.606645584106445,7.071839922967816,1.0978461170736327,22.945430755615234,196.7720642089844,41982.92578125,402.1581726074219,0.0525
2022-03-10,26.029380798339844,7.17899574183872,1.139325405371895,22.59049224853516,193.51068115234372,39437.4609375,400.3422546386719,0.0525
2022-03-11,25.894432067871094,7.046679494449266,1.1617498625983924,22.034160614013672,185.9768218994141,38794.97265625,395.2518310546875,0.0525
2022-03-14,25.32466697692871,6.766773422410952,1.1462631432655481,21.26644897460937,185.00538635253903,39666.75390625,392.3632507324219,0.0525
2022-03-15,25.80246353149414,6.8376066394423605,1.1377017713961037,22.90455436706543,190.35836791992188,39338.78515625,400.991455078125,0.0525
2022-03-16,25.694921493530277,7.235752468072965,1.1234457779376446,24.42302131652832,201.8573760986328,41143.9296875,409.8831481933594,0.0525
2022-03-17,25.702598571777344,7.232096970546247,1.1202097291679438,24.69221305847168,206.03073120117188,40951.37890625,415.01123046875,0.0525
2022-03-18,25.40302276611328,6.852879220642832,1.0857088100823025,26.374187469482425,214.6054229736328,41801.15625,419.55670166015625,0.0525
2022-03-21,25.456790924072266,6.832629158598679,1.094362608967755,26.65434837341309,209.64895629882807,41077.99609375,419.4340515136719,0.0525
2022-03-22,25.756370544433597,7.025476237444807,1.0828884411421147,26.444976806640625,214.7640380859375,42358.80859375,424.3419494628906,0.0525
2022-03-23,25.940732955932617,7.123809523809523,1.0914285714285714,25.557626724243164,211.6018218994141,42892.95703125,418.8771667480469,0.0525
2022-03-24,27.369508743286133,7.215336815680994,1.1041940245633182,28.06612968444824,217.6586151123047,43960.93359375,425.1914367675781,0.0525
2022-03-25,27.42327690124512,7.041043934418974,1.1248497017181533,27.6094913482666,219.8890380859375,44348.73046875,427.2679138183594,0.0525
2022-03-28,27.9072208404541,7.156279752260473,1.1332693819898016,28.13492584228516,221.6436004638672,47128.00390625,430.3070983886719,0.0525
2022-03-29,27.53849983215332,7.118188940964045,1.1320030930374088,28.570619583129883,227.85903930664065,47465.73046875,435.63037109375,0.0525
2022-03-30,27.41559600830078,7.07423911822212,1.125883792308029,27.607501983642575,225.86654663085935,47062.6640625,432.9403991699219,0.0525
2022-03-31,26.99310874938965,7.169449158014115,1.1418153771462523,27.20470428466797,220.42433166503903,45538.67578125,426.27685546875,0.0525
2022-04-01,26.77802276611328,7.21538049186518,1.1494807605419246,26.63241958618164,222.89268493652344,46281.64453125,427.4848937988281,0.0525
2022-04-04,27.13137435913086,7.2467138670921685,1.1631964473663192,27.27848625183105,231.85397338867188,46622.67578125,431.1471252441406,0.0525
2022-04-05,27.139060974121094,7.273858866364886,1.16692922989811,25.85373878479004,229.82179260253903,45555.9921875,425.701171875,0.0525
2022-04-06,27.707494735717773,7.14146729633792,1.1266783554712958,24.334285736083984,221.3561248779297,43206.73828125,421.4443664550781,0.0525
2022-04-07,27.21587371826172,7.240434709898866,1.0979188435568596,24.135873794555664,221.0092010498047,43503.84765625,423.5680236816406,0.0525
2022-04-08,27.530820846557617,7.253122449313256,1.0957257176101576,23.05011749267578,220.39459228515625,42287.6640625,422.4354553222656,0.0525
2022-04-11,27.077606201171875,7.218453167252402,1.081604959002911,21.85169982910156,214.57571411132807,39521.90234375,415.2150573730469,0.0525
2022-04-12,27.03919982910156,6.951861564271973,1.0623026344083,21.43993186950684,212.27589416503903,40127.18359375,413.6765747070313,0.0525
2022-04-13,27.50009536743164,6.937368441895241,1.1041946180984556,22.13684844970703,213.11849975585935,41166.73046875,418.4146423339844,0.0525
2022-04-14,27.47704696655273,,,21.194664001464844,208.3503570556641,39935.515625,413.2046813964844,0.0525
2022-04-18,27.77663230895996,6.938587630516028,1.0877481989828304,21.718101501464844,208.93524169921875,40826.21484375,413.37451171875,0.0525
2022-04-19,27.95330619812012,6.810377956317712,1.0492178924298996,22.13186264038086,215.41830444335935,41502.75,420.0475463867188,0.0525
2022-04-20,28.575515747070312,6.7505744929795215,1.0687776826623931,21.41799736022949,198.6752777099609,41374.37890625,419.736083984375,0.0525
2022-04-21,27.699817657470703,6.722720957201037,1.0701318180877148,20.12286949157715,186.4328155517578,40527.36328125,413.4595947265625,0.0525
2022-04-22,27.454004287719727,6.474094313538969,1.0825066521314424,19.45685577392578,182.5073089599609,39740.3203125,402.1145629882813,0.0525
2022-04-25,27.738224029541016,6.5331043884158095,1.0856706766964357,19.84271049499512,185.36224365234372,40458.30859375,404.4458312988281,0.0525
2022-04-26,27.93026351928711,6.604994758566967,1.0678392102467058,18.73202514648437,179.37481689453125,38117.4609375,392.7327270507813,0.0525
2022-04-27,27.807357788085938,6.674294606516949,1.0392830173004963,18.360137939453125,173.42703247070312,39241.12109375,393.8370056152344,0.0525
2022-04-28,28.652332305908203,6.847846889952153,1.0421052631578949,19.72306060791016,203.9391021728516,39773.828125,403.7850646972656,0.0525
2022-04-29,27.31573486328125,6.70471824186588,0.9627092594733643,18.49174118041992,198.72488403320312,38609.82421875,388.8629760742188,0.0525
2022-05-02,26.954700469970703,6.688323863048218,0.9688514853044133,19.47480583190918,209.29209899902344,38529.328125,391.2036743164063,0.0525
2022-05-03,27.43095588684082,,,19.543598175048828,210.1842498779297,37750.453125,392.9970397949219,0.0525
2022-05-04,28.022443771362305,6.401364356067614,0.9787758111038846,20.27341651916504,221.4652099609375,39698.37109375,404.96490478515625,0.0525
2022-05-05,28.61392593383789,6.497713471311303,0.98418445980419,18.787857055664062,206.46690368652344,36575.140625,390.5714111328125,0.0525
2022-05-06,28.30665779113769,6.563632913595323,0.9635565759783833,18.61935806274414,201.99615478515625,36040.921875,388.2400207519531,0.0525
2022-05-09,27.968669891357425,,,16.899497985839844,194.50196838378903,30296.953125,375.8096923828125,0.0525
2022-05-10,27.24660301208496,6.4692568283404235,0.9666163628351215,17.542577743530273,195.92938232421875,31022.90625,376.6780090332031,0.0525
2022-05-11,27.768951416015625,6.341834682030394,0.9526075205150697,16.580448150634766,187.09698486328125,28936.35546875,370.6940307617188,0.0525
2022-05-12,27.98403549194336,6.376678686870248,0.9551645726288567,16.12680435180664,189.5752410888672,29047.751953125,370.30706787109375,0.0525
2022-05-13,28.337385177612305,6.2704139946219,0.8925180428444255,17.653249740600586,196.8909912109375,29283.103515625,379.1602783203125,0.0525
2022-05-16,29.458894729614254,6.3157090875097275,0.9041556895859871,17.212566375732422,198.2986297607422,29862.91796875,377.621826171875,0.0525
2022-05-17,28.706098556518555,6.2929063432874095,0.9153318317508959,18.12284278869629,200.8561553955078,30425.857421875,385.3896484375,0.0525
2022-05-18,28.79828453063965,6.859756157396097,0.9165396421409785,16.88753890991211,190.5665435791016,28720.271484375,369.85400390625,0.0525
2022-05-19,28.79828453063965,6.703590448977332,0.9148204629800974,17.072978973388672,189.62478637695312,30314.333984375,367.5887756347656,0.0525
2022-05-20,29.597166061401367,6.905812250600359,0.9207749667467146,16.644262313842773,191.85520935058597,29200.740234375,367.749267578125,0.0525
2022-05-23,29.32062721252441,6.6988208666447635,0.922523330777936,16.847652435302734,194.5218048095703,29098.91015625,374.6298522949219,0.0525
2022-05-24,28.67537879943848,6.549551403392699,0.8955509061781853,16.10586929321289,179.7019500732422,29655.5859375,371.7699890136719,0.0525
2022-05-25,28.667695999145508,6.568131800897179,0.8973013973060752,16.92443084716797,182.22972106933597,29562.361328125,375.0545959472656,0.0525
2022-05-26,29.05177497863769,6.889556797765482,0.9492278254699109,17.79781723022461,189.9618225097656,29267.224609375,382.5486450195313,0.0525
2022-05-27,28.944232940673828,6.874164738254728,0.9738400045860864,18.754955291748047,193.43138122558597,28627.57421875,391.93988037109375,0.0525
2022-05-31,28.414201736450195,7.143950765871283,1.0145482063000484,18.61636734008789,191.95433044433597,31792.310546875,389.7407531738281,0.0525
2022-06-01,28.26057243347168,6.916316372652921,0.983951086164711,18.26542091369629,186.9978485107422,29799.080078125,386.58831787109375,0.0525
2022-06-02,27.838083267211918,6.876899775785079,0.9954407410252434,19.533626556396484,197.12890625,30467.48828125,393.9502868652344,0.0525
2022-06-03,27.707494735717773,7.0534265447081586,0.9786868267996144,18.664226531982425,189.11924743652344,29704.390625,387.4849243164063,0.0525
2022-06-06,27.438644409179688,6.825525968906025,0.976964818915951,18.730030059814453,192.5590362548828,31370.671875,388.6648254394531,0.0525
2022-06-07,28.42188262939453,6.802336575766128,0.9986809931180187,18.86961555480957,193.9468536376953,31155.478515625,392.3928833007813,0.0525
2022-06-08,27.884172439575195,6.8828211688929315,0.9859688726788772,18.59637260437012,194.92822265625,30214.35546875,388.1268005371094,0.0525
2022-06-09,27.79967498779297,6.960120411249625,0.9687735167009613,17.99803352355957,182.3982391357422,30111.998046875,378.89599609375,0.0525
2022-06-10,27.08528709411621,6.782085136233651,0.9352653475882701,16.9270076751709,174.04164123535156,29083.8046875,367.9096374511719,0.0525
2022-06-13,25.9868221282959,6.78221528977756,0.9325546023444146,15.603679656982422,162.83009338378906,22487.388671875,353.9408264160156,0.0525
2022-06-14,26.01754379272461,6.728971962616822,0.9551401869158879,15.792159080505373,162.30470275878906,22206.79296875,352.874267578125,0.0525
2022-06-15,25.548967361450195,6.734006849329731,0.9016086948269251,16.481245040893555,167.87579345703125,22572.83984375,357.9049377441406,0.0525
2022-06-16,24.650222778320312,6.846360210087765,0.9378575630257212,15.557808876037598,159.46961975097656,20381.650390625,346.0596923828125,0.0525
2022-06-17,25.5643310546875,6.808431185309893,0.9074799374392502,15.836034774780272,162.31463623046875,20471.482421875,346.8057556152344,0.0525
2022-06-21,25.479833602905277,6.838079305062083,0.9068288458465081,16.5201358795166,155.68287658691406,20710.59765625,355.5360412597656,0.0525
2022-06-22,25.38765525817871,6.822275336169759,0.8996508020083775,16.314706802368164,154.49331665039062,19987.029296875,354.8915710449219,0.0525
2022-06-23,23.69770622253418,6.8014703974591875,0.9007352688527032,16.18008041381836,157.36805725097656,21085.876953125,358.3703308105469,0.0525
2022-06-24,23.70538711547852,6.530089847392567,0.9420157622989277,17.078582763671875,168.6787567138672,21231.65625,369.7643127441406,0.0525
2022-06-27,24.02033233642578,6.430926881596982,0.9373121474735544,16.822296142578125,168.0145721435547,20735.478515625,368.3519287109375,0.0525
2022-06-28,24.37368392944336,6.52570171376281,0.9314618926627922,15.937752723693848,159.28125,20280.634765625,360.8255004882813,0.0525
2022-06-29,24.120193481445312,6.467480487291616,0.8990708790080036,15.498969078063965,162.5128936767578,20104.0234375,360.5316162109375,0.0525
2022-06-30,23.36739921569824,6.539509627415984,0.8637602299545278,15.117033004760742,159.84629821777344,19784.7265625,357.6025695800781,0.0525
2022-07-01,23.34435272216797,6.4100236418410015,0.8806972992331121,14.482791900634766,158.63690185546875,19269.3671875,361.3847351074219,0.0525
2022-07-05,24.081787109375,6.51542667770875,0.889292220634342,14.92257022857666,166.72589111328125,20190.115234375,362.0672607421875,0.0525
2022-07-06,23.19840431213379,6.47260877076884,0.8931476907150299,15.088112831115724,168.2921142578125,20548.24609375,363.2900085449219,0.0525
2022-07-07,22.752872467041016,6.253908675881878,0.8960957717013605,15.814094543457031,170.6910858154297,21637.587890625,368.7310791015625,0.0525
2022-07-08,22.97563743591309,6.245873401769654,0.913682051916018,15.79415225982666,169.3924560546875,21731.1171875,368.4278564453125,0.0525
2022-07-11,22.82968521118164,6.341813004933138,0.904693663133117,15.110050201416016,161.4621124267578,19970.556640625,364.2190551757813,0.0525
2022-07-12,22.90650177001953,6.300193930924616,0.890360928621342,15.040243148803713,161.8487091064453,19323.9140625,360.9960632324219,0.0525
2022-07-13,22.94491004943848,6.229975046257787,0.8721965064760903,15.122015953063965,162.06680297851562,20212.07421875,359.10028076171875,0.0525
2022-07-14,22.622285842895508,6.271369759310552,0.9008450628840159,15.329439163208008,156.67413330078125,20569.919921875,358.22821044921875,0.0525
2022-07-15,22.852731704711918,6.455628720525561,0.9069891590821036,15.71836280822754,163.26626586914062,20836.328125,365.0721740722656,0.0525
2022-07-18,22.775915145874023,6.448632954441031,0.921994629023387,16.056421279907227,165.7742462158203,22485.689453125,362.0578002929688,0.0525
2022-07-19,22.39951515197754,6.540435515446892,0.9024951604106912,16.944957733154297,174.24981689453125,23389.43359375,371.84027099609375,0.0525
2022-07-20,22.522422790527344,6.350222222222222,0.9155555555555556,17.757699966430664,181.49615478515625,23231.732421875,374.2100830078125,0.0525
2022-07-21,22.629966735839844,6.296362193566749,0.9299024209213573,18.00002670288086,181.5754852294922,23164.62890625,378.0207214355469,0.0525
2022-07-22,22.806642532348636,6.274704453425966,0.9287980603376288,17.27105140686035,167.79647827148438,22714.978515625,374.5134582519531,0.0525
2022-07-25,22.184431076049805,6.314662706531046,0.9275775727107751,16.97687339782715,165.19932556152344,21361.701171875,374.9683837890625,0.0525
2022-07-26,22.384153366088867,6.411519036764548,0.9527732199884748,16.487226486206055,157.76458740234375,21239.75390625,370.5322265625,0.0525
2022-07-27,23.14463233947754,6.589607886042873,0.9902416222195574,17.74074935913086,168.103759765625,22930.548828125,380.1535339355469,0.0525
2022-07-28,23.559438705444336,6.591032019551474,1.0354763418694257,17.93421173095703,159.32090759277344,23843.88671875,384.9216613769531,0.0525
2022-07-29,23.52871322631836,6.08261631032365,1.0206272367763654,18.11271476745605,157.71498107910156,23804.6328125,390.53326416015625,0.0525
2022-08-01,23.24449157714844,5.938294175337892,1.0707804289270648,18.38994598388672,158.53778076171875,23314.19921875,389.3768310546875,0.0525
2022-08-02,23.50566673278809,5.808080951951396,1.0461760720906241,18.474706649780277,158.79554748535156,22978.1171875,386.8080139160156,0.0525
2022-08-03,23.62089157104492,5.601738116303717,1.0575076123406695,18.84069061279297,167.33058166503906,22846.5078125,392.86517333984375,0.0525
2022-08-04,23.812931060791016,5.684225455463456,1.0592839604306503,19.16180229187012,169.0851593017578,22630.95703125,392.5997924804688,0.0525
2022-08-05,23.843656539916992,5.684782229016472,1.0470073599011351,18.936426162719727,165.65528869628906,23289.314453125,391.9361877441406,0.0525
2022-08-08,24.135557174682617,5.757908534080966,1.0316702908156326,17.743736267089844,168.76797485351562,23809.486328125,391.4811401367188,0.0525
2022-08-09,23.98192405700684,5.6787451427427085,1.0483143811126618,17.038694381713867,167.0629119873047,23164.318359375,389.9265747070313,0.0525
2022-08-10,24.04337882995605,5.593677209310739,1.0301778675464706,18.046899795532227,176.78750610351562,23947.642578125,398.11663818359375,0.0525
2022-08-11,24.35064125061035,5.8611360780578545,1.076645611877089,17.892324447631836,175.94493103027344,23957.529296875,398.11663818359375,0.0525
2022-08-12,24.442821502685547,5.932203487758646,1.071943760933895,18.657197952270508,178.92874145507812,24402.818359375,404.8563232421875,0.0525
2022-08-15,24.396730422973636,5.811781577341685,1.0721982699854715,18.979307174682617,179.3153076171875,24136.97265625,406.524658203125,0.0525
2022-08-16,24.339771270751957,5.780553156292811,1.0740410494099606,18.82673454284668,177.9076690673828,23883.291015625,407.3209838867188,0.0525
2022-08-17,24.123170852661133,5.870771545921971,1.0954000567390996,18.284236907958984,173.32789611816406,23335.998046875,404.4297180175781,0.0525
2022-08-18,24.40395164489746,5.767857142857143,1.0892857142857142,18.721025466918945,173.1395721435547,23212.73828125,405.6051940917969,0.0525
2022-08-19,24.444061279296875,5.820700986977229,1.0784366245810573,17.79958724975586,166.4979248046875,20877.552734375,400.1546630859375,0.0525
2022-08-22,24.56439971923828,5.820700986977229,1.0266573826723642,16.98683738708496,161.63063049316406,21398.908203125,391.8224792480469,0.0525
2022-08-23,24.532306671142575,5.7193606458885595,0.9946714166762711,17.133434295654297,159.70751953125,21528.087890625,390.8745422363281,0.0525
2022-08-24,24.54835319519043,5.630538090145795,1.0073635278443238,17.174318313598633,161.8388214111328,21395.01953125,392.125732421875,0.0525
2022-08-25,23.866455078125,5.6628974608265805,1.0212804068503283,17.8634033203125,167.31076049804688,21600.904296875,397.66162109375,0.0525
2022-08-26,23.866455078125,5.592585930966965,1.0515059589772178,16.214981079101562,160.37168884277344,20260.01953125,384.201171875,0.0525
2022-08-29,23.866455078125,,,15.75725269317627,157.7843780517578,20297.994140625,381.6607360839844,0.0525
2022-08-30,23.75414276123047,5.522017075376169,1.0298295510347841,15.42517375946045,155.7919158935547,19796.80859375,377.4709777832031,0.0525
2022-08-31,23.32895851135254,5.349911262551658,0.9973357151137968,15.05221176147461,161.51168823242188,20049.763671875,374.5987243652344,0.0525
2022-09-01,23.00004196166992,5.512777027346046,0.9780733435613952,13.89841365814209,163.9205322265625,20127.140625,375.774169921875,0.0525
2022-09-02,23.064218521118164,5.594159436558925,1.0449467626779878,13.609216690063477,158.92440795898438,19969.771484375,371.8118286132813,0.0525
2022-09-06,23.714031219482425,5.533707954112727,1.052492994444981,13.42772102355957,157.159912109375,18837.66796875,370.4089965820313,0.0525
2022-09-07,23.2086238861084,5.556722792983548,1.0206582823911179,13.680095672607422,158.99378967285156,19290.32421875,377.0633850097656,0.0525
2022-09-08,22.75937271118164,5.5182073861008645,1.0197829322346934,13.95541286468506,160.64923095703125,19329.833984375,379.5278930664063,0.0525
2022-09-09,23.136423110961918,5.560898703563308,1.010754544232576,14.351432800292969,167.67750549316406,21381.15234375,385.4239501953125,0.0525
2022-09-12,23.649850845336918,5.597605919958776,1.0403097794640368,14.469139099121094,167.48916625976562,22370.44921875,389.5664367675781,0.0525
2022-09-13,22.903772354125977,5.572646732064736,1.0389382393218483,13.09853744506836,151.79698181152344,20296.70703125,372.6271057128906,0.0525
2022-09-14,22.831573486328125,5.4316231252810425,0.9840658273397634,13.095544815063477,150.15142822265625,20241.08984375,374.0489196777344,0.0525
2022-09-15,22.4946346282959,5.446240512515183,1.0031623653697321,12.897035598754885,148.2481689453125,19701.2109375,369.80224609375,0.0525
2022-09-16,23.24873352050781,5.40257919535418,0.9907633137286618,13.165371894836426,145.0165252685547,19772.583984375,366.9810791015625,0.0525
2022-09-19,22.73530387878418,5.28803373874983,0.9984826238239702,13.348917961120604,146.73146057128906,19544.12890625,369.8269958496094,0.0525
2022-09-20,22.438478469848636,5.251771021518756,1.0032452948084003,13.143425941467283,144.8182830810547,18890.7890625,365.5819091796875,0.0525
2022-09-21,22.03736114501953,5.288711803085149,0.9970522251717904,13.228214263916016,140.88282775878906,18547.400390625,359.2048034667969,0.0525
2022-09-22,22.213851928710938,5.246860388710623,0.9977636149023479,12.529943466186523,141.5767364501953,19413.55078125,356.1875305175781,0.0525
2022-09-23,21.37150764465332,5.133554442868487,0.9824207286568774,12.485057830810549,139.18771362304688,19297.638671875,350.2197265625,0.0525
2022-09-26,20.97039031982422,,,12.197769165039062,135.18289184570312,19222.671875,346.7550354003906,0.0525
2022-09-27,20.58531951904297,4.993665031234828,0.929977198814199,12.382312774658203,133.23001098632812,19110.546875,345.8698425292969,0.0525
2022-09-28,20.6414737701416,4.859560193148907,0.9340101763990936,12.704514503479004,140.3772735595703,19426.720703125,352.6753234863281,0.0525
2022-09-29,19.935510635375977,4.915687353099067,0.9691705141764965,12.189790725708008,135.22256469726562,19573.05078125,345.3082580566406,0.0525
2022-09-30,20.2965145111084,4.488054724372492,0.9155290340782669,12.108989715576172,134.49888610839844,19431.7890625,339.9686279296875,0.0525
2022-10-03,20.52916145324707,4.718297872340425,0.8851063829787233,12.481067657470703,137.4033660888672,19623.580078125,348.94415283203125,0.0525
2022-10-04,20.73773956298828,4.916560652230814,0.9453621102497568,13.13444709777832,139.05886840820312,20336.84375,359.7568664550781,0.0525
2022-10-05,20.079910278320312,5.086074813582429,0.9698312898553627,13.17634391784668,137.77017211914062,20160.716796875,358.9191589355469,0.0525
2022-10-06,20.36871337890625,4.935374213697138,0.9523809647382485,13.097539901733398,137.859375,19955.443359375,355.216796875,0.0525
2022-10-07,19.951555252075195,5.00593134048957,0.9591594917796537,12.046144485473633,132.2882843017578,19546.849609375,345.3082580566406,0.0525
2022-10-10,19.51835060119629,4.827235697502265,0.9247967336267497,11.64114761352539,132.6253204345703,19141.484375,342.6717224121094,0.0525
2022-10-11,19.253610610961918,4.902789391698007,0.9602704739601612,11.557354927062988,127.42103576660156,19051.41796875,340.5016174316406,0.0525
2022-10-12,19.28569984436035,4.895223337491459,0.9614408214713517,11.47157096862793,126.3900909423828,19157.4453125,339.3785095214844,0.0525
2022-10-13,19.590547561645508,5.0153009440759675,0.9571574344117862,11.930431365966797,129.15579223632812,19382.904296875,348.3350830078125,0.0525
2022-10-14,19.33383560180664,5.008460366198038,0.9796954567664404,11.19924259185791,125.65653228759766,19185.65625,340.3968811035156,0.0525
2022-10-17,20.047821044921875,5.000847458997179,0.9832174665146995,11.85860824584961,132.8731689453125,19550.7578125,349.14404296875,0.0525
2022-10-18,20.184202194213867,4.891700670271748,1.0092100897405305,11.937414169311523,131.6439971923828,19334.416015625,353.2464294433594,0.0525
2022-10-19,20.93830108642578,5.023761188030915,1.001357804371027,12.021204948425291,132.07022094726562,19139.53515625,350.7431335449219,0.0525
2022-10-20,20.304536819458008,4.728531609870529,0.9609051735772609,12.163854598999023,130.38499450683594,19053.740234375,347.80206298828125,0.0525
2022-10-21,20.312557220458984,4.947475393683929,0.9454422156423399,12.4351806640625,128.8782501220703,19172.46875,356.254150390625,0.0525
2022-10-24,20.40080451965332,,,12.567852973937988,128.59078979492188,19345.572265625,360.6134338378906,0.0525
2022-10-25,20.96236801147461,4.9792249510765805,,13.228214263916016,136.31297302246094,20095.857421875,366.3719177246094,0.0525
2022-10-26,21.37952995300293,5.053671953316789,0.9780201285245571,12.864117622375488,128.6898956298828,20770.44140625,363.6116333007813,0.0525
2022-10-27,21.941091537475582,5.104846999692752,0.9874527277183456,13.143425941467283,97.0874252319336,20285.8359375,361.66998291015625,0.0525
2022-10-28,22.1817626953125,5.170254901226854,0.9726391934292059,13.799798011779783,98.33644104003906,20595.3515625,370.2742919921875,0.0525
2022-10-31,22.077472686767575,,,13.463630676269531,92.34902954101562,20495.7734375,367.5997619628906,0.0525
2022-11-01,22.021318435668945,,,13.509517669677734,94.37127685546876,20485.2734375,365.9912109375,0.0525
2022-11-02,22.04538345336914,5.188112089844674,0.9835080037867802,13.186318397521973,89.75183868408203,20159.50390625,356.80615234375,0.0525
2022-11-03,21.620201110839844,5.036253374508504,0.9724472979233899,13.387818336486816,88.13603210449219,20209.98828125,353.1321716308594,0.0525
2022-11-04,21.90097999572754,5.259139903383868,0.9703961370114751,14.121002197265623,89.99966430664062,21147.23046875,358.2149353027344,0.0525
2022-11-07,22.20583152770996,5.299673749373143,0.9823115309920408,14.265644073486328,95.8780288696289,20602.81640625,361.6414489746094,0.0525
2022-11-08,22.47056770324707,5.259980974209923,0.9709407503213726,14.565900802612305,95.63021850585938,18541.271484375,363.5926208496094,0.0525
2022-11-09,21.1228141784668,5.2067751071434385,0.9852979314376453,13.741941452026367,100.58670806884766,15880.7802734375,356.1018981933594,0.0525
2022-11-10,21.9812068939209,5.144528656141594,0.9721266524147159,15.711064338684082,110.89616394042967,17586.771484375,375.6711730957031,0.0525
2022-11-11,21.748558044433597,5.29998267805769,0.9935281059857319,16.286638259887695,112.03614044189452,17034.29296875,379.30712890625,0.0525
2022-11-14,22.021318435668945,5.305550634945699,1.0243389839746646,16.25471305847168,113.22569274902344,16618.19921875,376.0804443359375,0.0525
2022-11-15,21.86086845397949,5.334502268482166,1.0118368865595693,16.624794006347656,116.060791015625,16884.61328125,379.2881164550781,0.0525
2022-11-16,21.564043045043945,5.292576419213974,0.9650655021834061,15.870665550231934,112.24432373046876,16669.439453125,376.39453125,0.0525
2022-11-17,21.82877922058105,5.322836458362472,0.9814850603034204,15.638240814208984,110.47980499267578,16687.517578125,375.2428283691406,0.0525
2022-11-18,22.22187614440918,5.329573820631209,0.9877639265866138,15.370903968811035,111.0746078491211,16697.77734375,376.9465942382813,0.0525
2022-11-21,22.253965377807617,5.297480767114517,1.0018008183355176,15.279131889343262,108.90365600585938,15787.2841796875,375.575927734375,0.0525
2022-11-22,22.22187614440918,5.059192321513638,0.9923398565942098,15.998348236083984,110.46989440917967,16189.76953125,380.6300354003906,0.0525
2022-11-23,22.278032302856445,5.097320429044067,0.9697128418951982,16.478160858154297,111.26293182373048,16610.70703125,383.0286560058594,0.0525
2022-11-25,23.17653465270996,5.024717568270555,0.9975282593369161,16.229778289794922,110.44017028808594,16521.841796875,382.9429626464844,0.0525
2022-11-28,23.473360061645508,5.119068742811273,0.9940024936506385,15.787872314453123,107.83306121826172,16217.322265625,376.8323364257813,0.0525
2022-11-29,23.385114669799805,4.9448123620309055,1.0596026490066226,15.600337028503418,108.50713348388672,16444.982421875,376.1851196289063,0.0525
2022-11-30,23.938655853271484,,,16.885480880737305,117.0719223022461,17168.56640625,388.0352478027344,0.0525
2022-12-01,24.13119125366211,5.09490873588699,1.0200461431528618,17.09700584411621,119.3915557861328,16967.1328125,387.7496337890625,0.0525
2022-12-02,23.473360061645508,5.086106911324678,0.9833140028561044,16.838584899902344,122.41500854492188,17088.66015625,387.3022766113281,0.0525
2022-12-05,23.18455696105957,5.046209200536638,0.9744280212985045,16.57317543029785,121.3642349243164,16974.826171875,380.33502197265625,0.0525
2022-12-06,23.601716995239254,5.126831052998875,0.990532341075915,15.951556205749512,113.12657165527344,17089.50390625,374.8525695800781,0.0525
2022-12-07,23.986791610717773,5.052820191763504,0.9632945652617879,16.08426284790039,112.93822479248048,16848.126953125,374.2148742675781,0.0525
2022-12-08,23.962722778320312,,,17.130937576293945,114.3260269165039,17233.474609375,377.14642333984375,0.0525
2022-12-09,24.211414337158203,5.062833350600233,0.9764035747586163,16.963308334350586,114.89107513427734,17133.15234375,374.3291015625,0.0525
2022-12-12,23.79425430297852,5.0366348677468125,0.9787426233660295,17.496126174926758,113.71143341064452,17206.4375,379.7258605957031,0.0525
2022-12-13,23.537538528442383,4.996405518504024,0.9777138856353198,18.031932830810547,119.10408020019533,17781.318359375,382.6003112792969,0.0525
2022-12-14,23.00004196166992,5.177701577122332,0.9895363467078743,17.634817123413086,120.5315399169922,17815.650390625,380.1541748046875,0.0525
2022-12-15,22.04538345336914,5.161522668735224,0.9772338943944304,16.914417266845703,115.13890075683594,17364.865234375,370.85491943359375,0.0525
2022-12-16,21.507884979248047,5.251296741214171,0.9819352557651838,16.534257888793945,118.39035034179688,16647.484375,366.4765930175781,0.0525
2022-12-19,16.413700103759766,5.260689128532656,0.9922424625147327,16.21796417236328,113.48342895507812,16439.6796875,363.3690185546875,0.0525
2022-12-20,16.646352767944336,5.165718257554654,1.0186940899513373,16.04933738708496,116.07070922851562,16906.3046875,363.8662109375,0.0525
2022-12-21,18.178617477416992,5.266034882931267,1.0295189304000574,16.464418411254883,118.71747589111328,16817.53515625,369.3069458007813,0.0525
2022-12-22,17.817611694335938,5.2395208646721265,1.0406017048303526,15.30499267578125,116.10044860839844,16830.341796875,364.0382995605469,0.0525
2022-12-23,18.170595169067383,5.124683758909204,1.0263823607406302,15.172287940979004,117.01244354248048,16796.953125,366.1324462890625,0.0525
2022-12-27,17.80959129333496,5.264207290500757,1.0187618792222541,14.089693069458008,115.86254119873048,16717.173828125,364.6885986328125,0.0525
2022-12-28,17.825634002685547,5.29073929543392,1.0364321380980626,14.004881858825684,114.613525390625,16552.572265625,360.1562194824219,0.0525
2022-12-29,18.186641693115234,5.322123714740313,1.0277327253698663,14.57062530517578,119.2131118774414,16642.341796875,366.6391906738281,0.0525
2022-12-30,18.290929794311523,,,14.5816011428833,119.29241180419922,16602.5859375,365.6733703613281,0.0525
2023-01-03,19.020959854125977,5.4134529147982065,1.0349775784753363,14.283263206481934,123.65412902832033,16679.857421875,364.1340026855469,0.0525
2023-01-04,20.144092559814453,5.40395471182533,1.053950107703682,14.716300964355469,126.26123046875,16863.23828125,366.9452209472656,0.0525
2023-01-05,19.7830867767334,5.3640256082992135,1.069771574243306,14.233375549316406,125.8349838256836,16836.736328125,362.757080078125,0.0525
2023-01-06,19.702861785888672,5.383459842894126,1.0498640956075922,14.826055526733398,128.88812255859375,16951.96875,371.0758361816406,0.0525
2023-01-09,19.807151794433597,5.580775223544472,1.0808473641467666,15.593351364135742,128.3429412841797,17196.5546875,370.8655090332031,0.0525
2023-01-10,20.464984893798828,5.594149830566772,1.0786105882465342,15.873729705810549,131.83233642578125,17446.29296875,373.4662780761719,0.0525
2023-01-11,20.4970703125,5.412022701944589,1.0725379223637657,15.96552276611328,131.73318481445312,17934.896484375,378.1899108886719,0.0525
2023-01-12,20.32860374450684,5.45256265910605,1.0814249273893666,16.474393844604492,135.5199432373047,18869.587890625,379.5667724609375,0.0525
2023-01-13,20.56927299499512,5.45256265910605,1.0850599691621041,16.861534118652344,135.78756713867188,19909.57421875,381.0393371582031,0.0525
2023-01-17,20.73773956298828,5.332111698248679,1.0627576580701834,17.66275405883789,134.18170166015625,21161.51953125,380.3412780761719,0.0525
2023-01-18,20.84203338623047,5.471180085116957,1.0585544077726288,17.338472366333008,131.862060546875,20688.78125,374.3363952636719,0.0525
2023-01-19,21.37150764465332,5.328453648113906,1.0594693208303405,16.727828979492188,134.96478271484375,21086.79296875,371.611328125,0.0525
2023-01-20,21.45173072814941,5.157540793298916,1.0673294908882236,17.799453735351562,138.15675354003906,22676.552734375,378.5340881347656,0.0525
2023-01-23,21.941091537475582,5.274563746112529,1.0780532447660358,19.150447845458984,142.02281188964844,22934.431640625,383.0760192871094,0.0525
2023-01-24,21.844823837280277,5.342175569957655,1.0656719197312081,19.222286224365234,141.89393615722656,22636.46875,382.664794921875,0.0525
2023-01-25,22.213851928710938,5.268935250713057,1.0702524728010898,19.280160903930664,140.26821899414062,23117.859375,382.8082580566406,0.0525
2023-01-26,21.660310745239254,5.3047383077833805,1.0539822138823234,19.75809860229492,146.01773071289062,23032.77734375,387.0154418945313,0.0525
2023-01-27,21.146883010864254,5.38362480615933,1.0855566082139454,20.31985092163086,150.4191131591797,23078.728515625,387.9046630859375,0.0525
2023-01-30,20.769832611083984,5.184776671530365,1.0893546730077097,19.11952018737793,145.77981567382812,22840.138671875,383.0376892089844,0.0525
2023-01-31,20.53718376159668,5.13637185637494,1.0406369922840888,19.49368476867676,147.67318725585938,23139.283203125,388.6696472167969,0.0525
2023-02-01,20.85807991027832,5.267685711387125,1.0826393670206687,20.89657211303711,151.78704833984375,23723.76953125,392.80029296875,0.0525
2023-02-02,21.45975112915039,5.4163969569865476,1.0952952890834573,21.660871505737305,187.1267242431641,23471.87109375,398.5183715820313,0.0525
2023-02-03,21.22710609436035,5.562790697674418,1.0799999999999998,21.053220748901367,184.9062347412109,23449.322265625,394.282470703125,0.0525
2023-02-06,20.53718376159668,5.540931720513615,1.0659946133467904,21.04224395751953,184.4403076171875,22760.109375,391.872802734375,0.0525
2023-02-07,20.12804412841797,5.4206971169411124,1.0622376168551273,22.12384414672852,189.9519195556641,23264.291015625,396.9980163574219,0.0525
2023-02-08,20.34464836120605,5.339629361916726,1.0261532617288947,22.15576934814453,181.8332061767578,22939.3984375,392.6568603515625,0.0525
2023-02-09,20.031774520874023,5.168006002087774,1.0399927272752605,22.287473678588867,176.37118530273438,21819.0390625,389.2528991699219,0.0525
2023-02-10,19.815174102783203,5.766590389016018,1.059954233409611,21.21785545349121,172.63397216796875,21651.18359375,390.1612854003906,0.0525
2023-02-13,20.05584716796875,5.664367816091954,1.0335632183908046,21.73969268798828,177.86801147460938,21808.1015625,394.7413940429688,0.0525
2023-02-14,19.807151794433597,5.708013188272479,0.997987562244435,22.920072555541992,177.91761779785156,22220.8046875,394.559814453125,0.0525
2023-02-15,19.542415618896484,5.625648778789152,0.9949569765722561,22.713529586791992,175.6177978515625,24307.841796875,395.8410339355469,0.0525
2023-02-16,19.526371002197266,5.578926358375053,0.9966237378068057,21.95322036743164,170.9388885498047,23623.474609375,390.3908081054688,0.0525
2023-02-17,19.79110717773437,5.615941951365513,1.0054347687122127,21.34058380126953,171.37506103515625,24565.6015625,389.4154357910156,0.0525
2023-02-21,19.60659408569336,5.643032533912335,1.0011831915005756,20.60920524597168,170.58203125,24436.353515625,381.6034240722656,0.0525
2023-02-22,19.67879295349121,5.605137302949166,0.9795385577969417,20.70798683166504,169.63037109375,24188.84375,381.0775146484375,0.0525
2023-02-23,19.46219062805176,5.60907029478458,0.9977324263038548,23.611534118652344,170.5423583984375,23947.4921875,383.1046752929688,0.0525
2023-02-24,19.03700828552246,,,23.234373092651367,168.90673828125,23198.126953125,379.01214599609375,0.0525
2023-02-27,19.093162536621094,5.742429802124234,0.9850419609742967,23.44889259338379,168.06414794921875,23522.87109375,380.3030395507813,0.0525
2023-02-28,18.8123836517334,5.743719311095894,0.9759623750760802,23.16452980041504,173.41712951660156,23147.353515625,378.8974914550781,0.0525
2023-03-01,19.03700828552246,5.645234046763256,0.9712327585246049,22.647676467895508,171.91033935546875,23646.55078125,377.4440002441406,0.0525
2023-03-02,19.205474853515625,5.724703896722059,0.9845032179076152,23.262311935424805,173.01068115234375,23475.466796875,380.3795166015625,0.0525
2023-03-03,19.542415618896484,5.730398271873475,0.9814444024367428,23.837034225463867,183.6373748779297,22362.6796875,386.4800109863281,0.0525
2023-03-06,19.446144104003903,5.753918386916969,0.969194768992276,23.501781463623047,183.29042053222656,22429.7578125,386.7477416992188,0.0525
2023-03-07,18.988874435424805,5.739714798808065,0.9790209735941605,23.240314483642575,182.90383911132807,22219.76953125,380.8193359375,0.0525
2023-03-08,19.32580947875977,5.719457013574661,0.9520361990950227,24.13148307800293,183.3597869873047,21718.080078125,381.4408874511719,0.0525
2023-03-09,18.547645568847656,5.668893364506552,0.9288680369549749,23.388011932373047,180.10836791992188,20363.021484375,374.40338134765625,0.0525
2023-03-10,18.62786674499512,5.797101369151497,0.9112318714635009,22.9179744720459,177.94735717773438,20187.244140625,369.00091552734375,0.0525
2023-03-13,18.210708618164062,5.769789205432107,0.9531590097079471,22.91897392272949,179.32525634765625,24197.533203125,368.4749755859375,0.0525
2023-03-14,18.651933670043945,5.586369589069208,0.9207903151353529,24.013729095458984,192.33102416992188,24746.07421875,374.5659484863281,0.0525
2023-03-15,18.651933670043945,5.7456386980617005,0.8995789014890385,24.17839241027832,196.0285797119141,24375.9609375,372.2232971191406,0.0525
2023-03-16,18.53160095214844,5.671696228317647,0.9071078262597776,25.48870658874512,203.14605712890625,25052.7890625,378.7539978027344,0.0525
2023-03-17,18.619844436645508,5.568785476282667,0.9351529558033885,25.672327041625977,193.9071807861328,27423.9296875,374.3253173828125,0.0525
2023-03-20,19.30174446105957,5.65675057208238,0.9876430205949658,25.846967697143555,196.0880126953125,27767.236328125,377.9246215820313,0.0525
2023-03-21,19.61461639404297,5.723247151909759,0.9658671450756798,26.14535522460937,200.40017700195312,28175.81640625,382.8870544433594,0.0525
2023-03-22,19.92748641967773,5.670017506867545,0.9480770977651003,26.413803100585938,198.0706329345703,27307.4375,376.3601379394531,0.0525
2023-03-23,19.365922927856445,5.6559339214401145,0.9632014989830515,27.13532447814941,202.5017242431641,28333.97265625,377.3775939941406,0.0525
2023-03-24,19.43812370300293,5.53477644504102,0.9433440545476041,26.72416877746582,204.2166748046875,27493.28515625,379.8539733886719,0.0525
2023-03-27,19.53439140319824,5.4902538905301785,0.9396072094531512,26.47667694091797,201.0742645263672,27139.888671875,380.5642395019531,0.0525
2023-03-28,19.73495101928711,5.666204265872015,0.9246416882950417,26.35592460632324,198.9330291748047,27268.130859375,379.7100830078125,0.0525
2023-03-29,19.887374877929688,5.582269454998463,0.9488015740343922,26.92874526977539,203.5624084472656,28348.44140625,385.2290344238281,0.0525
2023-03-30,19.96759796142578,5.713232760587385,0.9933653090182581,27.326929092407227,206.03073120117188,28033.5625,387.4846496582031,0.0525
2023-03-31,20.25640106201172,5.727651075127363,0.8913772091194996,27.720125198364254,210.09503173828125,28478.484375,392.9461059570313,0.0525
2023-04-03,19.759016036987305,5.70522991589895,0.9711421723768561,27.907737731933597,211.2152099609375,27790.220703125,394.4434814453125,0.0525
2023-04-04,19.125253677368164,5.687030077884629,0.9713814278193263,27.396785736083984,212.850830078125,28168.08984375,392.2550354003906,0.0525
2023-04-05,19.47823715209961,5.715339056176128,0.9513274041893167,26.82595634460449,209.63905334472656,28177.984375,391.2280578613281,0.0525
2023-04-06,19.58067321777344,,,26.98164176940918,214.2188262939453,28044.140625,392.754150390625,0.0525
2023-04-10,19.790584564208984,,,27.52253150939941,212.8805694580078,29652.98046875,393.1572265625,0.0525
2023-04-11,19.219621658325195,5.777493404573564,0.954383404173228,27.113370895385746,211.9884185791016,30235.05859375,393.2628479003906,0.0525
2023-04-12,18.8753662109375,5.781818181818182,0.9372727272727273,26.440752029418945,212.1370849609375,30139.052734375,391.6598815917969,0.0525
2023-04-13,19.49670791625977,5.783176230646169,0.9336475732861369,26.408811569213867,218.43182373046875,30399.06640625,396.8622741699219,0.0525
2023-04-14,19.13565826416016,5.748646021900187,0.9291289884167601,26.70321083068848,219.56190490722656,30485.69921875,395.892822265625,0.0525
2023-04-17,19.11886405944824,5.76446983056965,0.9496015347850629,26.94671058654785,216.9547882080078,29445.044921875,397.3133544921875,0.0525
2023-04-18,18.6822452545166,5.711226253287734,0.9245047497509519,27.6103515625,215.9932403564453,30397.552734375,397.5725402832031,0.0525
2023-04-19,18.690643310546875,5.668563130965594,0.8970483373814749,27.873809814453125,213.8223114013672,28822.6796875,397.50537109375,0.0525
2023-04-20,18.47233390808105,5.702105168147551,0.9237055101048993,27.04850578308105,211.2152099609375,28245.98828125,395.3360290527344,0.0525
2023-04-21,18.49752426147461,,,27.0634708404541,211.03677368164065,27276.91015625,395.6432800292969,0.0525
2023-04-24,18.17005920410156,5.751096173445897,0.9483761580355711,26.986629486083984,210.9376373291016,27525.33984375,396.0559387207031,0.0525
2023-04-25,18.04411125183105,5.809814736553089,0.9563185148039121,26.18726921081543,205.74327087402344,28307.59765625,389.7690734863281,0.0525
2023-04-26,17.960145950317383,5.953454775088396,0.9669853816507213,26.900802612304688,207.5771484375,28422.701171875,388.1181335449219,0.0525
2023-04-27,17.943355560302734,5.940059367963959,0.9774097687286151,27.170255661010746,236.48329162597656,29473.787109375,395.8448486328125,0.0525
2023-04-28,18.144868850708008,6.09438202247191,0.9842696629213483,27.692184448242188,238.2279815673828,29340.26171875,399.2234497070313,0.0525
2023-05-01,17.993732452392578,,,28.85080337524414,241.0630798339844,28091.568359375,398.8203430175781,0.0525
2023-05-02,18.01052474975586,6.018585231499254,1.0085002183242318,28.15223503112793,237.15740966796875,28680.537109375,394.337890625,0.0525
2023-05-03,18.18685340881348,5.90039716355016,1.0059545622872215,27.745073318481445,234.96661376953125,29006.30859375,391.6311340332031,0.0525
2023-05-04,18.74102210998535,6.018978678859172,1.008585616457483,27.505563735961918,231.4872131347656,28847.7109375,388.8572082519531,0.0525
2023-05-05,18.925745010375977,5.963136955007183,1.010119259954247,28.621273040771484,230.7536163330078,29534.384765625,396.0559387207031,0.0525
2023-05-08,18.329593658447266,5.967990070127791,0.9765801932936385,29.091306686401367,231.2393798828125,27694.2734375,396.16162109375,0.0525
2023-05-09,17.960145950317383,6.025074262213757,0.974113802872883,28.512495040893555,231.33848571777344,27658.775390625,394.4242858886719,0.0525
2023-05-10,18.354782104492188,6.00376586863459,1.0033175040325726,28.825857162475582,231.051025390625,27621.755859375,396.2671508789063,0.0525
2023-05-11,18.11968040466309,5.986516853932584,1.000449438202247,28.519481658935547,233.73741149902344,27000.7890625,395.5760498046875,0.0525
2023-05-12,18.337989807128903,5.8728739294770715,0.9919427307714321,28.28197288513184,231.77464294433597,26804.990234375,395.0577392578125,0.0525
2023-05-15,18.337989807128903,5.790095596911607,0.984710135529185,28.89371681213379,236.78070068359372,27192.693359375,396.4207153320313,0.0525
2023-05-16,17.976938247680664,5.757294632086647,0.9934365272838482,29.15318489074707,236.74105834960935,27036.650390625,393.7715148925781,0.0525
2023-05-17,18.37997055053711,5.83806503460475,0.9709342915783203,30.11620712280273,240.3791046142578,27398.802734375,398.551513671875,0.0525
2023-05-18,18.95093536376953,5.908814859572661,0.977364391424783,31.613136291503903,244.7011566162109,26832.208984375,402.390869140625,0.0525
2023-05-19,19.22801780700684,5.884249989593484,0.9962372089567532,31.19998550415039,243.5016632080078,26890.12890625,401.8053894042969,0.0525
2023-05-22,19.186037063598636,5.913118502505583,0.994805802777155,31.11216735839844,246.1583251953125,26851.27734375,401.968505859375,0.0525
2023-05-23,18.95093536376953,5.8607531397301456,0.9944920484339389,30.625167846679688,244.59210205078125,27225.7265625,397.457275390625,0.0525
2023-05-24,18.73262596130371,5.8941559232369585,0.9880325202629734,30.4754695892334,247.0406188964844,26334.818359375,394.5777587890625,0.0525
2023-05-25,18.514314651489254,5.845601356196771,0.9874326615197246,37.9022331237793,250.4903106689453,26476.20703125,397.994873046875,0.0525
2023-05-26,18.58988380432129,5.795292250151622,0.978958598564074,38.86625671386719,259.7589111328125,26719.291015625,403.1491088867188,0.0525
2023-05-30,18.04411125183105,5.726401367380647,0.9799380062412434,40.02886962890625,260.2347106933594,27702.349609375,403.3027038574219,0.0525
2023-05-31,17.750234603881836,5.803017016055036,0.9671695026758392,37.756534576416016,262.4155578613281,27219.658203125,401.06634521484375,0.0525
2023-06-01,18.27921485900879,5.725848001838931,0.9300509463619341,39.68856430053711,270.2368469238281,26819.97265625,404.8768615722656,0.0525
2023-06-02,18.808195114135746,5.850247724660323,0.9800948550917219,39.24647521972656,270.2368469238281,27249.58984375,410.7318420410156,0.0525
2023-06-05,18.58148956298828,5.909342422555102,0.9667398555328058,39.09079360961914,269.0275573730469,25760.09765625,409.9447937011719,0.0525
2023-06-06,18.70743560791016,5.883403016145291,0.9674770736501054,38.57485961914063,268.7598876953125,27238.783203125,410.83734130859375,0.0525
2023-06-07,18.94253921508789,5.882667509526373,0.9822272114391004,37.402130126953125,261.3053283691406,26345.998046875,409.4168090820313,0.0525
2023-06-08,19.10207176208496,5.8893740070387235,0.9797809146616145,38.43512344360352,262.2767944335937,26508.216796875,411.8932495117188,0.0525
2023-06-09,19.1440544128418,5.850873920175658,0.981091663444089,38.694618225097656,262.64361572265625,26480.375,412.6322937011719,0.0525
2023-06-12,19.13565826416016,,,39.40522384643555,268.6904296875,25902.5,416.3757019042969,0.0525
2023-06-13,19.253211975097656,5.885919966883862,0.9658259582023064,40.94223785400391,268.9580993652344,25918.728515625,419.1207580566406,0.0525
2023-06-14,18.757814407348636,5.903715830608249,0.968746097658899,42.91341018676758,270.9704895019531,25124.67578125,419.619873046875,0.0525
2023-06-15,19.45472526550293,5.989522831029051,0.9744149083315918,42.570068359375,279.3765563964844,25576.39453125,424.82220458984375,0.0525
2023-06-16,19.09367561340332,6.024096280068371,1.030012890743833,42.6089973449707,278.5538330078125,26327.462890625,423.3751831054688,0.0525
2023-06-20,19.98370361328125,5.958042505707704,1.013943980640016,43.72282409667969,281.8548889160156,28327.48828125,421.1786193847656,0.0525
2023-06-21,19.933324813842773,5.915178769648847,0.9360599392018869,42.96131134033203,279.18829345703125,30027.296875,419.02056884765625,0.0525
2023-06-22,20.143238067626957,5.926059286236741,0.9687865590887935,42.941349029541016,282.4001159667969,29912.28125,420.53314208984375,0.0525
2023-06-23,19.782188415527344,5.868798121082369,0.9712320816944596,42.12693405151367,286.2166442871094,30695.46875,417.3538513183594,0.0525
2023-06-26,19.74860382080078,5.900815957263897,0.9721101060294931,40.553001403808594,276.0458984375,30271.130859375,415.6487426757813,0.0525
2023-06-27,20.11804962158203,5.998132521891488,0.9517994720366733,41.79458236694336,284.5511474609375,30688.1640625,420.2055969238281,0.0525
2023-06-28,20.000497817993164,,,41.03705596923828,282.8065185546875,30086.24609375,420.4175109863281,0.0525
2023-06-29,19.715017318725582,5.970149088924024,0.967887806840713,40.74263000488281,279.0792236328125,30445.3515625,422.0745544433594,0.0525
2023-06-30,19.622655868530277,6.0425686922475705,0.9812410055470681,42.219757080078125,284.4817810058594,30477.251953125,427.0552978515625,0.0525
2023-07-03,19.941722869873047,6.069050383078051,0.9888896942015967,42.330528259277344,283.5301208496094,31156.439453125,427.5466918945313,0.0525
2023-07-05,19.866153717041016,6.061154283072621,1.0132078801554232,42.2347297668457,291.8074645996094,30514.166015625,426.9108581542969,0.0525
2023-07-06,19.38755226135254,5.979084123224216,1.0097367638738122,42.02114486694336,289.4481811523437,29909.337890625,423.5678405761719,0.0525
2023-07-07,19.328777313232425,5.893450852468851,0.970263250101579,42.42035675048828,288.0008850097656,30342.265625,422.4984436035156,0.0525
2023-07-10,19.16084671020508,5.925579118142733,0.9860956131255764,42.09798812866211,291.5398254394531,30414.470703125,423.5678405761719,0.0525
2023-07-11,19.479915618896484,5.9587031498841805,0.9712146070581618,42.32253646850586,295.69342041015625,30620.951171875,426.2654113769531,0.0525
2023-07-12,19.647844314575195,6.014656720728402,0.9997285915169801,43.81663513183594,306.64715576171875,30391.646484375,429.6950378417969,0.0525
2023-07-13,19.992101669311523,6.134091603117534,1.0263230418493603,45.88760757446289,310.6817626953125,31476.048828125,433.1054992675781,0.0525
2023-07-14,19.756999969482425,6.256900976173586,1.0287081310826574,45.3806037902832,306.18121337890625,30334.068359375,432.8357849121094,0.0525
2023-07-17,19.58906936645508,6.433566415500841,0.9882223012368282,46.37066650390625,307.916015625,30145.888671875,434.338623046875,0.0525
2023-07-18,19.58906936645508,6.455172413793103,0.9747126436781609,47.40165328979492,309.33355712890625,29856.5625,437.5660095214844,0.0525
2023-07-19,19.790584564208984,6.435825587654059,0.9806446650141832,46.9854621887207,313.2590637207031,29913.923828125,438.5390930175781,0.0525
2023-07-20,19.706619262695312,6.430349947619156,0.9832283376627241,45.431488037109375,299.8865051269531,29792.015625,435.6295776367188,0.0525
2023-07-21,19.622655868530277,6.312784648682938,0.9816837576864916,44.22283935546875,291.69842529296875,29908.744140625,435.6295776367188,0.0525
2023-07-24,19.76539802551269,6.341374127541389,0.980445884560794,44.5252571105957,289.07147216796875,29176.916015625,437.5756530761719,0.0525
2023-07-25,20.28598022460937,6.423786291258732,0.9828393025625859,45.59019088745117,291.9066467285156,29227.390625,438.7702941894531,0.0525
2023-07-26,20.193618774414062,6.419073639711526,1.0022924983149568,45.36362838745117,295.970947265625,29354.97265625,438.837646484375,0.0525
2023-07-27,20.151636123657227,6.462866042666756,1.0190030266136505,45.81076049804688,308.9964904785156,29210.689453125,435.92822265625,0.0525
2023-07-28,19.95012092590332,6.425585720841391,1.0094741203480935,46.65910720825195,322.6466979980469,29319.24609375,440.1961364746094,0.0525
2023-07-31,19.622655868530277,6.484044957622426,0.9798921874159733,46.63813781738281,315.8265380859375,29230.111328125,441.03424072265625,0.0525
2023-08-01,19.87455177307129,6.34148995368042,0.9959977016587404,46.41657638549805,319.9007568359375,29675.732421875,439.7721862792969,0.0525
2023-08-02,19.488311767578125,6.195447985190809,0.9484501989093576,44.18292999267578,311.57391357421875,29151.958984375,433.6545715332031,0.0525
2023-08-03,19.42113876342773,6.325567799104979,0.9542570851221225,44.4284553527832,310.4636535644531,29178.6796875,432.4118347167969,0.0525
2023-08-04,19.219621658325195,6.269513778395041,0.9617800186662113,44.5931282043457,308.0250549316406,29074.091796875,430.4561462402344,0.0525
2023-08-07,19.278396606445312,6.1683600614753145,0.9179971150313263,45.32869720458984,313.8042907714844,29180.578125,434.21337890625,0.0525
2023-08-08,19.13565826416016,6.049929572785005,0.88880582988415,44.57715606689453,309.91845703125,29765.4921875,432.3251037597656,0.0525
2023-08-09,19.362363815307617,6.079772602428705,0.8936661656989008,42.47126770019531,302.5531005859375,29561.494140625,429.4349060058594,0.0525
2023-08-10,19.38755226135254,6.004192412971245,0.871318455195975,42.30559158325195,303.0784606933594,29429.591796875,429.5890197753906,0.0525
2023-08-11,19.311983108520508,6.047331427196155,0.8529657696192455,40.77556610107422,299.0141906738281,29397.71484375,429.338623046875,0.0525
2023-08-14,18.94253921508789,6.04539363088764,0.821961414725951,43.66792678833008,303.5245666503906,29408.443359375,431.7085266113281,0.0525
2023-08-15,19.16008949279785,6.06081941419769,0.8108060794965568,43.85457229614258,299.321533203125,29170.34765625,426.67962646484375,0.0525
2023-08-16,18.8018741607666,6.139070273798762,0.8452215663496576,43.40144729614258,291.7281494140625,28701.779296875,423.5486145019531,0.0525
2023-08-17,18.51355743408203,6.145586892520604,0.8300074251392769,43.259727478027344,282.60821533203125,26664.55078125,420.3211975097656,0.0525
2023-08-18,18.557239532470703,6.172295012753554,0.8297328010001563,43.21481323242188,280.7842712402344,26049.556640625,420.52349853515625,0.0525
2023-08-21,18.51355743408203,,,46.87568283081055,287.3764038085937,26124.140625,423.2595520019531,0.0525
2023-08-22,18.461132049560547,6.218666666666667,0.8426666666666667,45.57920455932617,285.0964050292969,26031.65625,422.1130676269531,0.0525
2023-08-23,18.39123916625977,6.2171552584891545,0.8435022965314082,47.0244026184082,291.6786499023437,26431.640625,426.814453125,0.0525
2023-08-24,18.461132049560547,6.083488335201632,0.8348843257226016,47.0713005065918,284.2538146972656,26162.373046875,420.8992309570313,0.0525
2023-08-25,18.21649932861328,6.082656419939561,0.8345107893209764,45.92852783203125,283.0146789550781,26047.66796875,423.866455078125,0.0525
2023-08-28,18.15534210205078,,,46.74394226074219,287.7332458496094,26106.150390625,426.5544128417969,0.0525
2023-08-29,18.23397445678711,6.171642345232701,0.8366983693751191,48.68914413452149,295.3959350585937,27727.392578125,432.7201232910156,0.0525
2023-08-30,18.504817962646484,6.158026631532914,0.8460669827564564,49.16820907592773,292.5311279296875,27297.265625,434.50244140625,0.0525
2023-08-31,17.832073211669922,6.05366561841292,0.8280625263836066,49.259033203125,293.3142395019531,25931.47265625,433.8665161132813,0.0525
2023-09-01,17.928178787231445,6.093791217376557,0.8328181330414628,48.4146842956543,293.7999572753906,25800.724609375,434.6758117675781,0.0525
2023-09-05,18.129131317138672,6.098099785196979,0.8395934486865406,48.45360565185547,297.53717041015625,25779.982421875,432.7971801757813,0.0525
2023-09-06,18.207763671875,6.055818722268618,0.8372827624701829,46.973365783691406,296.565673828125,25753.236328125,429.88775634765625,0.0525
2023-09-07,18.164077758789062,6.131304636350544,0.8546933253823895,46.15489959716797,296.07000732421875,26240.1953125,428.5679321289063,0.0525
2023-09-08,18.26018524169922,6.161011922148652,0.864517709579851,45.48713684082031,295.296875,25905.654296875,429.2133483886719,0.0525
2023-09-11,18.12039375305176,6.406636092085688,0.8489234050394535,45.093875885009766,304.8826599121094,25162.654296875,432.03607177734375,0.0525
2023-09-12,17.779651641845703,6.311964061657233,0.8538263291900784,44.78644561767578,299.03399658203125,25833.34375,429.6661071777344,0.0525
2023-09-13,17.40396499633789,6.3759515941262865,0.8451226697477641,45.40030670166016,302.4043884277344,26228.32421875,430.1670837402344,0.0525
2023-09-14,17.508808135986328,6.3332271831295825,0.8600896927451497,45.496124267578125,309.0064697265625,26539.673828125,433.8761291503906,0.0525
2023-09-15,17.133119583129883,6.433872247614612,0.8328779827391518,43.8182487487793,297.6957397460937,26608.693359375,428.6487121582031,0.0525
2023-09-18,16.774906158447266,6.377066410618142,0.8037284472290378,43.88412857055664,299.916259765625,26754.28125,428.9000854492188,0.0525
2023-09-19,16.748695373535156,6.360648834191356,0.807449032562625,43.43896484375,302.4143981933594,27211.1171875,428.0106201171875,0.0525
2023-09-20,17.27290916442871,6.387478842536295,0.810772700763437,42.16034698486328,297.06134033203125,27132.0078125,424.0758056640625,0.0525
2023-09-21,17.307857513427734,6.410798494341412,0.8070768857637071,40.94062042236328,293.1556091308594,26567.6328125,417.0664978027344,0.0525
2023-09-22,17.27290916442871,6.535487363592329,0.815614730281199,41.53252029418945,296.4764404296875,26579.568359375,416.1287841796875,0.0525
2023-09-25,17.78839111328125,6.47750472120151,0.8114482816505153,42.14337921142578,298.21124267578125,26298.48046875,417.8786315917969,0.0525
2023-09-26,17.7359676361084,6.5153915557027,0.810905914465158,41.832950592041016,296.3575134277344,26217.25,411.7394409179688,0.0525
2023-09-27,17.91070556640625,6.623905592158139,0.8424069908760483,42.388919830322266,295.14813232421875,26352.716796875,411.90374755859375,0.0525
2023-09-28,18.434925079345703,6.530096480028168,0.8803342432080984,43.00876998901367,301.31396484375,27021.546875,414.291748046875,0.0525
2023-09-29,18.05049705505371,6.497404513355684,0.885447924849966,43.41799545288086,297.5966186523437,26911.720703125,413.2863159179688,0.0525
2023-10-02,17.928178787231445,6.490872245892177,0.8748566940115544,44.698612213134766,304.14910888671875,27530.78515625,413.1220397949219,0.0525
2023-10-03,17.91070556640625,6.602776414681867,0.8808399699415511,43.43596649169922,298.3202819824219,27429.978515625,407.5919494628906,0.0525
2023-10-04,18.504817962646484,6.507126308025618,0.8754178848682382,43.95898818969727,302.9198608398437,27799.39453125,410.5599670410156,0.0525
2023-10-05,18.522293090820312,6.465402895339599,0.8708862369951973,44.60478591918945,302.13677978515625,27415.912109375,410.4052429199219,0.0525
2023-10-06,18.705766677856445,6.533523981748784,0.8723137424280809,45.67679214477539,312.6841125488281,27946.59765625,415.2779541015625,0.0525
2023-10-09,18.88050651550293,6.4396612215026705,0.8645024653524133,45.18869400024414,315.588623046875,27583.677734375,417.9366455078125,0.0525
2023-10-10,18.96787452697754,6.417018163605576,0.8702531482150028,45.71272277832031,319.0383605957031,27391.01953125,420.1119384765625,0.0525
2023-10-11,19.238719940185547,6.6045545788796955,0.8691593825805679,46.71883773803711,324.9663391113281,26873.3203125,421.8327941894531,0.0525
2023-10-12,18.89797782897949,6.616307201394176,0.8765722508798968,46.85758590698242,321.338134765625,26756.798828125,419.2610778808594,0.0525
2023-10-13,18.84556007385254,6.626389443690362,0.8754161492594658,45.37635040283203,311.9505920410156,26862.375,417.1728210449219,0.0525
2023-10-16,19.05524444580078,6.626760652391146,0.8750000117530288,46.0091667175293,318.3543701171875,28519.466796875,421.5621032714844,0.0525
2023-10-17,19.16882705688477,6.711409522581398,0.8786647993379594,43.8561897277832,321.1795349121094,28415.748046875,421.5427551269531,0.0525
2023-10-18,18.836822509765625,6.864269118767998,0.8743729320098196,42.11742401123047,314.2107238769531,28328.341796875,415.9256591796875,0.0525
2023-10-19,18.8193473815918,6.609650487242219,0.8640411046954019,42.02261352539063,310.08697509765625,28719.806640625,412.2711486816406,0.0525
2023-10-20,18.8018741607666,6.677825616550308,0.8475024067442476,41.3099365234375,305.963134765625,29682.94921875,407.2051696777344,0.0525
2023-10-23,18.8018741607666,6.5897276532712805,0.8351686918851836,42.89497375488281,311.27655029296875,33086.234375,406.4993591308594,0.0525
2023-10-24,18.976612091064453,6.530641265874093,0.8348630591239042,43.58169174194336,309.8292541503906,33901.52734375,409.5641479492188,0.0525
2023-10-25,19.125139236450195,6.527990868256017,0.8362885598792843,41.7011947631836,296.9225769042969,34502.8203125,403.6860046386719,0.0525
2023-10-26,19.16882705688477,6.342382796906037,0.8333186285934876,40.25091171264648,285.8398742675781,34156.6484375,398.85205078125,0.0525
2023-10-27,18.88050651550293,6.191874207339233,0.8157381124944362,40.424583435058594,294.1469116210937,33909.80078125,397.0441589355469,0.0525
2023-10-30,18.889244079589844,,,41.08435821533203,300.0252685546875,34502.36328125,401.7911071777344,0.0525
2023-10-31,19.063980102539062,6.260249976455393,0.8076604194976253,40.70405578613281,298.6473693847656,34667.78125,404.314453125,0.0525
2023-11-01,19.422195434570312,,,42.24618911743164,309.13531494140625,35437.25390625,408.6263427734375,0.0525
2023-11-02,19.38724708557129,,,43.42498779296875,308.1637878417969,34938.2421875,416.4573669433594,0.0525
2023-11-03,19.79788398742676,6.283742042866813,0.8089211587577841,44.92119598388672,311.8614196777344,34732.32421875,420.2569274902344,0.0525
2023-11-06,19.7017765045166,6.320590185862626,0.8268840285766305,45.665802001953125,313.0509033203125,35037.37109375,421.22369384765625,0.0525
2023-11-07,19.65809440612793,6.538434116421371,0.8424244834412278,45.86942672729492,316.0446472167969,35443.5625,422.4224853515625,0.0525
2023-11-08,19.308616638183597,6.651171070449198,0.8510638251434997,46.48727798461914,316.99627685546875,35655.27734375,422.73193359375,0.0525
2023-11-09,19.430932998657227,6.618834080717488,0.8753363228699551,46.862579345703125,317.759521484375,36693.125,419.4351501464844,0.0525
2023-11-10,19.631881713867188,6.524381495909006,0.8740883702738367,48.24500274658203,325.90802001953125,37313.96875,425.9803161621094,0.0525
2023-11-13,19.308616638183597,6.490509404074766,0.8667728242211202,48.52946472167969,326.3243713378906,36502.35546875,425.57427978515625,0.0525
2023-11-14,19.86777877807617,6.505376433032407,0.8620071802447901,49.56353378295898,333.38232421875,35537.640625,433.830810546875,0.0525
2023-11-15,19.588197708129883,6.486720113760431,0.8603913484223906,48.79696273803711,329.813720703125,37880.58203125,434.7491760253906,0.0525
2023-11-16,19.430932998657227,6.621209456862537,0.8603983562508364,49.38786697387695,331.28082275390625,36154.76953125,435.2809753417969,0.0525
2023-11-17,19.66683006286621,6.796116635365618,0.8486156221938022,49.20620346069336,332.1234130859375,36596.68359375,435.82232666015625,0.0525
2023-11-20,19.83283233642578,6.810385100792693,0.8531036479651505,50.31513595581055,337.010498046875,37476.95703125,439.1771545410156,0.0525
2023-11-21,19.902729034423828,6.767053832147919,0.8826197558552178,49.85099792480469,334.0466003417969,35813.8125,438.2200012207031,0.0525
2023-11-22,19.963886260986328,6.74685721315888,0.880889936409752,48.62528991699219,338.51727294921875,37432.33984375,439.9118347167969,0.0525
2023-11-24,20.208518981933597,6.712308699453726,0.8811489968387041,47.68703842163086,335.2856750488281,37720.28125,440.1825866699219,0.0525
2023-11-27,20.17357063293457,,,48.15217208862305,331.7864074707031,37254.16796875,439.389892578125,0.0525
2023-11-28,20.06872940063477,6.649801210432253,0.8646548584760416,47.73195266723633,336.0390625,37831.0859375,439.8248901367188,0.0525
2023-11-29,19.84156608581543,6.7517779981237505,0.8736093087793831,48.05035781860352,329.3081970214844,37858.4921875,439.5154418945313,0.0525
2023-11-30,20.208518981933597,6.6920288930142595,0.8614130315723553,46.68290710449219,324.3020935058594,37712.74609375,441.2460632324219,0.0525
2023-12-01,20.17357063293457,6.612374459741479,0.846816347705312,46.677921295166016,321.9924011230469,38688.75,443.85638427734375,0.0525
2023-12-04,19.97262191772461,6.698529936837464,0.8671880647959852,45.425254821777344,317.2342224121094,41980.09765625,441.5264587402344,0.0525
2023-12-05,20.077465057373047,6.633529054478427,0.8856755413336319,46.48338317871094,315.519287109375,44080.6484375,441.439453125,0.0525
2023-12-06,19.86777877807617,6.766931132327943,0.8889534195283356,45.42225646972656,314.6865539550781,43746.4453125,439.6605224609375,0.0525
2023-12-07,19.79788398742676,6.743402995131695,0.8705251853618746,46.51332092285156,323.7469787597656,43292.6640625,443.0153198242188,0.0525
2023-12-08,19.71051597595215,,,47.42171478271485,329.8533630371094,44166.6015625,444.9198913574219,0.0525
2023-12-11,19.72798728942871,6.7301267449951006,0.8661019254495842,46.54426956176758,322.44842529296875,41243.83203125,446.6504211425781,0.0525
2023-12-12,19.99883270263672,6.7655635022499405,0.8776509333014492,47.57244491577149,331.3105773925781,41450.22265625,448.6904602050781,0.0525
2023-12-13,20.147361755371094,6.695841611094203,0.8779512601959183,48.00267791748047,331.8260498046875,42890.7421875,454.8778991699219,0.0525
2023-12-14,20.199783325195312,6.849315125006626,0.9012256743429772,48.26420211791992,330.26971435546875,43023.97265625,456.3377380371094,0.0525
2023-12-15,19.937673568725582,6.91749339234042,0.8983757652390155,48.803253173828125,332.0045166015625,41929.7578125,455.5864868164063,0.0525
2023-12-18,20.29588890075684,6.728146971245631,0.8809387101017613,49.9881477355957,341.6200866699219,42623.5390625,458.1491394042969,0.0525
2023-12-19,20.330835342407227,6.881805523778216,0.8822366872519855,49.51598358154297,347.31005859375,42270.52734375,460.9351196289063,0.0525
2023-12-20,20.750207901000977,6.997535622243204,0.8850353537644361,48.025634765625,346.23944091796875,43652.25,454.54779052734375,0.0525
2023-12-21,20.461889266967773,6.939949791669653,0.8854728684967109,48.903079986572266,351.00762939453125,43869.15234375,458.8577270507813,0.0525
2023-12-22,20.374521255493164,7.021353814424706,0.9075280767871108,48.74335479736328,350.313720703125,43997.90234375,459.7798767089844,0.0525
2023-12-26,20.48810195922852,,,49.19156265258789,351.7411804199219,42520.40234375,461.7213745117188,0.0525
2023-12-27,20.383256912231445,7.104763802890867,0.8912591742557754,49.32931900024414,354.71502685546875,43442.85546875,462.5562133789063,0.0525
2023-12-28,20.26094055175781,7.16484547931693,0.9001062159945892,49.43412780761719,355.2008056640625,42627.85546875,462.7309265136719,0.0525
2023-12-29,20.470626831054688,7.21323347927088,0.8062912610914317,49.43412780761719,350.8786926269531,42099.40234375,461.3913269042969,0.0525
2024-01-02,20.470626831054688,7.203726375434308,0.9009171582310075,48.08253479003906,343.2755126953125,44957.96875,458.8092346191406,0.0525
2024-01-03,20.35704803466797,7.091049834379263,0.8818818321943754,47.484596252441406,341.47137451171875,42848.17578125,455.062255859375,0.0525
2024-01-04,20.50557327270508,7.130925181078723,0.8963052053799201,47.912845611572266,344.0982666015625,44179.921875,453.5964660644531,0.0525
2024-01-05,20.461889266967773,7.186211273759069,0.8987266730841542,49.00988006591797,348.8862609863281,44162.69140625,454.21771240234375,0.0525
2024-01-08,20.601682662963867,7.11788668491641,0.900998314546381,52.16028594970703,355.5378112792969,46970.50390625,460.7021179199219,0.0525
2024-01-09,20.374521255493164,7.026308373393665,0.8733467696852484,53.04571533203125,354.31854248046875,46139.73046875,460.0032043457031,0.0525
2024-01-10,20.234729766845703,6.81084721480587,0.8611620954846165,54.253562927246094,367.2450256347656,46627.77734375,462.604736328125,0.0525
2024-01-11,20.042518615722656,6.781960200678232,0.8655922887707743,54.724727630615234,366.4519958496094,46368.5859375,462.40087890625,0.0525
2024-01-12,20.11241340637207,6.792385415548691,0.8704978150979508,54.6129264831543,371.2300109863281,42853.16796875,462.7212219238281,0.0525
2024-01-16,19.754199981689453,6.678748934819255,0.879254964551702,56.28196334838867,364.2611999511719,43154.9453125,461.0224304199219,0.0525
2024-01-17,19.89398956298828,6.675968608416845,0.8622231696829903,55.95354461669922,365.1632995605469,42742.65234375,458.4597473144531,0.0525
2024-01-18,19.98136138916016,6.6896808985728065,0.8728781493324945,57.00567626953125,372.855712890625,41262.05859375,462.5367736816406,0.0525
2024-01-19,19.88525390625,6.768037735665574,0.8760749111418568,59.38544845581055,380.112060546875,41618.40625,468.3028564453125,0.0525
2024-01-22,20.05998992919922,6.891737271527187,0.8771301981943693,59.54816055297852,378.45648193359375,39507.3671875,469.29296875,0.0525
2024-01-23,19.78040885925293,6.806078161880982,0.8654050870936303,59.76677322387695,381.8468017578125,39845.55078125,470.6616821289063,0.0525
2024-01-24,19.404720306396484,6.803929535952934,0.8731413490655004,61.25312423706055,387.2989196777344,40077.07421875,471.1761779785156,0.0525
2024-01-25,19.771671295166016,6.763732251730642,0.873945404105196,61.50767135620117,389.7572937011719,39933.80859375,473.7388610839844,0.0525
2024-01-26,19.8240966796875,6.679054824634984,0.8601008597701649,60.92271041870117,390.70892333984375,41816.87109375,473.1370239257813,0.0525
2024-01-29,19.87651634216309,6.6877734549397285,0.853758313396561,62.35417175292969,397.5290832519531,43288.24609375,476.8839721679688,0.0525
2024-01-30,19.78040885925293,6.533510785891289,0.8513093537594765,62.66261291503906,396.5774230957031,42952.609375,476.5151062011719,0.0525
2024-01-31,19.52703857421875,6.429840229228753,0.8614564947999849,61.4178352355957,386.7438049316406,42582.60546875,468.7396545410156,0.0525
2024-02-01,19.50082778930664,6.364090055034842,0.8547846446468366,62.915164947509766,391.3434448242188,43075.7734375,474.8745727539063,0.0525
2024-02-02,19.736726760864254,6.490371622128559,0.8492910524823871,66.0426254272461,470.8551635742188,43185.859375,479.8737487792969,0.0525
2024-02-05,19.535776138305664,6.5664836974063,0.8457374610271129,69.208984375,455.4107666015625,42658.66796875,478.12646484375,0.0525
2024-02-06,20.383256912231445,6.4834714862615135,0.8437394399929367,68.1019515991211,450.7616271972656,43084.671875,479.5146484375,0.0525
2024-02-07,20.400732040405277,6.628180392684623,0.8463402383132247,69.97461700439453,465.5021667480469,44318.22265625,483.5139770507813,0.0525
2024-02-08,20.225994110107425,6.559427971323568,0.8445040099319852,69.51742553710938,465.9085998535156,45301.56640625,483.72747802734375,0.0525
2024-02-09,20.42694091796875,,,72.00502014160156,464.0350341796875,47147.19921875,486.523193359375,0.0525
2024-02-12,20.269678115844727,6.443529745524114,0.8233399119280813,72.11980438232422,464.8181762695313,49958.22265625,486.3096008300781,0.0525
2024-02-13,19.89398956298828,6.362270286857163,0.8230158413819726,72.0000228881836,456.1145935058594,49742.44140625,479.6116333007813,0.0525
2024-02-14,20.09493827819824,6.45783114941779,0.8219544622185992,73.76889038085938,469.1600341796875,51826.6953125,483.97021484375,0.0525
2024-02-15,20.147361755371094,6.460363305082444,0.820930143739758,72.52909088134766,479.81646728515625,51938.5546875,487.3094787597656,0.0525
2024-02-16,20.138622283935547,6.610652257942121,0.8240921513965788,72.48414611816406,469.1996765136719,52160.203125,484.8826904296875,0.0525
2024-02-20,19.928936004638672,6.571663144757942,0.8134218919666419,69.32877349853516,467.6433410644531,52284.875,482.2132263183594,0.0525
2024-02-21,20.03378295898437,6.607101406511262,0.8290211249904375,67.35228729248047,464.4480285644531,51839.1796875,482.6500244140625,0.0525
2024-02-22,20.11241340637207,6.5388749909621335,0.8482622762248138,78.3986587524414,482.4095153808594,51304.97265625,492.6387023925781,0.0525
2024-02-23,20.138622283935547,6.617290977330863,0.8643724257651696,78.6771469116211,480.3255615234375,50731.94921875,492.97845458984375,0.0525
2024-02-26,19.51830101013184,6.676571072881973,0.8779780459111549,78.95166778564453,478.0530395507813,54522.40234375,491.1728820800781,0.0525
2024-02-27,20.077465057373047,6.592779205606681,0.8780853733509711,78.56135559082031,483.3224487304688,57085.37109375,492.08538818359375,0.0525
2024-02-28,20.243467330932617,6.634327459575651,0.8979526548108442,77.52519989013672,480.3155822753906,62504.7890625,491.43499755859375,0.0525
2024-02-29,20.1298885345459,6.938143960493441,0.9428759741183395,78.97163391113281,486.37884521484375,61198.3828125,493.20166015625,0.0525
2024-03-01,20.06872940063477,6.762218353227174,0.8937950535334495,82.13300323486328,498.4557189941406,62440.6328125,497.8320007324219,0.0525
2024-03-04,20.025043487548828,6.6595252843740775,0.8846634794657788,85.08575439453125,494.377197265625,68330.4140625,497.2981262207031,0.0525
2024-03-05,19.91146469116211,6.664522762397613,0.8755003092693915,85.81549835205078,486.46820068359375,63801.19921875,492.32806396484375,0.0525
2024-03-06,20.025043487548828,6.5614218584825235,0.8849874168797954,88.54676055908203,492.2932739257813,66106.8046875,494.8227844238281,0.0525
2024-03-07,20.042518615722656,6.543982030791272,0.8780260665629035,92.50891876220705,508.27001953125,66925.484375,499.734619140625,0.0525
2024-03-08,20.199783325195312,6.552844627567931,0.8850828496961617,87.37680053710938,502.0778198242188,68300.09375,496.7350769042969,0.0525
2024-03-11,23.580974578857425,6.5143063161419565,0.875472381989796,85.62582397460938,479.888916015625,72123.90625,496.3079833984375,0.0525
2024-03-12,22.480121612548828,6.561172113461705,0.8951985105191687,91.75422668457033,495.9252624511719,71481.2890625,501.6470031738281,0.0525
2024-03-13,22.43643569946289,6.58333774825324,0.8747722761377592,90.73098754882812,491.7772521972656,73083.5,500.8606262207031,0.0525
2024-03-14,22.27043342590332,6.576688875588226,0.8726760238761299,87.79208374023438,488.0658874511719,71396.59375,499.8705749511719,0.0525
2024-03-15,21.73748016357422,6.397088033279306,0.8775723583681752,87.68526458740234,480.39501953125,69403.7734375,496.4381408691406,0.0525
2024-03-18,21.8685359954834,6.388109281071092,0.860145418690699,88.30219268798828,493.1764221191406,67548.59375,499.3885498046875,0.0525
2024-03-19,21.804431915283203,6.342418572970023,0.8282875246853202,89.24356842041016,492.4421081542969,61912.7734375,502.1636352539063,0.0525
2024-03-20,22.021120071411133,6.375358148767864,0.8327363874092857,90.21588897705078,501.6510925292969,67913.671875,506.808349609375,0.0525
2024-03-21,22.05723762512207,6.435148913499512,0.8360696799707492,91.27703857421876,503.8739929199219,65491.390625,508.4831237792969,0.0525
2024-03-22,21.40716552734375,6.504646282258427,0.8398856463355661,94.12611389160156,505.6800537109375,63778.76171875,507.5191650390625,0.0525
2024-03-25,21.479398727416992,6.4021896370037155,0.8353773263164204,94.837890625,499.1702270507813,69958.8125,506.1170654296875,0.0525
2024-03-26,21.777345657348636,6.420060518208616,0.8358527544482132,92.4011001586914,492.0948181152344,69987.8359375,505.1822814941406,0.0525
2024-03-27,22.04821014404297,6.347569366655943,0.8330073524589102,90.09410095214844,490.0802917480469,69455.34375,509.4277038574219,0.0525
2024-03-28,22.2648983001709,,,90.19991302490234,481.86370849609375,70744.953125,509.3303527832031,0.0525
2024-04-01,22.10238075256348,6.517094034801097,0.836894589168447,90.20690155029295,487.5895080566406,69702.1484375,508.4441833496094,0.0525
2024-04-02,21.67803001403809,6.376429898940759,0.8210720977570202,89.2974624633789,493.5634765625,65446.97265625,505.2115478515625,0.0525
2024-04-03,21.732200622558597,6.220027913378414,0.8170225128937951,88.81031799316406,502.8617248535156,65980.8125,505.7664794921875,0.0525
2024-04-04,21.497453689575195,6.371687867667246,0.7880304772268125,85.756591796875,507.0097961425781,68508.84375,499.5930480957031,0.0525
2024-04-05,21.48842430114746,6.247573467528383,0.7527090632488292,87.85597229003906,523.3040771484375,67837.640625,504.8121643066406,0.0525
2024-04-08,21.95792007446289,6.336283185840708,0.7592920353982301,86.98247528076172,515.2760620117188,71631.359375,505.0945129394531,0.0525
2024-04-09,22.10238075256348,,,85.20654296875,512.9440307617188,69139.015625,505.6788024902344,0.0525
2024-04-10,21.867631912231445,,,86.88864135742188,515.8516235351562,70587.8828125,500.6154479980469,0.0525
2024-04-11,21.64191436767578,6.223039479662445,0.7363340747952865,90.45945739746094,519.1560668945312,70060.609375,504.3935546875,0.0525
2024-04-12,21.48842430114746,6.352636745800904,0.7032896787738313,88.03366088867188,507.9822692871094,67195.8671875,497.4313049316406,0.0525
2024-04-15,21.61482810974121,6.253754130269427,0.6854397182329203,85.85242462158203,496.4015502929688,63426.2109375,491.1994934082031,0.0525
2024-04-16,20.71195411682129,6.079465427328241,0.6856539955633355,87.26399993896484,495.9351806640625,63811.86328125,490.3036193847656,0.0525
2024-04-17,20.66680908203125,6.3029622677184625,0.702079963709751,83.88983154296875,490.3879699707031,61276.69140625,487.4018859863281,0.0525
2024-04-18,20.540407180786133,6.121307561688943,0.6983045033965543,84.52471923828125,497.9595031738281,63512.75390625,486.39892578125,0.0525
2024-04-19,20.910585403442383,6.117811669306483,0.68082504148425,76.068359375,477.3882141113281,63843.5703125,482.1534729003906,0.0525
2024-04-22,20.757095336914062,6.089498041048547,0.6785440674311237,79.38063049316406,478.0431823730469,66837.6796875,486.5937194824219,0.0525
2024-04-23,21.40716552734375,6.084522838546515,0.6779896877237545,82.28060913085938,492.30322265625,66407.2734375,492.3678894042969,0.0525
2024-04-24,21.05504608154297,6.116048157047213,0.7004704726874587,79.53936004638672,489.7231140136719,64276.8984375,492.1342468261719,0.0525
2024-04-25,21.036989212036133,6.134333429902109,0.6911924991438997,82.48925018310547,438.00201416015625,64481.70703125,490.2646484375,0.0525
2024-04-26,21.479398727416992,6.384969810286617,0.6958646522340057,87.58345031738281,439.8973693847656,63755.3203125,494.9093933105469,0.0525
2024-04-29,21.732200622558597,6.360485184529201,0.7157712210382997,87.60541534423828,429.30902099609375,63841.12109375,496.662109375,0.0525
2024-04-30,21.44328117370605,6.422177391096264,0.7372840062711812,86.25273895263672,426.8777770996094,60636.85546875,488.7943420410156,0.0525
2024-05-01,21.38008117675781,,,82.89754486083984,435.8287048339844,58254.01171875,487.2071228027344,0.0525
2024-05-02,21.280763626098636,6.337795879814283,0.7014985028616356,85.66874694824219,438.2996826171875,59123.43359375,491.7641906738281,0.0525
2024-05-03,21.56065559387207,6.354456976436606,0.7042131087585226,88.63560485839844,448.5009765625,62889.8359375,497.85980224609375,0.0525
2024-05-06,21.61482810974121,6.546587362133811,0.7071714690647217,91.98082733154295,462.1159973144531,63161.94921875,503.0011291503906,0.0525
2024-05-07,21.632884979248047,6.556803614359337,0.692767937909898,90.3975601196289,464.6564025878906,62334.81640625,503.5561218261719,0.0525
2024-05-08,21.7592887878418,6.555312724115552,0.6996064806953631,90.25582122802734,468.9830017089844,61187.94140625,503.604736328125,0.0525
2024-05-09,21.994035720825195,6.496131540183676,0.6839408877473424,88.59368896484375,471.781494140625,63049.9609375,506.5064697265625,0.0525
2024-05-10,22.42741584777832,6.53309324914483,0.6943595097687353,89.72272491455078,472.5554809570313,60792.77734375,507.158935546875,0.0525
2024-05-13,22.905941009521484,6.47519573646332,0.6753698778891849,90.24283599853516,464.4281921386719,62901.44921875,507.2270812988281,0.0525
2024-05-14,22.923995971679688,6.430078672937631,0.6615129350184625,91.19818115234376,468.23876953125,61552.7890625,509.5543823242188,0.0525
2024-05-15,23.29417610168457,6.446358245594923,0.6411700405564843,94.46653747558594,477.8546447753906,66267.4921875,515.8641967773438,0.0525
2024-05-16,23.465721130371094,6.48433829008815,0.6475622781633731,94.19600677490234,469.6082153320313,65231.58203125,514.8026733398438,0.0525
2024-05-17,23.14068603515625,6.50502885641595,0.6510257979290883,92.31924438476562,468.29833984375,67051.875,515.5427856445312,0.0525
2024-05-20,22.70730781555176,6.536060991771021,0.6475381380441582,94.61626434326172,465.2517700195313,71448.1953125,516.1366577148438,0.0525
2024-05-21,22.021120071411133,6.496639805798182,0.6531104738454936,95.22122192382812,461.0740356445313,70136.53125,517.4025268554688,0.0525
2024-05-22,21.741230010986328,6.445178106450729,0.6500206307999935,94.78595733642578,464.199951171875,69122.3359375,515.9127807617188,0.0525
2024-05-23,21.69608688354492,6.462291680753031,0.6517465996063623,103.61969757080078,462.2152099609375,67929.5625,512.1444702148438,0.0525
2024-05-24,21.804431915283203,6.338572516238265,0.6475994142606575,106.28507232666016,474.5600280761719,68526.1015625,515.5330810546875,0.0525
2024-05-28,21.55162811279297,6.300893292044826,0.6197599959388354,113.70423126220705,476.24700927734375,68296.21875,515.8932495117188,0.0525
2024-05-29,21.60579872131348,6.378053240482632,0.6245033170190876,114.62663269042967,470.7295227050781,67578.09375,512.28076171875,0.0525
2024-05-30,21.67803001403809,6.027622348951541,0.633225516499736,110.3091049194336,463.4754638671875,68364.9921875,508.8824462890625,0.0525
2024-05-31,22.79759407043457,6.283367704122047,0.5997604521499939,109.443603515625,463.2571411132813,67491.4140625,513.5174560546875,0.0525
2024-06-03,22.255868911743164,6.190354166062904,0.6299615795028162,114.80134582519533,473.8356323242188,68804.78125,513.9360961914062,0.0525
2024-06-04,22.14752578735352,6.0905909712043895,0.6482981986155932,116.23585510253906,473.3394165039063,70567.765625,514.5106811523438,0.0525
2024-06-05,22.47256088256836,6.079750133566881,0.6402418436745012,122.22848510742188,491.2710571289063,71082.8203125,520.625732421875,0.0525
2024-06-06,22.23781013488769,6.114354604045383,0.6451393081662583,120.78897857666016,489.9811096191406,70757.1640625,520.6159057617188,0.0525
2024-06-07,22.71633529663086,6.194539410445683,0.6569966041381785,120.67916107177734,489.1871643066406,69342.5859375,519.98291015625,0.0525
2024-06-10,22.40935707092285,6.133401514128385,0.6559332174831746,121.57960510253906,498.7534484863281,69512.28125,521.5896606445312,0.0525
2024-06-11,21.95792007446289,6.2053723545346715,0.6545392757522872,120.71104431152344,503.5861511230469,67332.03125,522.845703125,0.0525
2024-06-12,21.930835723876957,,,124.99398803710938,504.9456176757813,68241.1875,527.1399536132812,0.0525
2024-06-13,21.95792007446289,6.451944973890758,0.6657858111355356,129.396728515625,500.2419738769531,66756.3984375,528.2013549804688,0.0525
2024-06-14,21.7683162689209,6.408071586492424,0.6552934906931748,131.6630096435547,500.7982177734375,66011.09375,528.5225830078125,0.0525
2024-06-17,21.69608688354492,,,130.76446533203125,503.2517395019531,66490.296875,532.7291870117188,0.0525
2024-06-18,21.50648307800293,6.413167677848769,0.658220484507641,135.35690307617188,496.1593322753906,65140.74609375,534.0827026367188,0.0525
2024-06-20,21.831518173217773,6.334779903560975,0.6680282407704682,130.5648193359375,498.3547058105469,64828.65625,532.6317749023438,0.0525
2024-06-21,21.127275466918945,6.08346932094784,0.6593257252870843,126.36173248291016,491.4808044433594,64096.19921875,531.9176635742188,0.0525
2024-06-24,20.90155792236328,6.123003674189859,0.6557934012867053,117.91564178466795,495.5832214355469,60277.4140625,530.1885986328125,0.0525
2024-06-25,21.16339111328125,6.185566865560477,0.6373008285728976,125.88251495361328,507.1952819824219,61804.640625,532.230224609375,0.0525
2024-06-26,21.325910568237305,6.2132948614608035,0.6604817551361073,126.1920166015625,509.6984558105469,60811.27734375,532.8945922851562,0.0525
2024-06-27,21.867631912231445,6.346189885488524,0.6592232006717358,123.78596496582033,516.0955200195312,61604.80078125,533.7346801757812,0.0525
2024-06-28,22.174610137939453,6.245413989002388,0.6620821387248432,123.3367156982422,500.8577880859375,60320.13671875,531.6343994140625,0.0525
2024-07-01,22.30101585388184,6.323529461263373,0.6455198408942464,124.09546661376952,501.3147277832031,62851.98046875,532.728515625,0.0525
2024-07-02,22.29198455810547,6.353530194291806,0.6375661998291215,122.4681396484375,506.1026306152344,62029.015625,536.3135986328125,0.0525
2024-07-03,22.5267333984375,6.414073485540469,0.6380046570497814,128.06890869140625,506.5595397949219,60173.921875,538.7069702148438,0.0525
2024-07-05,22.37324333190918,6.40531607650327,0.6336810022209118,125.6229476928711,536.3097534179688,56662.375,541.8134765625,0.0525
2024-07-08,22.87885284423828,6.499675249507242,0.6321976451939222,127.98902893066406,525.79052734375,56705.09765625,542.4386596679688,0.0525
2024-07-09,22.725364685058597,6.510211560981878,0.6217713879182639,131.16383361816406,526.4660034179688,58009.2265625,542.9661254882812,0.0525
2024-07-10,23.113601684570312,6.445876915338466,0.6232154205943955,134.68801879882812,531.1246948242188,57742.49609375,548.3389282226562,0.0525
2024-07-11,23.37543487548828,6.61625724499135,0.6349888446816374,127.19035339355467,509.28131103515625,57344.9140625,543.6109008789062,0.0525
2024-07-12,24.016475677490234,6.619897412862885,0.6224423021964584,129.02734375,495.5435180664063,57899.46484375,547.0397338867188,0.0525
2024-07-15,23.78173065185547,6.445095010461497,0.6361192338965054,128.22862243652344,492.8515625,64870.15234375,548.5440673828125,0.0525
2024-07-16,23.67338180541992,6.426624887677563,0.6358074222209003,126.15208435058594,486.5240478515625,65097.1484375,551.7970581054688,0.0525
2024-07-17,23.384462356567383,6.413224126558173,0.6387502639419571,117.7958526611328,458.909423828125,64118.79296875,544.0602416992188,0.0525
2024-07-18,23.276121139526367,6.5692173684637964,0.6259673094557126,120.8907470703125,472.6770629882813,63974.06640625,539.8792114257812,0.0525
2024-07-19,23.122631072998047,6.684882324613807,0.6263855031675406,117.7359390258789,473.6106872558594,66710.15625,536.2940673828125,0.0525
2024-07-22,22.87885284423828,6.422081060188898,0.6137493378397291,123.3367156982422,484.1499328613281,67585.25,541.8231811523438,0.0525
2024-07-23,22.87885284423828,6.523414227602982,0.6103929585670506,122.38827514648438,485.4313049316406,65927.671875,540.973388671875,0.0525
2024-07-24,22.969141006469727,,,114.06200408935548,458.1942443847656,65372.1328125,528.7135620117188,0.0525
2024-07-25,23.113601684570312,6.565112454685348,0.6206082867319743,112.09524536132812,450.38665771484375,65777.2265625,525.958740234375,0.0525
2024-07-26,23.312232971191406,6.631685100968824,0.6084741999857993,112.87394714355467,462.5946960449219,67912.0625,531.8492431640625,0.0525
2024-07-29,23.24000358581543,6.638108223927694,0.610006847629907,111.4063720703125,462.6045837402344,66819.9140625,532.1619262695312,0.0525
2024-07-30,23.330291748046875,6.652792279972299,0.6055746818949145,103.5593032836914,460.1014099121094,66201.015625,529.4657592773438,0.0525
2024-07-31,23.917160034179688,6.660404712960563,0.6054137104473128,116.82743072509766,471.6637573242188,64619.25,538.0718994140625,0.0525
2024-08-01,24.02550506591797,6.695278969957082,0.6103004291845493,109.03028869628906,494.4210205078125,65357.5,530.452392578125,0.0525
2024-08-02,23.71852684020996,6.700109929445665,0.6090228128175611,107.09347534179688,484.8850402832031,61415.06640625,520.5762329101562,0.0525
2024-08-05,23.565038681030277,6.556075358626717,0.5817265391935765,100.28470611572266,472.5578002929688,53991.45703125,505.4151306152344,0.0525
2024-08-06,23.971330642700195,6.589328901936831,0.5809013637233785,104.07846069335938,490.7953796386719,56034.31640625,510.0747985839844,0.0525
2024-08-07,24.458885192871094,6.84406675220776,0.5720724488927459,98.74723815917967,485.6598510742188,55027.4609375,506.66546630859375,0.0525
2024-08-08,24.99158096313477,6.867520302075615,0.5722933585063013,104.7972640991211,506.2317810058594,61710.13671875,518.3782348632812,0.0525
2024-08-09,25.307588577270508,6.853342740338615,0.5705285325205283,104.57762908935548,514.3175659179688,60880.11328125,520.6641235351562,0.0525
2024-08-12,25.271472930908203,6.809253419640399,0.5700567285929719,108.84061431884766,512.5095825195312,59354.515625,520.9376220703125,0.0525
2024-08-13,25.95765686035156,6.985281107693211,0.5698702805575543,115.94889068603516,525.0155639648438,60609.56640625,529.5047607421875,0.0525
2024-08-14,25.2534122467041,7.034698643545419,0.6093807699971219,117.8856964111328,523.2476196289062,58737.26953125,531.1751708984375,0.0525
2024-08-15,25.19021415710449,7.042847949372127,0.5892492664934222,122.65784454345705,533.7470703125,57560.09765625,540.2797241210938,0.0525
2024-08-16,25.33467102050781,7.435920025842898,0.6036217432743058,124.375,523.903076171875,58894.10546875,541.4910278320312,0.0525
2024-08-19,25.623592376708984,7.385607222771533,0.6210146490684317,129.7860870361328,525.7506713867188,59493.453125,546.66845703125,0.0525
2024-08-20,25.79513931274414,7.326589138939012,0.6284977670993466,127.04061126708984,523.2176513671875,59012.79296875,545.779541015625,0.0525
2024-08-21,25.939598083496094,7.395686962211379,0.6284556108513756,128.28855895996094,531.5914916992188,61175.19140625,547.6550903320312,0.0525
2024-08-22,25.894454956054688,7.449519693915942,0.6273279742245004,123.536376953125,528.3831787109375,60381.9140625,543.3568115234375,0.0525
2024-08-23,26.12920379638672,,,129.1571044921875,524.479248046875,64094.35546875,549.1302490234375,0.0525
2024-08-26,26.08634757995605,,,126.2519073486328,517.6451416015625,62880.66015625,547.8211669921875,0.0525
2024-08-27,25.79753303527832,7.438533852036673,0.6168976391713107,128.08889770507812,515.6385498046875,59504.1328125,548.5734252929688,0.0525
2024-08-28,25.108110427856445,7.31433834885684,0.605968907003833,125.40331268310548,513.3340454101562,59027.625,545.3887939453125,0.0525
2024-08-29,25.182641983032227,7.373140889891982,0.5933741522150039,117.3965072631836,514.764404296875,59388.1796875,545.4375610351562,0.0525
2024-08-30,25.108110427856445,7.5833779617311095,0.5921169998341318,119.17357635498048,517.8338623046875,59119.4765625,550.6443481445312,0.0525
2024-09-03,24.185768127441406,7.230281359342221,0.5898294200541302,107.8222885131836,508.3475646972656,57431.0234375,539.3126220703125,0.0525
2024-09-04,24.13918685913086,7.140071428030471,0.5920516030194084,106.03524017333984,509.3210144042969,57971.5390625,538.2088012695312,0.0525
2024-09-05,24.642282485961918,7.199474913460227,0.5940453438446246,107.03359985351562,513.4135131835938,56160.48828125,536.8997192382812,0.0525
2024-09-06,24.465267181396484,7.245987667907793,0.5993594737652125,102.6607894897461,496.9341125488281,53948.75390625,527.86376953125,0.0525
2024-09-09,24.418684005737305,7.19893200698441,0.6061415302616695,106.2947998046875,501.4240112304688,57019.53515625,533.7737426757812,0.0525
2024-09-10,24.14850425720215,7.271172005103667,0.6237525004378146,107.92211151123048,501.4240112304688,57648.7109375,536.0986328125,0.0525
2024-09-11,24.34415054321289,7.22968979666048,0.6337135500776471,116.71762084960938,508.41705322265625,57343.171875,541.5985717773438,0.0525
2024-09-12,24.623647689819336,7.310098202374221,0.6416443165409157,118.9541244506836,522.0951538085938,58127.01171875,546.1605224609375,0.0525
2024-09-13,24.50253295898437,7.313592400219573,0.6475204978730987,118.91419219970705,521.121826171875,60571.30078125,549.012939453125,0.0525
2024-09-16,24.744762420654297,7.5,0.65,116.59781646728516,530.2294311523438,58192.5078125,549.8238525390625,0.0525
2024-09-17,24.735445022583008,7.811939062942507,0.6447094537003126,115.40966796875,533.2520751953125,60308.5390625,550.0484619140625,0.0525
2024-09-18,24.465267181396484,7.638190787437844,0.6460875666065845,113.19313049316406,534.8726806640625,61649.6796875,548.4170532226562,0.0525
2024-09-19,24.446632385253903,7.7221602050826395,0.64680727636802,117.68611907958984,555.9017944335938,62940.45703125,557.7755737304688,0.0525
2024-09-20,24.89382743835449,7.520423995586567,0.6672798269465299,115.81903839111328,558.1387939453125,63192.9765625,556.8113403320312,0.0525
2024-09-23,25.182641983032227,7.819521690595897,0.6857810402212263,116.07862854003906,561.1812744140625,63329.80078125,558.2027587890625,0.0525
2024-09-24,25.41555595397949,8.044477138104808,0.6730545872214356,120.68143463134766,560.1075439453125,64301.96875,559.7999877929688,0.0525
2024-09-25,25.191957473754883,8.03579418344519,0.6532438478747203,123.31731414794922,565.0590209960938,63143.14453125,558.5652465820312,0.0525
2024-09-26,25.76958465576172,8.162313508800924,0.6754090189150654,123.84648895263672,564.5917358398438,65181.01953125,560.77978515625,0.0525
2024-09-27,25.583251953125,8.162239591463184,0.6783919449369137,121.21060943603516,564.1144409179688,65790.6640625,559.9664306640625,0.0525
2024-09-30,25.042892456054688,7.818019731751574,0.6628010794946849,121.2505340576172,569.1654052734375,63329.5,562.2103881835938,0.0525
2024-10-01,25.471454620361328,7.888317043937387,0.6721985742858608,116.81747436523438,573.1722412109375,60837.0078125,557.173828125,0.0525
2024-10-02,25.573936462402344,7.818747011453378,0.6681474718878342,118.66458129882812,569.533203125,60632.78515625,557.4091186523438,0.0525
2024-10-03,25.443504333496094,7.90114691864762,0.6578362646038748,122.65834045410156,579.4362182617188,60759.40234375,556.3900146484375,0.0525
2024-10-04,25.695051193237305,8.251529606676833,0.6579883522565578,124.72511291503906,592.5308837890625,62067.4765625,561.446044921875,0.0525
2024-10-07,25.434186935424805,8.434697888365353,0.6623457499705845,127.52074432373048,581.4347534179688,62236.66015625,556.3704223632812,0.0525
2024-10-08,25.434186935424805,8.610519216895876,0.6629571544297131,132.68267822265625,589.498291015625,62131.96875,561.63232421875,0.0525
2024-10-09,25.07084274291992,8.46369040051669,0.654572313719794,132.44305419921875,587.1320190429688,60582.1015625,565.5223999023438,0.0525
2024-10-10,24.837928771972656,8.32252845566656,0.6526614420496408,134.59967041015625,580.490234375,60274.5,564.5327758789062,0.0525
2024-10-11,24.931093215942383,8.35426280587571,0.6365983140176689,134.58969116210938,586.5751953125,62445.08984375,567.913330078125,0.0525
2024-10-14,24.372100830078125,8.23109990904245,0.655342349446055,137.8546142578125,587.0425415039062,66046.125,572.557861328125,0.0525
2024-10-15,24.353466033935547,8.621891081792807,0.6514317706243454,131.3946990966797,582.916259765625,67041.109375,568.1092529296875,0.0525
2024-10-16,24.465267181396484,8.727530871136356,0.6526147711981802,135.5082550048828,573.490478515625,67612.71875,570.5784912109375,0.0525
2024-10-17,24.353466033935547,8.55283630214287,0.650721661190959,136.71636962890625,573.6296997070312,67399.8359375,570.62744140625,0.0525
2024-10-18,24.50253295898437,8.656613137251673,0.6387588988941213,137.7847137451172,573.1722412109375,68418.7890625,572.8224487304688,0.0525
2024-10-21,23.92490577697754,8.6524085293476,0.6398887336816552,143.48580932617188,571.8698120117188,67367.8515625,571.8818359375,0.0525
2024-10-22,24.073972702026367,8.55531453362256,0.6412147505422994,143.36598205566406,578.6807250976562,67361.40625,571.5780029296875,0.0525
2024-10-23,23.691993713378903,8.574991946155714,0.6348958683365796,139.34226989746094,560.4654541015625,66432.1953125,566.3551635742188,0.0525
2024-10-24,23.44976234436035,8.508439344048169,0.621770567449674,140.19094848632812,564.5321044921875,68161.0546875,567.580078125,0.0525
2024-10-25,23.226163864135746,8.394942554184096,0.6183928877361946,141.31918334960938,569.970703125,66642.4140625,567.3841552734375,0.0525
2024-10-28,22.890769958496094,8.412603491293266,0.5994364241664507,140.30078125,574.8526611328125,69907.7578125,569.13818359375,0.0525
2024-10-29,22.69512176513672,8.42590373245245,0.5880936890813753,141.02963256835938,589.88623046875,72720.4921875,570.0592041015625,0.0525
2024-10-30,22.98393440246582,8.59697388775437,0.6009284747540304,139.12261962890625,588.4146118164062,72339.5390625,568.3346557617188,0.0525
2024-10-31,22.378358840942383,8.424020519237441,0.599996563513034,132.55288696289062,564.3331909179688,70215.1875,557.1934814453125,0.0525
2024-11-01,22.471525192260746,,,135.1887664794922,563.91552734375,69482.46875,559.545166015625,0.0525
2024-11-04,22.05228042602539,8.356211568298791,0.6039807950803234,135.83775329589844,557.4727172851562,67811.5078125,558.3399047851562,0.0525
2024-11-05,22.192028045654297,8.545983990684272,0.6062682029463392,139.6917266845703,569.1553955078125,69359.5625,565.0912475585938,0.0525
2024-11-06,21.92184829711914,8.539387379957526,0.6138756389608021,145.3828582763672,568.777587890625,75639.078125,579.142578125,0.0525
2024-11-07,21.987064361572266,8.251948384562567,0.5869942665307393,148.64773559570312,588.3152465820312,75904.859375,583.62060546875,0.0525
2024-11-08,21.71688270568848,8.455642130972494,0.6187055217784753,147.399658203125,585.96875,76545.4765625,586.1486206054688,0.0525
2024-11-11,21.334903717041016,8.383767428710119,0.5863493784496647,145.0333709716797,579.833984375,88701.484375,586.7071533203125,0.0525
2024-11-12,20.52436637878418,8.277038704210698,0.5774479804977991,148.0586395263672,581.4746704101562,87955.8125,584.8846435546875,0.0525
2024-11-13,20.53368186950684,8.08084269242186,0.5784182137733542,146.0417938232422,576.68212890625,90584.1640625,585.1688232421875,0.0525
2024-11-14,20.08648681640625,7.673942781101688,0.5866302925997734,146.53103637695312,573.8583984375,87250.4296875,581.4061279296875,0.0525
2024-11-15,20.775909423828125,8.24801903598999,0.5782116437601231,141.7584686279297,550.9104614257812,91066.0078125,573.9591064453125,0.0525
2024-11-18,20.673429489135746,8.157831613483953,0.5973307666776952,139.9313507080078,551.2286376953125,90542.640625,576.3107299804688,0.0525
2024-11-19,20.84112930297852,8.182439229736131,0.5850700284310282,146.78065490722656,557.8804321289062,92343.7890625,578.4175415039062,0.0525
2024-11-20,21.07404136657715,8.497187646897096,0.5829070725771407,145.6623992919922,562.2849731445312,94339.4921875,578.6134643554688,0.0525
2024-11-21,21.11130714416504,8.375578719161737,0.563740875328194,146.44117736816406,559.8688354492188,98504.7265625,581.7196044921875,0.0525
2024-11-22,21.129940032958984,8.256600251971443,0.5750739064387518,141.72854614257812,555.9414672851562,98997.6640625,583.5226440429688,0.0525
2024-11-25,20.46846389770508,8.447542737613764,0.5976874541608772,135.80780029296875,561.8772583007812,93102.296875,585.5020141601562,0.0525
2024-11-26,20.53368186950684,8.252319851815704,0.5819378513924314,136.70639038085938,570.259033203125,91985.3203125,588.5591430664062,0.0525
2024-11-27,20.56163024902344,8.380836013061506,0.5751221474550305,135.12884521484375,565.9439697265625,95962.53125,586.7758178710938,0.0525
2024-11-29,20.673429489135746,8.1658397988438,0.5796211965776393,138.03433227539062,571.0345458984375,97461.5234375,590.4209594726562,0.0525
2024-12-02,20.99019241333008,8.197141358062733,0.5866079284363643,138.41372680664062,589.438720703125,95865.3046875,591.4791259765625,0.0525
2024-12-03,21.50260353088379,8.177614088737883,0.5725353770391401,140.04119873046875,610.1396484375,96002.1640625,591.7535400390625,0.0525
2024-12-04,21.353538513183597,8.296321896480569,0.5881848719497385,144.91355895996094,610.2689208984375,98768.53125,595.4280395507812,0.0525
2024-12-05,21.28832244873047,8.269009448309339,0.5965376878510065,144.84368896484375,605.4465942382812,96593.5703125,594.4481811523438,0.0525
2024-12-06,21.362855911254883,8.324950434011289,0.6018245417920661,142.22760009765625,620.2017822265625,99920.7109375,595.5750732421875,0.0525
2024-12-09,21.437387466430664,8.329732757605118,0.5875745098725602,138.60301208496094,610.0601196289062,97432.71875,592.5079345703125,0.0525
2024-12-10,21.28832244873047,8.440272111346712,0.5865127865129705,134.8685760498047,615.7771606445312,96675.4296875,590.6658325195312,0.0525
2024-12-11,20.84112930297852,8.268449241926476,0.5822366341189893,139.1022491455078,629.0608520507812,101173.03125,595.2319946289062,0.0525
2024-12-12,20.589580535888672,8.14935366409899,0.5840541402811592,137.1351776123047,627.1815185546875,100043.0,592.1651000976562,0.0525
2024-12-13,20.55231285095215,8.13426697578598,0.580038446796553,134.04978942871094,616.8013305664062,101459.2578125,592.0475463867188,0.0525
2024-12-16,20.580265045166016,8.027053131283978,0.5772646719944647,131.8031463623047,621.1696166992188,106029.71875,594.5755615234375,0.0525
2024-12-17,20.188968658447266,7.849829555936678,0.5750853392066654,130.19554138183594,616.393310546875,106140.6015625,592.1257934570312,0.0525
2024-12-18,19.62065887451172,8.099804677661162,0.5618263512795147,128.7177734375,594.2527465820312,100041.5390625,574.4783935546875,0.0525
2024-12-19,19.779041290283203,7.824710393058505,0.5507275717886636,130.485107421875,592.6407470703125,97490.953125,574.3020629882812,0.0525
2024-12-20,19.890838623046875,7.682632539236905,0.5609001632628714,134.49911499023438,582.3714599609375,97755.9296875,581.1998901367188,0.0525
2024-12-23,19.96537208557129,8.002724394063621,0.5618934149023393,139.46170043945312,596.899658203125,94686.2421875,584.6802978515625,0.0525
2024-12-24,20.44051742553711,,,140.01089477539062,604.7608642578125,98676.09375,591.1790161132812,0.0525
2024-12-26,20.53368186950684,8.172413793103448,0.5896551724137932,139.72132873535156,600.3823852539062,95795.515625,591.2184448242188,0.0525
2024-12-27,20.56163024902344,8.418437975928212,0.5925683288383895,136.8056640625,596.8599243164062,94164.859375,584.9949340820312,0.0525
2024-12-30,20.74796295166016,,,137.28494262695312,588.3319702148438,92643.2109375,578.3192138671875,0.0525
2024-12-31,20.63616371154785,,,134.08973693847656,582.6303100585938,93429.203125,576.21533203125,0.0525
2025-01-02,20.757280349731445,8.511605204432266,0.5942393777221705,138.10372924804688,596.2926635742188,96886.875,574.799560546875,0.0525
2025-01-03,21.02745819091797,8.362465307795597,0.5872324279156298,144.25454711914062,601.6561889648438,98107.4296875,581.9865112304688,0.0525
2025-01-06,21.008825302124023,8.289335740663825,0.5890243757629379,149.2071533203125,627.1004028320312,102078.0859375,585.3389892578125,0.0525
2025-01-07,21.260372161865234,8.251765417875216,0.6042087649071811,139.93101501464844,614.8509521484375,96922.703125,578.7222900390625,0.0525
2025-01-08,21.11130714416504,8.249836657451393,0.6059980182435081,139.9010467529297,607.7161865234375,95043.5234375,579.5678100585938,0.0525
2025-01-10,20.84112930297852,8.331901866141282,0.6012712686906079,135.7073211669922,612.8308715820312,94701.453125,570.7192993164062,0.0525
2025-01-13,21.008825302124023,8.251078210105218,0.5710973554514975,133.03131103515625,605.3380126953125,94516.5234375,571.604248046875,0.0525
2025-01-14,20.906343460083008,8.179365420468395,0.559236362255407,131.56349182128906,591.3272094726562,96534.046875,572.3907470703125,0.0525
2025-01-15,21.083356857299805,8.352121288451327,0.5636400869507031,136.03684997558594,614.084716796875,100504.4921875,582.802490234375,0.0525
2025-01-16,21.334903717041016,8.310467789090785,0.5770681822181282,133.3708038330078,608.2933349609375,99756.90625,581.6817626953125,0.0525
2025-01-17,20.915660858154297,8.39215820766931,0.577708650548315,137.504638671875,609.7561645507812,104462.0390625,587.521728515625,0.0525
2025-01-21,20.915660858154297,8.478073724221602,0.5803955135750082,140.61997985839844,613.427978515625,106146.265625,592.8995971679688,0.0525
2025-01-22,20.971559524536133,8.568980515428049,0.5689803062244224,146.85067749023438,620.433349609375,103653.0703125,596.232666015625,0.0525
2025-01-23,21.07404136657715,8.453360812410168,0.5829904008558736,147.00045776367188,633.3196411132812,103960.171875,599.4868774414062,0.0525
2025-01-24,21.07404136657715,8.332761625836444,0.5932377618393847,142.40731811523438,644.3053588867188,104819.484375,597.7367553710938,0.0525
2025-01-27,21.02745819091797,8.166422978138339,0.5914209483114923,118.24340057373048,656.6343994140625,102087.6875,589.2816162109375,0.0525
2025-01-28,21.167205810546875,8.116299242717188,0.5779010536744833,128.7976531982422,671.013427734375,101332.4765625,594.3449096679688,0.0525
2025-01-29,21.008825302124023,,,123.5155258178711,673.1627197265625,103703.2109375,591.6805419921875,0.0525
2025-01-30,21.269689559936523,8.020539257495694,0.580231073045463,124.464111328125,683.6210327148438,104735.3046875,594.8560791015625,0.0525
2025-01-31,21.139259338378903,7.6804386411228664,0.5520315273307062,119.89094543457033,685.7902221679688,102405.0234375,591.6903686523438,0.0525
2025-02-03,21.046092987060547,7.704028443400912,0.5375699847173081,116.48603057861328,694.0296020507812,101405.421875,587.7085571289062,0.0525
2025-02-04,21.40943717956543,8.165983415056836,0.5498633750832919,118.47306060791016,700.7264404296875,97871.8203125,591.6510620117188,0.0525
2025-02-05,21.50260353088379,8.369283755215587,0.5729076714910464,124.64383697509766,701.4031372070312,96615.4453125,594.0499267578125,0.0525
2025-02-06,21.71688270568848,8.465736787806135,0.5752404039196964,128.4880828857422,708.4880981445312,96593.296875,596.1146240234375,0.0525
2025-02-07,21.42807006835937,8.298368167186688,0.5698005607930934,129.6463623046875,711.0056762695312,96529.0859375,590.6580200195312,0.0525
2025-02-10,21.41875267028809,8.536117131437651,0.5690744754291768,133.3708038330078,713.8716430664062,97437.5546875,594.6693725585938,0.0525
2025-02-11,21.2044734954834,8.38810104738577,0.561224492758079,132.60195922851562,716.2597045898438,95747.4296875,595.1215209960938,0.0525
2025-02-12,21.381488800048828,8.444635710719664,0.5592416914548023,130.94444274902344,721.812255859375,97885.859375,593.2044067382812,0.0525
2025-02-13,21.549184799194336,8.365018923166222,0.5599723411375735,135.08822631835938,724.9765625,96623.8671875,599.4672241210938,0.0525
2025-02-14,21.800731658935547,8.44909605434721,0.5535853270661563,138.64292907714844,733.0466918945312,97508.96875,599.437744140625,0.0525
2025-02-18,22.04296112060547,8.490402636237393,0.5507521872997169,139.19210815429688,712.8465576171875,95539.546875,601.1975708007812,0.0525
2025-02-19,22.331775665283203,8.59697388775437,0.558803302704034,139.02235412597656,700.30859375,96635.609375,602.6133422851562,0.0525
2025-02-20,22.275876998901367,8.431557874006884,0.5652585227778085,139.9010467529297,691.4225463867188,98333.9375,600.1062622070312,0.0525
2025-02-21,22.26655960083008,8.429251183695083,0.5798355537038712,134.22952270507812,680.18798828125,96125.546875,589.8419799804688,0.0525
2025-02-24,22.294509887695312,8.552494472745702,0.5811532755314016,130.08572387695312,664.8438110351562,91418.171875,587.157958984375,0.0525
2025-02-25,22.05228042602539,8.378536895000208,0.5726773156067152,126.44115447998048,654.26611328125,88736.171875,584.2378540039062,0.0525
2025-02-26,21.987064361572266,8.534579853009507,0.579935953500646,131.08421325683594,670.3864135742188,84347.0234375,584.532958984375,0.0525
2025-02-27,21.754150390625,8.506661917492965,0.5796850574369697,119.9708251953125,655.00244140625,84704.2265625,575.2025756835938,0.0525
2025-02-28,21.24173927307129,8.451919153024669,0.5674860002745135,124.73371124267578,664.9134521484375,84373.0078125,584.178955078125,0.0525
2025-03-03,21.37217140197754,8.48201934138566,0.5618948809519648,113.88990020751952,651.828125,86065.671875,573.9441528320312,0.0525
2025-03-04,21.92184829711914,8.668816322179014,0.5669405874705076,115.81702423095705,636.8521118164062,87222.1953125,567.1505126953125,0.0525
2025-03-05,22.751022338867188,8.637239406933134,0.5788825044638666,117.12507629394533,653.2411499023438,90623.5625,573.2461547851562,0.0525
2025-03-06,22.928037643432617,8.817264646046183,0.5761776897416317,110.40510559082033,624.8416137695312,89961.7265625,563.0702514648438,0.0525
2025-03-07,23.049150466918945,8.75214200658303,0.5858077067343287,112.5219497680664,622.5827026367188,86742.671875,566.2262573242188,0.0525
2025-03-10,23.188899993896484,8.790823991316344,0.5813851723340691,106.8204574584961,595.0487670898438,78532.0,551.1444702148438,0.0525
2025-03-11,23.30069732666016,8.44447567604044,0.565866926744978,108.59780883789062,602.7308959960938,82862.2109375,546.5629272460938,0.0525
2025-03-12,22.945247650146484,8.92997979624549,0.5652440597230953,115.57803344726562,616.5126953125,83722.359375,549.4631958007812,0.0525
2025-03-13,22.636999130249023,8.814801744280118,0.5664164685185938,115.41825103759766,587.7349853515625,81066.703125,542.1386108398438,0.0525
2025-03-14,22.91635131835937,8.882872032281089,0.5694820614599085,121.49972534179688,605.1494750976562,83969.1015625,553.3369140625,0.0525
2025-03-17,23.33055686950684,8.790171849703206,0.5697009986089951,119.36272430419922,602.46044921875,84075.6875,557.6039428710938,0.0525
2025-03-18,23.07047462463379,8.79293739882267,0.5698802369813499,115.26846313476562,580.0112915039062,82718.5,551.5770874023438,0.0525
2025-03-19,22.974145889282227,9.009008864725025,0.5720283298572978,117.35552978515624,581.7044677734375,86854.2265625,557.5842895507812,0.0525
2025-03-20,22.52140617370605,9.186075409788176,0.5708364260384622,118.36412048339844,583.6365966796875,84167.1953125,555.9718627929688,0.0525
2025-03-21,21.981971740722656,9.245315957925179,0.5620731860784057,117.5352783203125,593.8451538085938,84043.2421875,556.1552734375,0.0525
2025-03-24,21.37510681152344,9.125488510148132,0.5653266304565955,121.24009704589844,616.3540649414062,87498.9140625,566.1151123046875,0.0525
2025-03-25,21.384740829467773,9.179124098282129,0.5446280298314063,120.5210952758789,623.7839965820312,87471.703125,567.4760131835938,0.0525
2025-03-26,21.3558406829834,9.534580505413054,0.5445846164588113,113.60079956054688,608.5158081054688,86900.8828125,560.7013549804688,0.0525
2025-03-27,21.529232025146484,9.268884072859395,0.5474705358922558,111.27405548095705,600.1497802734375,87177.1015625,559.2122192382812,0.0525
2025-03-28,21.317310333251957,9.217877291415705,0.55865922978277,109.51651763916016,574.4140014648438,84353.1484375,547.95068359375,0.0525
2025-03-31,21.06686019897461,9.586892282375905,0.5752135369425543,108.2283172607422,574.0354614257812,82548.9140625,551.6289672851562,0.0525
2025-04-01,21.63519096374512,,,109.995849609375,583.6365966796875,85169.171875,553.1870727539062,0.0525
2025-04-02,21.163185119628903,9.48547437503455,0.5722786200435973,110.26546478271484,581.5748901367188,82485.7109375,556.6878051757812,0.0525
2025-04-03,21.30767822265625,9.638132186733731,0.5651450236766596,101.65753936767578,529.4758911132812,83102.828125,529.2538452148438,0.0525
2025-04-04,20.488893508911133,9.575682882073275,0.5666344457740609,94.17801666259766,502.6943664550781,83843.8046875,498.2696838378906,0.0525
2025-04-07,19.978355407714844,9.217072556627627,0.5359169081220988,97.50335693359376,514.1679077148438,79235.3359375,497.3821411132813,0.0525
2025-04-08,20.33476829528809,9.600279127433792,0.5707802317583364,96.16522979736328,508.3912658691406,76271.953125,489.591796875,0.0525
2025-04-09,21.42327117919922,,,114.17000579833984,583.4075317382812,82573.953125,541.0084228515625,0.0525
2025-04-10,21.17281913757324,9.731720355594273,0.5637383953736143,107.4194564819336,544.0867309570312,79626.140625,517.3019409179688,0.0525
2025-04-11,21.66408920288086,9.598741199917884,0.569105694093492,110.7747573852539,541.377685546875,83404.8359375,526.5321044921875,0.0525
2025-04-14,21.558128356933597,9.784736078224224,0.56087505019821,110.55506896972656,529.3364868164062,84542.390625,531.6401977539062,0.0525
2025-04-15,21.904909133911133,10.132351977436945,0.5688491724356902,112.04297637939452,519.4166259765625,83668.9921875,530.1510620117188,0.0525
2025-04-16,22.16499328613281,10.243730323940028,0.5651713282173809,104.3437728881836,500.2840881347656,84033.8671875,518.3668823242188,0.0525
2025-04-17,22.193893432617188,,,101.34797668457033,499.45751953125,84895.75,519.1065063476562,0.0525
2025-04-21,22.03013610839844,10.03179107585851,0.5722359698200982,96.77438354492188,482.7052917480469,87518.90625,506.7503356933594,0.0525
2025-04-22,22.251689910888672,10.172462325677843,0.5763509986089013,98.75160217285156,498.2622985839844,93441.890625,519.9349365234375,0.0525
2025-04-23,22.15536117553711,10.119415914356422,0.5776205063002398,102.5662612915039,518.1717529296875,93699.109375,527.991455078125,0.0525
2025-04-24,22.5503044128418,9.922041347020734,0.5802622394909447,106.2810516357422,530.999755859375,93943.796875,539.1051635742188,0.0525
2025-04-25,22.492507934570312,9.788782366104906,0.581292153200246,110.85465240478516,545.062744140625,94720.5,543.0003662109375,0.0525
2025-04-28,22.51177406311035,9.754360929569335,0.5918476293944898,108.57784271240234,547.5227661132812,94978.75,543.2074584960938,0.0525
2025-04-29,22.3383846282959,10.102983009289519,0.5912642077492811,108.867431640625,552.203857421875,94284.7890625,546.6292724609375,0.0525
2025-04-30,22.60810089111328,10.183117740745057,0.5806163624109024,108.76756286621094,546.7858276367188,94207.3125,546.84619140625,0.0525
2025-05-01,22.52140617370605,,,111.4538116455078,569.9022216796875,96492.3359375,550.7217407226562,0.0525
2025-05-02,22.74295997619629,10.111314232129503,0.5950463685279752,114.33976745605467,594.6121826171875,96910.0703125,558.896728515625,0.0525
2025-05-05,22.56957054138184,10.01294341879669,0.5977205900807719,113.66072082519533,596.8530883789062,94748.0546875,555.6918334960938,0.0525
2025-05-06,22.90671730041504,10.231260938549424,0.593899051841919,113.38111114501952,584.9412841796875,96802.4765625,551.047119140625,0.0525
2025-05-07,22.77185821533203,10.314022767980418,0.6099981969514228,116.89617919921876,594.4029541015625,97032.3203125,553.3645629882812,0.0525
2025-05-08,22.6755313873291,10.279530967670699,0.6023444461757919,117.20574951171876,595.59814453125,103241.4609375,557.2202758789062,0.0525
2025-05-09,22.858552932739254,9.963359406823283,0.6118802244407777,116.48676300048828,590.1004028320312,102970.8515625,556.5103149414062,0.0525
2025-05-12,22.98377990722656,,,122.82787322998048,636.85107421875,102812.953125,574.9015502929688,0.0525
2025-05-13,22.473241806030277,10.324271869131788,0.6104786844356188,129.7481689453125,653.3841552734375,104169.8125,578.6980590820312,0.0525
2025-05-14,22.44434356689453,10.300583503229127,0.6684612116642595,135.1505889892578,656.7007446289062,103539.4140625,579.4376831054688,0.0525
2025-05-15,22.64663314819336,10.215969508127948,0.663141880352165,134.6413116455078,641.2830810546875,103744.640625,582.2678833007812,0.0525
2025-05-16,22.386547088623047,10.245349459809093,0.6443785581300983,135.2105255126953,637.7574462890625,103489.2890625,585.9559936523438,0.0525
2025-05-19,22.51177406311035,10.027960226067687,0.6416460698717125,135.38027954101562,637.8470458984375,105606.1796875,586.5970458984375,0.0525
2025-05-20,22.290218353271484,9.949624739804415,0.630142900187613,134.19192504882812,634.530517578125,106791.0859375,584.6246948242188,0.0525
2025-05-21,21.789316177368164,10.035131776980863,0.6269705311291455,131.6155548095703,632.9369506835938,109678.078125,574.7733154296875,0.0525
2025-05-22,21.548498153686523,9.991891353680357,0.6270835331074416,132.64410400390625,634.0026245117188,111673.28125,575.0001831054688,0.0525
2025-05-23,21.65445709228516,10.005398651311955,0.6433327370223064,131.1062469482422,624.531005859375,107287.796875,571.0753784179688,0.0525
2025-05-27,22.097564697265625,9.60564420632489,0.6448987117805693,135.31036376953125,639.7294921875,108994.640625,582.9483032226562,0.0525
2025-05-28,21.99160385131836,9.62595790334468,0.6525462099271113,134.621337890625,640.984375,107802.328125,579.5757446289062,0.0525
2025-05-29,22.10719871520996,9.652683939818013,0.6585475958941261,138.99520874023438,642.448486328125,105641.7578125,581.8635864257812,0.0525
2025-05-30,21.596660614013672,9.892264423108589,0.6205147683586297,134.94090270996094,644.878662109375,103998.5703125,581.2128295898438,0.0525
2025-06-02,21.60629272460937,9.571436190332408,0.5914932477171713,137.18775939941406,668.194091796875,105881.53125,584.4867553710938,0.0525
2025-06-03,21.596660614013672,9.828098226994914,0.6012060087575644,141.02236938476562,664.1605224609375,105432.46875,587.8197631835938,0.0525
2025-06-04,21.529232025146484,9.690758905984309,0.6139877859728462,141.7213897705078,685.1754760742188,104731.984375,587.6620483398438,0.0525
2025-06-05,22.0108699798584,9.582884038756282,0.6148867431997465,139.7941131591797,681.8588256835938,101575.953125,584.8218994140625,0.0525
2025-06-06,22.0205020904541,,,141.52166748046875,694.89599609375,104390.34375,590.8274536132812,0.0525
2025-06-09,21.596660614013672,9.665527676688187,0.6158964147471078,142.43040466308594,691.2606811523438,110294.1015625,591.3599853515625,0.0525
2025-06-10,21.509965896606445,9.542156653203541,0.6166393686268326,143.758544921875,699.567138671875,110257.234375,594.712890625,0.0525
2025-06-11,21.3558406829834,9.628832626721719,0.6177156126453691,142.6400146484375,691.3403930664062,108686.625,593.0166625976562,0.0525
2025-06-12,21.086122512817383,,,144.80712890625,690.5635986328125,105929.0546875,595.3734130859375,0.0525
2025-06-13,20.69117927551269,10.00110708857666,0.6366018349739755,141.78114318847656,680.1159057617188,106090.96875,588.7171630859375,0.0525
2025-06-16,20.941633224487305,9.698428152227372,0.6070366525937935,144.49754333496094,699.8262939453125,106796.7578125,594.318359375,0.0525
2025-06-17,21.09575653076172,9.639943059656439,0.6110322693747273,143.92828369140625,694.9522094726562,104601.1171875,589.2398681640625,0.0525
2025-06-18,20.874202728271484,9.868596684280233,0.6115498938948726,145.28648376464844,693.4970092773438,104883.328125,589.1510009765625,0.0525
2025-06-20,20.835670471191406,9.563589754127491,0.6128468411232206,143.65866088867188,680.1209106445312,103309.6015625,587.767333984375,0.0525
2025-06-23,20.50815963745117,9.543952935641244,0.5890681573829852,143.97824096679688,696.2481079101562,105577.7734375,593.5730590820312,0.0525
2025-06-24,20.546689987182617,9.47900600643412,0.598581675591488,147.7032470703125,709.8734130859375,106045.6328125,600.13037109375,0.0525
2025-06-25,20.315502166748047,9.712371518920394,0.6130377619281863,154.10475158691406,706.3648681640625,107361.2578125,600.4666748046875,0.0525
2025-06-26,20.527423858642575,9.703743309645485,0.6102536925992773,154.8137969970703,723.7180786132812,106960.0,605.1646118164062,0.0525
2025-06-27,20.585220336914062,9.522117450386235,0.6217800573946235,157.54019165039062,731.2333374023438,107088.4296875,608.1712646484375,0.0525
2025-06-30,20.96089744567871,9.522714849674996,0.6171638779083702,157.7798614501953,735.6788330078125,107135.3359375,611.0790405273438,0.0525
2025-07-01,21.25951385498047,9.644852861483649,0.6291689062911763,153.09609985351562,716.8704223632812,105698.28125,610.8812866210938,0.0525
2025-07-02,21.73151969909668,9.610893480407892,0.6269536120864213,157.04083251953125,711.2389526367188,108859.3203125,613.6505737304688,0.0525
2025-07-03,21.798948287963867,9.458013880492452,0.6204314477684021,159.1280517578125,716.6611938476562,109647.9765625,618.4869995117188,0.0525
2025-07-07,21.28841209411621,9.564632084889007,0.6163874010261804,158.02952575683594,716.0032958984375,108299.8515625,613.8780517578125,0.0525
2025-07-08,21.30767822265625,9.380530973451327,0.6176991150442478,159.7871856689453,718.315673828125,108950.2734375,613.5418090820312,0.0525
2025-07-09,21.201717376708984,9.684584366459298,0.6183918090876762,162.66334533691406,730.3861694335938,111326.5546875,617.2210083007812,0.0525
2025-07-10,21.018693923950195,9.381361359772988,0.5973980111176196,163.88172912597656,724.8641967773438,115987.203125,618.9617919921875,0.0525
2025-07-11,20.86457061767578,9.581634487892952,0.5991845433686989,164.7006378173828,715.166015625,117516.9921875,616.7858276367188,0.0525
2025-07-14,20.72007942199707,9.562260922806557,0.6038390693846363,163.85177612304688,718.56494140625,119849.703125,617.9627075195312,0.0525
2025-07-15,20.845304489135746,9.61894837861397,0.6071409618794872,170.4729461669922,708.0692749023438,117777.1875,615.322021484375,0.0525
2025-07-16,21.09575653076172,9.447430937406288,0.5922270139866629,171.14205932617188,700.6137084960938,118738.5078125,617.3792114257812,0.0525
2025-07-17,21.278779983520508,9.562549379172495,0.5985513650582783,172.7698974609375,699.1185913085938,119289.84375,621.1573486328125,0.0525
2025-07-18,21.201717376708984,9.50633489743147,0.5836610028937704,172.18069458007812,701.979248046875,118003.2265625,620.7024536132812,0.0525
2025-07-21,21.64482307434082,9.472520923554622,0.5841387902858683,171.1520538330078,710.640869140625,117439.5390625,621.87939453125,0.0525
2025-07-22,22.001235961914062,9.48661719131951,0.5792014196365288,166.80784606933594,702.5075073242188,119995.4140625,621.9684448242188,0.0525
2025-07-23,22.309484481811523,9.599295206563415,0.5768383816788107,170.55284118652344,711.2489624023438,118754.9609375,627.2598266601562,0.0525
2025-07-24,22.232423782348636,9.427788121315404,0.5925532871746079,173.5089111328125,712.46484375,118368.0,627.4674682617188,0.0525
2025-07-25,22.232423782348636,9.399225084148824,0.5884425825877614,173.26922607421875,710.351806640625,117635.8828125,630.1181030273438,0.0525
2025-07-28,22.11682891845703,9.33933188974427,0.5776906323553158,176.514892578125,715.28564453125,117924.4765625,629.9598999023438,0.0525
2025-07-29,22.145727157592773,9.449025866645444,0.5720301638860565,175.27655029296875,697.7132568359375,117922.1484375,628.2982788085938,0.0525
2025-07-30,22.357648849487305,9.557924242098034,0.5643893108222422,179.03155517578125,692.93896484375,117831.1875,627.5070190429688,0.0525
2025-07-31,22.232423782348636,9.377455788414299,0.5535667569697081,177.63340759277344,770.913330078125,115758.203125,625.1531982421875,0.0525
2025-08-01,22.13609504699707,9.205776463061374,0.541516262533022,173.4889373779297,747.5598754882812,113320.0859375,614.9065551757812,0.0525
2025-08-04,22.50214195251465,9.357130628430237,0.5319702042459412,179.76058959960938,773.8336791992188,115071.8828125,624.2530517578125,0.0525
2025-08-05,22.376914978027344,9.35744939175359,0.5337147276564024,178.02288818359375,760.9660034179688,114141.4453125,621.0880737304688,0.0525
2025-08-06,21.962705612182617,9.556355632936175,0.5217300618527484,179.1813507080078,769.4680786132812,115028.0,625.8455200195312,0.0525
2025-08-07,22.3480167388916,9.424248276815243,0.5113527305753456,180.52957153320312,759.3411865234375,117496.8984375,625.3212280273438,0.0525
2025-08-08,22.53103828430176,9.54432399286336,0.5157437460363778,182.45700073242188,766.786865234375,116688.7265625,630.1972045898438,0.0525
2025-08-11,22.078298568725582,9.495340428030909,0.5011429670349646,181.8178253173828,763.3679809570312,118731.4453125,628.9510498046875,0.0525
2025-08-12,22.097564697265625,9.393089208314127,0.5262234850596149,182.9163818359375,787.419189453125,120172.90625,635.6469116210938,0.0525
2025-08-13,22.203523635864254,9.496174871379333,0.545150779653258,181.3484649658203,777.5316772460938,123344.0625,637.8228149414062,0.0525
2025-08-14,21.80858039855957,9.534908549040253,0.533248589224103,181.7778778076172,779.5748901367188,118359.578125,637.882080078125,0.0525
2025-08-15,21.981971740722656,9.813198426953823,0.5108120252601857,180.20997619628903,782.664794921875,117398.3515625,636.388671875,0.0525
2025-08-18,21.97233772277832,9.570384613044352,0.5197104464775916,181.76788330078125,764.8631591796875,116252.3125,636.2501220703125,0.0525
2025-08-19,21.702621459960938,9.328653167782274,0.5195261218557956,175.4063720703125,749.0250244140625,112831.1796875,632.79833984375,0.0525
2025-08-20,21.741151809692383,9.291338334602674,0.5135607911875489,175.16668701171875,745.27734375,114274.7421875,631.1170043945312,0.0525
2025-08-21,21.80858039855957,,,174.7472381591797,736.6854248046875,112419.03125,628.5850830078125,0.0525
2025-08-22,22.203523635864254,9.564107362986585,0.5262881748188231,177.75326538085938,752.32421875,116874.0859375,638.2381591796875,0.0525
2025-08-25,22.193893432617188,,,179.57083129882812,750.839111328125,110124.3515625,635.42919921875,0.0525
2025-08-26,21.6833553314209,9.633877500662818,0.5443317232517362,181.5282287597656,751.636474609375,111802.65625,638.0897827148438,0.0525
2025-08-27,19.487085342407227,9.572319080608066,0.5234038689947162,181.35845947265625,744.9384765625,111222.0625,639.543701171875,0.0525
2025-08-28,19.96872329711914,9.423630787591847,0.5122498459984322,179.93035888671875,748.65625,112544.8046875,641.8085327148438,0.0525
2025-08-29,19.727903366088867,9.39833126342306,0.5111989528329179,173.94830322265625,736.2868041992188,108410.8359375,637.9810180664062,0.0525
2025-09-02,18.832056045532227,9.722445777785989,0.5182921462422678,170.55284118652344,732.70849609375,111200.5859375,633.2533569335938,0.0525
2025-09-03,18.581605911254883,9.346610487631457,0.5022711243353354,170.39306640625,734.6421508789062,111723.2109375,636.6853637695312,0.0525
2025-09-04,18.92838478088379,9.360646603193418,0.505579699929943,171.4316864013672,746.204345703125,110723.6015625,642.00634765625,0.0525
2025-09-05,18.774259567260746,9.453873965836603,0.5215020708596377,166.79786682128906,749.991943359375,110650.984375,640.14697265625,0.0525
2025-09-08,18.66829872131348,9.543634296730513,0.5151092818198354,168.08612060546875,749.8424072265625,112071.4296875,641.7195434570312,0.0525
2025-09-09,18.754993438720703,9.438456198043651,0.5160277454070594,170.53285217285156,763.1986083984375,111530.546875,643.203125,0.0525
2025-09-10,18.658668518066406,9.38086333054499,0.5260297194698125,177.09413146972656,749.5234375,113955.359375,645.0625610351562,0.0525
2025-09-11,18.899486541748047,9.375602449487165,0.5380018601855252,176.9443359375,748.4469604492188,115507.5390625,650.4231567382812,0.0525
2025-09-12,18.79352569580078,9.383917870907501,0.5427265932800981,177.59349060058594,753.1217041015625,116101.578125,650.2055053710938,0.0525
2025-09-15,18.79352569580078,9.703306355605799,0.5349931071739413,177.52359008789062,762.2018432617188,115444.875,653.6671752929688,0.0525
2025-09-16,18.93801689147949,9.776609593360295,0.5431449774089052,174.65724182128906,776.4551391601562,116843.1875,652.7671508789062,0.0525
2025-09-17,19.09214210510254,9.810322143532101,0.556682848252586,170.0730743408203,773.1858520507812,116468.5078125,651.9561157226562,0.0525
2025-09-18,18.81279182434082,9.577092511013216,0.5559471365638766,176.01551818847656,777.7011108398438,117137.203125,655.0023803710938,0.0525
2025-09-19,18.79352569580078,9.42258287745534,0.5681520287890511,176.4449462890625,775.837158203125,115688.859375,658.2465209960938,0.0525
2025-09-22,18.69719886779785,9.452126551794848,0.5513740488546994,183.3761138916016,763.1751098632812,112748.5078125,661.3606567382812,0.0525
2025-09-23,18.97654914855957,9.411557542638443,0.5400650776803742,178.2027130126953,753.4404296875,112014.5,657.7606201171875,0.0525
2025-09-24,18.543073654174805,9.259421280838342,0.5520711556122483,176.74456787109375,758.686767578125,113328.6328125,655.6677856445312,0.0525
2025-09-25,18.16739654541016,9.051970826598668,0.5254304905094629,177.4636688232422,746.9672241210938,109049.2890625,652.6429443359375,0.0525
2025-09-26,18.34078598022461,8.959492528743489,0.5332621033934827,177.96302795410156,741.8206176757812,109712.828125,656.3819580078125,0.0525
2025-09-29,18.06143569946289,9.13265544925386,0.5219888754893685,181.61837768554688,741.4715576171875,114400.3828125,658.2266845703125,0.0525
2025-09-30,18.013273239135742,9.127544220884275,0.51320909015538,186.3423309326172,732.4749755859375,114056.0859375,660.7061157226562,0.0525
2025-10-01,18.11923217773437,9.409340388165086,0.5322802044399957,187.00149536132807,715.4791259765625,118648.9296875,662.95751953125,0.0525
2025-10-02,17.994007110595703,9.423741479890758,0.5330948647383458,188.6493988037109,725.1639404296875,120681.2578125,663.7210693359375,0.0525
2025-10-03,18.302255630493164,9.417040433093808,0.5260434674164124,187.38101196289065,708.7167358398438,122266.53125,663.7112426757812,0.0525
2025-10-06,18.17702865600586,9.308028149984192,0.5128913470399453,185.30364990234372,713.8035278320312,124752.53125,666.0914916992188,0.0525
2025-10-07,18.32151985168457,9.297733248524441,0.5133928423469636,184.8042907714844,711.230224609375,121451.3828125,663.6219482421875,0.0525
2025-10-08,18.27335548400879,9.291501734105795,0.5145664689481595,188.86911010742188,715.9779052734375,123354.8671875,667.5791625976562,0.0525
2025-10-09,18.06143569946289,9.437052036401113,0.5084804293585988,192.32470703125,731.6072387695312,121705.5859375,665.6452026367188,0.0525
2025-10-10,18.292621612548828,9.54907139362276,0.5031231164381884,182.92669677734372,703.4703979492188,113214.3671875,647.6542358398438,0.0525
2025-10-13,18.34078598022461,9.382135227149638,0.49614585190233207,188.0801239013672,713.8433837890625,115271.078125,657.5919189453125,0.0525
2025-10-14,18.292621612548828,9.55496270548041,0.4915210544891274,179.8006591796875,706.8117065429688,113118.6640625,656.78857421875,0.0525
2025-10-15,18.18666076660156,9.605784102845131,0.4906180052528427,179.60093688964844,715.6885986328125,110783.1640625,659.7044067382812,0.0525
2025-10-16,18.26372337341309,9.430221358976587,0.5068528481789975,181.5784149169922,710.2228393554688,108186.0390625,655.2117309570312,0.0525
2025-10-17,18.26372337341309,9.595341901665595,0.5081913574490755,182.9866180419922,715.0602416992188,106467.7890625,658.9308471679688,0.0525
2025-10-20,18.26372337341309,9.808814155690273,0.5024866199055368,182.4073486328125,730.2706909179688,110588.9296875,665.7840576171875,0.0525
2025-10-21,18.456378936767575,9.989168680877343,0.4900022502667888,180.92922973632807,731.3678588867188,108476.890625,665.7741088867188,0.0525
2025-10-22,18.456378936767575,9.886519970917524,0.49002751160199903,180.05035400390625,731.5074462890625,107688.5859375,662.3128051757812,0.0525
2025-10-23,18.350418090820312,10.142196519325589,0.4856947150724332,181.92796325683597,732.095947265625,110069.7265625,666.2402954101562,0.0525
2025-10-24,18.34078598022461,9.878860159877535,0.4905306210647307,186.0227203369141,736.4446411132812,111033.921875,671.6851806640625,0.0525
2025-10-27,18.48527717590332,9.80308604495197,0.4935640713067122,191.2460784912109,748.8722534179688,114119.328125,679.6094970703125,0.0525
2025-10-28,18.64903450012207,9.812697764119084,0.4914956511677191,200.77394104003903,749.49072265625,112956.1640625,681.41455078125,0.0525
2025-10-29,18.090333938598636,10.02159827213823,0.4976241900647948,206.7762756347656,749.7200927734375,110055.3046875,681.7418823242188,0.0525
2025-10-30,18.331153869628903,10.28011138010048,0.5008259390305362,202.63156127929688,664.7411499023438,108305.546875,674.2439575195312,0.0525
2025-10-31,18.66829872131348,,,202.2320709228516,646.6680908203125,109556.1640625,676.4556274414062,0.0525
2025-11-03,18.504541397094727,9.914868698198228,0.4812130238866898,206.6164703369141,636.0557861328125,106547.5234375,677.7251586914062,0.0525
2025-11-04,18.68756484985352,9.558760924320337,0.4822053502000885,198.43690490722656,625.6926879882812,101590.5234375,669.6917114257812,0.0525
2025-11-05,18.832056045532227,9.669380282143171,0.4591462128678752,194.9613494873047,634.30029296875,103891.8359375,672.0125122070312,0.0525
2025-11-06,18.60087013244629,9.45469409346109,0.47017938194509207,187.8404235839844,617.3344116210938,101301.2890625,664.8021850585938,0.0525
2025-11-07,18.55270767211914,9.263980673757347,0.4657487531393602,187.91033935546875,620.0972290039062,103372.40625,665.4567260742188,0.0525
2025-11-10,18.55270767211914,9.406050724585679,0.46346177206594896,198.7964630126953,630.1212158203125,105996.59375,675.8407592773438,0.0525
2025-11-11,19.525615692138672,9.470018857059138,0.44419909078402947,192.91395568847656,625.453369140625,102997.46875,677.3878784179688,0.0525
2025-11-12,19.872394561767575,9.525912115051874,0.438090075879391,193.5531463623047,607.43017578125,101663.1875,677.7647705078125,0.0525
2025-11-13,20.33476829528809,9.996109619233563,0.4093161637655706,186.62196350097656,608.3079223632812,99697.4921875,666.5179443359375,0.0525
2025-11-14,20.10358238220215,9.906542312934306,0.4129141993212756,189.92774963378903,607.8790283203125,94397.7890625,666.408935546875,0.0525
2025-11-17,20.90310287475586,10.08232183262936,0.42773486562670004,186.3623046875,600.4483032226562,92093.875,660.2002563476562,0.0525
2025-11-18,21.11502265930176,9.870989670789228,0.41843490177980136,181.1289825439453,596.1395874023438,92948.875,654.65625,0.0525
2025-11-19,21.17281913757324,10.042553191489361,0.425531914893617,186.28240966796875,588.7886352539062,91465.9921875,657.185302734375,0.0525
2025-11-20,21.163185119628903,10.124861683610904,0.4247005739769674,180.40989685058597,587.6217041015625,86631.8984375,647.1683349609375,0.0525
2025-11-21,21.62555885314941,10.081466708413389,0.42939580424723695,178.6521453857422,592.70849609375,85090.6875,653.6148681640625,0.0525
2025-11-24,21.61592674255371,10.55075607188699,0.4481510467427726,182.3174743652344,611.459716796875,88270.5625,663.2351684570312,0.0525
2025-11-25,21.60629272460937,9.983530678950315,0.44144863546378943,177.59349060058594,634.5695190429688,87341.890625,669.4734497070312,0.0525
2025-11-26,21.56776237487793,10.175259406876568,0.44325335710557623,180.03038024902344,631.9663696289062,90518.3671875,674.09521484375,0.0525
2025-11-28,21.51959800720215,10.092134342949157,0.46493771909613607,176.7745361328125,646.2691650390625,90919.265625,677.7747192382812,0.0525
2025-12-01,21.19208526611328,10.095570063780464,0.45306114596135866,179.69082641601562,639.20751953125,86321.5703125,674.6803588867188,0.0525
2025-12-02,21.220983505249023,10.186626588385947,0.4601515620950159,181.22885131835935,645.4213256835938,91350.203125,675.9300537109375,0.0525
2025-12-03,21.09575653076172,10.105335564981933,0.46073479101358306,179.36123657226562,637.9407958984375,93527.8046875,678.2706298828125,0.0525
2025-12-04,21.02832794189453,10.023785149200936,0.45361875166722876,183.1566162109375,659.8140258789062,92141.625,678.7665405273438,0.0525
2025-12-05,21.018693923950195,9.971895525890998,0.44357158366442134,182.1877899169922,671.673095703125,89387.7578125,680.0557861328125,0.0525
2025-12-08,20.99942779541016,,,185.323974609375,665.0702514648438,90640.203125,678.0127563476562,0.0525
2025-12-09,20.99942779541016,9.981897500055664,0.4534150050872743,184.7446746826172,655.255859375,92691.7109375,677.4275512695312,0.0525
2025-12-10,21.24024772644043,9.98988343080396,0.4383746315627054,183.55612182617188,648.4434814453125,92020.9453125,681.92041015625,0.0525
2025-12-11,20.893468856811523,10.075480986366607,0.44101431926857204,180.70957946777344,651.0167846679688,92511.3359375,683.5072021484375,0.0525
2025-12-12,20.98979759216309,10.0450795531642,0.4422897009013873,174.80679321289062,642.558837890625,90270.4140625,676.1580810546875,0.0525
2025-12-15,21.1439208984375,10.037237332790616,0.4493906428087535,176.0752410888672,646.3570556640625,86419.78125,675.1365356445312,0.0525
2025-12-16,21.1439208984375,9.962703424203756,0.4513019499852984,177.50350952148438,655.9799194335938,87843.984375,673.2918701171875,0.0525
2025-12-17,21.086122512817383,10.215605989544832,0.45003423371026646,170.7317657470703,648.343505859375,86143.7578125,665.8832397460938,0.0525
2025-12-18,20.74897766113281,10.09653121739097,0.4434287358989278,173.9278564453125,663.266845703125,85462.5078125,670.9114990234375,0.0525
2025-12-19,20.325136184692383,9.815636429276765,0.43700920450345254,180.7695159912109,657.5969848632812,88103.3828125,676.9923095703125,0.0525
2025-12-22,20.53705596923828,10.000684083961687,0.4470391261463216,183.4662322998047,660.3221435546875,88490.015625,681.2098388671875,0.0525
2025-12-23,20.60448455810547,9.867805362369953,0.45170729719124525,188.97950744628903,663.7559814453125,87414.0,684.3233032226562,0.0525
2025-12-24,20.88383674621582,,,188.38023376464844,666.361328125,87611.9609375,686.7305297851562,0.0525
2025-12-26,20.86457061767578,9.782904424363386,0.4678780376869446,190.2978973388672,662.1089477539062,87301.4296875,686.660888671875,0.0525
2025-12-29,20.81640625,9.797729947428346,0.4779380462160169,187.9907073974609,657.5171508789062,87138.140625,684.2138671875,0.0525
2025-12-30,20.941633224487305,,,187.31153869628903,664.7642211914062,88430.1328125,683.3782958984375,0.0525
2025-12-31,20.941633224487305,,,186.27281188964844,658.9146118164062,87508.828125,678.3152465820312,0.0525
2026-01-02,21.057226181030277,,,188.6199493408203,649.2518310546875,89944.6953125,679.55859375,0.0525
