Date,Price,Open,High,Low,Vol.
2020-01-02,8.605904579162598,8.605904579162598,8.605904579162598,8.605904579162598,0
2020-01-03,8.605904579162598,8.605904579162598,8.605904579162598,8.605904579162598,0
2020-01-06,8.605904579162598,8.605904579162598,8.605904579162598,8.605904579162598,0
2020-01-07,8.605904579162598,8.605904579162598,8.605904579162598,8.605904579162598,0
2020-01-08,8.605904579162598,8.605904579162598,8.605904579162598,8.605904579162598,0
2020-01-09,8.605904579162598,8.605904579162598,8.605904579162598,8.605904579162598,0
2020-01-10,8.605904579162598,8.605904579162598,8.605904579162598,8.605904579162598,0
2020-01-13,8.605904579162598,8.605904579162598,8.605904579162598,8.605904579162598,0
2020-01-14,8.605904579162598,8.605904579162598,8.605904579162598,8.605904579162598,0
2020-01-15,8.605904579162598,8.605904579162598,8.605904579162598,8.605904579162598,0
2020-01-16,8.605904579162598,8.605904579162598,8.605904579162598,8.605904579162598,0
2020-01-17,8.605904579162598,8.605904579162598,8.605904579162598,8.605904579162598,0
2020-01-21,8.605904579162598,8.605904579162598,8.605904579162598,8.605904579162598,0
2020-01-22,8.605904579162598,8.605904579162598,8.605904579162598,8.605904579162598,0
2020-01-23,8.605904579162598,8.605904579162598,8.605904579162598,8.605904579162598,0
2020-01-24,8.605904579162598,8.605904579162598,8.605904579162598,8.605904579162598,0
2020-01-27,8.605904579162598,8.605904579162598,8.605904579162598,8.605904579162598,0
2020-01-28,8.605904579162598,8.605904579162598,8.605904579162598,8.605904579162598,0
2020-01-29,8.605904579162598,8.605904579162598,8.605904579162598,8.605904579162598,0
2020-01-30,8.605904579162598,8.605904579162598,8.605904579162598,8.605904579162598,0
2020-01-31,8.605904579162598,8.605904579162598,8.605904579162598,8.605904579162598,0
2020-02-03,8.605904579162598,8.605904579162598,8.605904579162598,8.605904579162598,0
2020-02-04,8.605904579162598,8.605904579162598,8.605904579162598,8.605904579162598,0
2020-02-05,8.605904579162598,8.605904579162598,8.605904579162598,8.605904579162598,0
2020-02-06,8.379988670349121,8.379988670349121,8.379988670349121,8.379988670349121,100
2020-02-07,8.379988670349121,8.379988670349121,8.379988670349121,8.379988670349121,0
2020-02-10,8.379988670349121,8.379988670349121,8.379988670349121,8.379988670349121,0
2020-02-11,8.379988670349121,8.379988670349121,8.379988670349121,8.379988670349121,0
2020-02-12,8.379988670349121,8.379988670349121,8.379988670349121,8.379988670349121,0
2020-02-13,8.379988670349121,8.379988670349121,8.379988670349121,8.379988670349121,0
2020-02-14,8.379988670349121,8.379988670349121,8.379988670349121,8.379988670349121,0
2020-02-18,7.624590873718262,7.624590873718263,7.624590873718263,7.624590873718263,1216
2020-02-19,7.624590873718262,7.624590873718263,7.624590873718263,7.624590873718263,0
2020-02-20,7.624590873718262,7.624590873718263,7.624590873718263,7.624590873718263,0
2020-02-21,7.624590873718262,7.624590873718263,7.624590873718263,7.624590873718263,0
2020-02-24,7.624590873718262,7.624590873718263,7.624590873718263,7.624590873718263,0
2020-02-25,7.624590873718262,7.624590873718263,7.624590873718263,7.624590873718263,0
2020-02-26,7.624590873718262,7.624590873718263,7.624590873718263,7.624590873718263,0
2020-02-27,7.546933174133301,7.5469331741333,7.5469331741333,7.5469331741333,600
2020-02-28,7.546933174133301,7.5469331741333,7.5469331741333,7.5469331741333,0
2020-03-02,7.546933174133301,7.5469331741333,7.5469331741333,7.5469331741333,0
2020-03-03,7.546933174133301,7.5469331741333,7.5469331741333,7.5469331741333,0
2020-03-04,7.546933174133301,7.5469331741333,7.5469331741333,7.5469331741333,0
2020-03-05,7.546933174133301,7.5469331741333,7.5469331741333,7.5469331741333,0
2020-03-06,7.546933174133301,7.5469331741333,7.5469331741333,7.5469331741333,0
2020-03-09,7.546933174133301,7.5469331741333,7.5469331741333,7.5469331741333,0
2020-03-10,7.546933174133301,7.5469331741333,7.5469331741333,7.5469331741333,0
2020-03-11,7.546933174133301,7.5469331741333,7.5469331741333,7.5469331741333,0
2020-03-12,7.546933174133301,7.5469331741333,7.5469331741333,7.5469331741333,0
2020-03-13,7.546933174133301,7.5469331741333,7.5469331741333,7.5469331741333,0
2020-03-16,7.546933174133301,7.5469331741333,7.5469331741333,7.5469331741333,0
2020-03-17,7.116284370422363,7.116284370422363,7.116284370422363,7.116284370422363,400
2020-03-18,7.417247772216797,7.417247772216797,7.417247772216797,7.417247772216797,0
2020-03-19,7.417247772216797,7.417247772216797,7.417247772216797,7.417247772216797,0
2020-03-20,7.417247772216797,7.417247772216797,7.417247772216797,7.417247772216797,0
2020-03-23,7.417247772216797,7.417247772216797,7.417247772216797,7.417247772216797,0
2020-03-24,7.417247772216797,7.417247772216797,7.417247772216797,7.417247772216797,0
2020-03-25,7.417247772216797,7.417247772216797,7.417247772216797,7.417247772216797,0
2020-03-26,7.417247772216797,7.417247772216797,7.417247772216797,7.417247772216797,0
2020-03-27,7.417247772216797,7.417247772216797,7.417247772216797,7.417247772216797,0
2020-03-30,7.417247772216797,7.417247772216797,7.417247772216797,7.417247772216797,0
2020-03-31,7.417247772216797,7.417247772216797,7.417247772216797,7.417247772216797,0
2020-04-01,7.417247772216797,7.417247772216797,7.417247772216797,7.417247772216797,0
2020-04-02,7.417247772216797,7.417247772216797,7.417247772216797,7.417247772216797,0
2020-04-03,7.417247772216797,7.417247772216797,7.417247772216797,7.417247772216797,0
2020-04-06,7.417247772216797,7.417247772216797,7.417247772216797,7.417247772216797,0
2020-04-07,7.417247772216797,7.417247772216797,7.417247772216797,7.417247772216797,0
2020-04-08,7.417247772216797,7.417247772216797,7.417247772216797,7.417247772216797,0
2020-04-09,7.417247772216797,7.417247772216797,7.417247772216797,7.417247772216797,0
2020-04-13,7.417247772216797,7.417247772216797,7.417247772216797,7.417247772216797,0
2020-04-14,7.417247772216797,7.417247772216797,7.417247772216797,7.417247772216797,0
2020-04-15,7.417247772216797,7.417247772216797,7.417247772216797,7.417247772216797,0
2020-04-16,7.417247772216797,7.417247772216797,7.417247772216797,7.417247772216797,0
2020-04-17,7.417247772216797,7.417247772216797,7.417247772216797,7.417247772216797,0
2020-04-20,7.417247772216797,7.417247772216797,7.417247772216797,7.417247772216797,0
2020-04-21,7.417247772216797,7.417247772216797,7.417247772216797,7.417247772216797,0
2020-04-22,7.417247772216797,7.417247772216797,7.417247772216797,7.417247772216797,0
2020-04-23,7.417247772216797,7.417247772216797,7.417247772216797,7.417247772216797,0
2020-04-24,7.417247772216797,7.417247772216797,7.417247772216797,7.417247772216797,0
2020-04-27,7.417247772216797,7.417247772216797,7.417247772216797,7.417247772216797,0
2020-04-28,7.417247772216797,7.417247772216797,7.417247772216797,7.417247772216797,0
2020-04-29,7.417247772216797,7.417247772216797,7.417247772216797,7.417247772216797,0
2020-04-30,7.417247772216797,7.417247772216797,7.417247772216797,7.417247772216797,0
2020-05-01,7.417247772216797,7.417247772216797,7.417247772216797,7.417247772216797,0
2020-05-04,7.417247772216797,7.417247772216797,7.417247772216797,7.417247772216797,0
2020-05-05,7.417247772216797,7.417247772216797,7.417247772216797,7.417247772216797,0
2020-05-06,7.417247772216797,7.417247772216797,7.417247772216797,7.417247772216797,0
2020-05-07,7.417247772216797,7.417247772216797,7.417247772216797,7.417247772216797,0
2020-05-08,7.417247772216797,7.417247772216797,7.417247772216797,7.417247772216797,0
2020-05-11,7.417247772216797,7.417247772216797,7.417247772216797,7.417247772216797,0
2020-05-12,7.417247772216797,7.417247772216797,7.417247772216797,7.417247772216797,0
2020-05-13,7.417247772216797,7.417247772216797,7.417247772216797,7.417247772216797,0
2020-05-14,7.417247772216797,7.417247772216797,7.417247772216797,7.417247772216797,0
2020-05-15,7.417247772216797,7.417247772216797,7.417247772216797,7.417247772216797,0
2020-05-18,7.417247772216797,7.417247772216797,7.417247772216797,7.417247772216797,0
2020-05-19,7.417247772216797,7.417247772216797,7.417247772216797,7.417247772216797,0
2020-05-20,7.417247772216797,7.417247772216797,7.417247772216797,7.417247772216797,0
2020-05-21,7.417247772216797,7.417247772216797,7.417247772216797,7.417247772216797,0
2020-05-22,7.417247772216797,7.417247772216797,7.417247772216797,7.417247772216797,0
2020-05-26,7.417247772216797,7.417247772216797,7.417247772216797,7.417247772216797,0
2020-05-27,7.417247772216797,7.417247772216797,7.417247772216797,7.417247772216797,0
2020-05-28,7.417247772216797,7.417247772216797,7.417247772216797,7.417247772216797,0
2020-05-29,7.417247772216797,7.417247772216797,7.417247772216797,7.417247772216797,0
2020-06-01,7.417247772216797,7.417247772216797,7.417247772216797,7.417247772216797,0
2020-06-02,7.417247772216797,7.417247772216797,7.417247772216797,7.417247772216797,0
2020-06-03,8.991943359375,8.991943359375,8.991943359375,8.991943359375,3392
2020-06-04,8.991943359375,8.991943359375,8.991943359375,8.991943359375,0
2020-06-05,8.991943359375,8.991943359375,8.991943359375,8.991943359375,0
2020-06-08,8.991943359375,8.991943359375,8.991943359375,8.991943359375,0
2020-06-09,8.991943359375,8.991943359375,8.991943359375,8.991943359375,0
2020-06-10,8.991943359375,8.991943359375,8.991943359375,8.991943359375,0
2020-06-11,8.991943359375,8.991943359375,8.991943359375,8.991943359375,0
2020-06-12,8.991943359375,8.991943359375,8.991943359375,8.991943359375,0
2020-06-15,8.991943359375,8.991943359375,8.991943359375,8.991943359375,0
2020-06-16,10.610787391662598,10.610787391662598,10.610787391662598,10.610787391662598,100
2020-06-17,10.610787391662598,10.610787391662598,10.610787391662598,10.610787391662598,0
2020-06-18,10.610787391662598,10.610787391662598,10.610787391662598,10.610787391662598,0
2020-06-19,10.610787391662598,10.610787391662598,10.610787391662598,10.610787391662598,0
2020-06-22,10.610787391662598,10.610787391662598,10.610787391662598,10.610787391662598,0
2020-06-23,10.610787391662598,10.610787391662598,10.610787391662598,10.610787391662598,0
2020-06-24,10.610787391662598,10.610787391662598,10.610787391662598,10.610787391662598,0
2020-06-25,10.610787391662598,10.610787391662598,10.610787391662598,10.610787391662598,0
2020-06-26,10.610787391662598,10.610787391662598,10.610787391662598,10.610787391662598,0
2020-06-29,10.610787391662598,10.610787391662598,10.610787391662598,10.610787391662598,0
2020-06-30,10.610787391662598,10.610787391662598,10.610787391662598,10.610787391662598,0
2020-07-01,10.610787391662598,10.610787391662598,10.610787391662598,10.610787391662598,0
2020-07-02,10.610787391662598,10.610787391662598,10.610787391662598,10.610787391662598,0
2020-07-06,10.610787391662598,10.610787391662598,10.610787391662598,10.610787391662598,0
2020-07-07,10.610787391662598,10.610787391662598,10.610787391662598,10.610787391662598,0
2020-07-08,10.610787391662598,10.610787391662598,10.610787391662598,10.610787391662598,0
2020-07-09,8.587231636047363,8.587231636047363,8.587231636047363,8.587231636047363,101
2020-07-10,8.587231636047363,8.587231636047363,8.587231636047363,8.587231636047363,0
2020-07-13,8.587231636047363,8.587231636047363,8.587231636047363,8.587231636047363,0
2020-07-14,8.587231636047363,8.587231636047363,8.587231636047363,8.587231636047363,0
2020-07-15,8.086862564086914,8.086862564086914,8.086862564086914,8.086862564086914,2000
2020-07-16,8.086862564086914,8.086862564086914,8.086862564086914,8.086862564086914,0
2020-07-17,8.189879417419434,8.189879417419434,8.189879417419434,8.189879417419434,100
2020-07-20,8.189879417419434,8.189879417419434,8.189879417419434,8.189879417419434,0
2020-07-21,8.189879417419434,8.189879417419434,8.189879417419434,8.189879417419434,0
2020-07-22,8.189879417419434,8.189879417419434,8.189879417419434,8.189879417419434,0
2020-07-23,8.189879417419434,8.189879417419434,8.189879417419434,8.189879417419434,0
2020-07-24,8.189879417419434,8.189879417419434,8.189879417419434,8.189879417419434,0
2020-07-27,8.189879417419434,8.189879417419434,8.189879417419434,8.189879417419434,0
2020-07-28,8.189879417419434,8.189879417419434,8.189879417419434,8.189879417419434,0
2020-07-29,8.189879417419434,8.189879417419434,8.189879417419434,8.189879417419434,0
2020-07-30,8.351763725280762,8.351763725280762,8.351763725280762,8.351763725280762,200
2020-07-31,8.351763725280762,8.351763725280762,8.351763725280762,8.351763725280762,0
2020-08-03,8.351763725280762,8.351763725280762,8.351763725280762,8.351763725280762,0
2020-08-04,8.351763725280762,8.351763725280762,8.351763725280762,8.351763725280762,0
2020-08-05,8.197237014770508,8.197237014770508,8.197237014770508,8.197237014770508,100
2020-08-06,8.307613372802734,8.307613372802734,8.307613372802734,8.307613372802734,101
2020-08-07,8.417988777160645,8.410630928422522,8.417988777160645,8.410630928422522,500
2020-08-10,8.417988777160645,8.417988777160645,8.417988777160645,8.417988777160645,0
2020-08-11,8.417988777160645,8.417988777160645,8.417988777160645,8.417988777160645,0
2020-08-12,7.888186931610107,7.888186931610108,7.888186931610108,7.888186931610108,200
2020-08-13,7.888186931610107,7.888186931610108,7.888186931610108,7.888186931610108,0
2020-08-14,8.278179168701172,8.278179168701172,8.278179168701172,8.278179168701172,100
2020-08-17,8.278179168701172,8.278179168701172,8.278179168701172,8.278179168701172,0
2020-08-18,8.423398971557617,8.423398971557617,8.423398971557617,8.423398971557617,0
2020-08-19,8.423398971557617,8.423398971557617,8.423398971557617,8.423398971557617,0
2020-08-20,8.423398971557617,8.423398971557617,8.423398971557617,8.423398971557617,0
2020-08-21,8.423398971557617,8.423398971557617,8.423398971557617,8.423398971557617,0
2020-08-24,8.423398971557617,8.423398971557617,8.423398971557617,8.423398971557617,0
2020-08-25,8.423398971557617,8.423398971557617,8.423398971557617,8.423398971557617,0
2020-08-26,8.932548522949219,8.782798608960663,8.932548522949219,8.782798608960663,200
2020-08-27,8.932548522949219,8.932548522949219,8.932548522949219,8.932548522949219,0
2020-08-28,8.932548522949219,8.932548522949219,8.932548522949219,8.932548522949219,0
2020-08-31,8.932548522949219,8.932548522949219,8.932548522949219,8.932548522949219,0
2020-09-01,8.932548522949219,8.932548522949219,8.932548522949219,8.932548522949219,0
2020-09-02,8.932548522949219,8.932548522949219,8.932548522949219,8.932548522949219,0
2020-09-03,8.932548522949219,8.932548522949219,8.932548522949219,8.932548522949219,0
2020-09-04,8.932548522949219,8.932548522949219,8.932548522949219,8.932548522949219,0
2020-09-08,8.932548522949219,8.932548522949219,8.932548522949219,8.932548522949219,0
2020-09-09,8.932548522949219,8.932548522949219,8.932548522949219,8.932548522949219,0
2020-09-10,8.932548522949219,8.932548522949219,8.932548522949219,8.932548522949219,0
2020-09-11,8.932548522949219,8.932548522949219,8.932548522949219,8.932548522949219,0
2020-09-14,8.932548522949219,8.932548522949219,8.932548522949219,8.932548522949219,0
2020-09-15,8.932548522949219,8.932548522949219,8.932548522949219,8.932548522949219,0
2020-09-16,8.932548522949219,8.932548522949219,8.932548522949219,8.932548522949219,0
2020-09-17,8.932548522949219,8.932548522949219,8.932548522949219,8.932548522949219,0
2020-09-18,8.932548522949219,8.932548522949219,8.932548522949219,8.932548522949219,0
2020-09-21,8.932548522949219,8.932548522949219,8.932548522949219,8.932548522949219,0
2020-09-22,8.932548522949219,8.932548522949219,8.932548522949219,8.932548522949219,0
2020-09-23,8.932548522949219,8.932548522949219,8.932548522949219,8.932548522949219,0
2020-09-24,8.932548522949219,8.932548522949219,8.932548522949219,8.932548522949219,0
2020-09-25,8.932548522949219,8.932548522949219,8.932548522949219,8.932548522949219,0
2020-09-28,8.932548522949219,8.932548522949219,8.932548522949219,8.932548522949219,0
2020-09-29,8.932548522949219,8.932548522949219,8.932548522949219,8.932548522949219,0
2020-09-30,8.932548522949219,8.932548522949219,8.932548522949219,8.932548522949219,0
2020-10-01,8.932548522949219,8.932548522949219,8.932548522949219,8.932548522949219,0
2020-10-02,8.932548522949219,8.932548522949219,8.932548522949219,8.932548522949219,0
2020-10-05,8.932548522949219,8.932548522949219,8.932548522949219,8.932548522949219,0
2020-10-06,8.932548522949219,8.932548522949219,8.932548522949219,8.932548522949219,0
2020-10-07,8.932548522949219,8.932548522949219,8.932548522949219,8.932548522949219,0
2020-10-08,8.932548522949219,8.932548522949219,8.932548522949219,8.932548522949219,0
2020-10-09,8.932548522949219,8.932548522949219,8.932548522949219,8.932548522949219,0
2020-10-12,8.393449783325195,8.393449783325195,8.393449783325195,8.393449783325195,500
2020-10-13,8.393449783325195,8.393449783325195,8.393449783325195,8.393449783325195,0
2020-10-14,8.393449783325195,8.393449783325195,8.393449783325195,8.393449783325195,0
2020-10-15,8.393449783325195,8.393449783325195,8.393449783325195,8.393449783325195,0
2020-10-16,8.393449783325195,8.393449783325195,8.393449783325195,8.393449783325195,0
2020-10-19,8.393449783325195,8.393449783325195,8.393449783325195,8.393449783325195,0
2020-10-20,8.393449783325195,8.393449783325195,8.393449783325195,8.393449783325195,0
2020-10-21,8.393449783325195,8.393449783325195,8.393449783325195,8.393449783325195,0
2020-10-22,8.393449783325195,8.393449783325195,8.393449783325195,8.393449783325195,0
2020-10-23,8.393449783325195,8.393449783325195,8.393449783325195,8.393449783325195,0
2020-10-26,8.745360374450684,8.745360374450684,8.745360374450684,8.745360374450684,4608
2020-10-27,8.745360374450684,8.745360374450684,8.745360374450684,8.745360374450684,0
2020-10-28,8.745360374450684,8.745360374450684,8.745360374450684,8.745360374450684,0
2020-10-29,8.745360374450684,8.745360374450684,8.745360374450684,8.745360374450684,0
2020-10-30,8.745360374450684,8.745360374450684,8.745360374450684,8.745360374450684,0
2020-11-02,8.745360374450684,8.745360374450684,8.745360374450684,8.745360374450684,0
2020-11-03,8.745360374450684,8.745360374450684,8.745360374450684,8.745360374450684,0
2020-11-04,8.745360374450684,8.745360374450684,8.745360374450684,8.745360374450684,0
2020-11-05,8.745360374450684,8.745360374450684,8.745360374450684,8.745360374450684,0
2020-11-06,8.745360374450684,8.745360374450684,8.745360374450684,8.745360374450684,0
2020-11-09,8.745360374450684,8.745360374450684,8.745360374450684,8.745360374450684,0
2020-11-10,9.052346229553223,9.052346229553223,9.052346229553223,9.052346229553223,100
2020-11-11,9.052346229553223,9.052346229553223,9.052346229553223,9.052346229553223,0
2020-11-12,9.052346229553223,9.052346229553223,9.052346229553223,9.052346229553223,0
2020-11-13,9.052346229553223,9.052346229553223,9.052346229553223,9.052346229553223,0
2020-11-16,9.052346229553223,9.052346229553223,9.052346229553223,9.052346229553223,0
2020-11-17,9.052346229553223,9.052346229553223,9.052346229553223,9.052346229553223,0
2020-11-18,9.052346229553223,9.052346229553223,9.052346229553223,9.052346229553223,0
2020-11-19,9.052346229553223,9.052346229553223,9.052346229553223,9.052346229553223,0
2020-11-20,9.052346229553223,9.052346229553223,9.052346229553223,9.052346229553223,0
2020-11-23,9.052346229553223,9.052346229553223,9.052346229553223,9.052346229553223,0
2020-11-24,9.052346229553223,9.052346229553223,9.052346229553223,9.052346229553223,0
2020-11-25,9.052346229553223,9.052346229553223,9.052346229553223,9.052346229553223,0
2020-11-27,9.052346229553223,9.052346229553223,9.052346229553223,9.052346229553223,0
2020-11-30,9.052346229553223,9.052346229553223,9.052346229553223,9.052346229553223,0
2020-12-01,9.052346229553223,9.052346229553223,9.052346229553223,9.052346229553223,0
2020-12-02,9.052346229553223,9.052346229553223,9.052346229553223,9.052346229553223,0
2020-12-03,9.052346229553223,9.052346229553223,9.052346229553223,9.052346229553223,0
2020-12-04,9.052346229553223,9.052346229553223,9.052346229553223,9.052346229553223,0
2020-12-07,9.052346229553223,9.052346229553223,9.052346229553223,9.052346229553223,0
2020-12-08,9.052346229553223,9.052346229553223,9.052346229553223,9.052346229553223,0
2020-12-09,9.052346229553223,9.052346229553223,9.052346229553223,9.052346229553223,0
2020-12-10,9.052346229553223,9.052346229553223,9.052346229553223,9.052346229553223,0
2020-12-11,9.052346229553223,9.052346229553223,9.052346229553223,9.052346229553223,0
2020-12-14,9.052346229553223,9.052346229553223,9.052346229553223,9.052346229553223,0
2020-12-15,9.052346229553223,9.052346229553223,9.052346229553223,9.052346229553223,0
2020-12-16,9.052346229553223,9.052346229553223,9.052346229553223,9.052346229553223,0
2020-12-17,9.052346229553223,9.052346229553223,9.052346229553223,9.052346229553223,0
2020-12-18,9.052346229553223,9.052346229553223,9.052346229553223,9.052346229553223,0
2020-12-21,9.052346229553223,9.052346229553223,9.052346229553223,9.052346229553223,0
2020-12-22,9.052346229553223,9.052346229553223,9.052346229553223,9.052346229553223,0
2020-12-23,9.052346229553223,9.052346229553223,9.052346229553223,9.052346229553223,0
2020-12-24,9.052346229553223,9.052346229553223,9.052346229553223,9.052346229553223,0
2020-12-28,9.119733810424805,9.119733810424805,9.119733810424805,9.119733810424805,200
2020-12-29,9.119733810424805,9.119733810424805,9.119733810424805,9.119733810424805,0
2020-12-30,9.119733810424805,9.119733810424805,9.119733810424805,9.119733810424805,0
2020-12-31,9.119733810424805,9.119733810424805,9.119733810424805,9.119733810424805,0
2021-01-04,9.119733810424805,9.119733810424805,9.119733810424805,9.119733810424805,0
2021-01-05,9.119733810424805,9.119733810424805,9.119733810424805,9.119733810424805,0
2021-01-06,9.119733810424805,9.119733810424805,9.119733810424805,9.119733810424805,0
2021-01-07,9.119733810424805,9.119733810424805,9.119733810424805,9.119733810424805,0
2021-01-08,9.119733810424805,9.119733810424805,9.119733810424805,9.119733810424805,0
2021-01-11,9.119733810424805,9.119733810424805,9.119733810424805,9.119733810424805,0
2021-01-12,9.119733810424805,9.119733810424805,9.119733810424805,9.119733810424805,0
2021-01-13,9.119733810424805,9.119733810424805,9.119733810424805,9.119733810424805,0
2021-01-14,9.119733810424805,9.119733810424805,9.119733810424805,9.119733810424805,0
2021-01-15,9.119733810424805,9.119733810424805,9.119733810424805,9.119733810424805,0
2021-01-19,9.119733810424805,9.119733810424805,9.119733810424805,9.119733810424805,0
2021-01-20,9.119733810424805,9.119733810424805,9.119733810424805,9.119733810424805,0
2021-01-21,9.119733810424805,9.119733810424805,9.119733810424805,9.119733810424805,0
2021-01-22,9.119733810424805,9.119733810424805,9.119733810424805,9.119733810424805,0
2021-01-25,9.119733810424805,9.119733810424805,9.119733810424805,9.119733810424805,0
2021-01-26,9.119733810424805,9.119733810424805,9.119733810424805,9.119733810424805,0
2021-01-27,9.119733810424805,9.119733810424805,9.119733810424805,9.119733810424805,0
2021-01-28,9.119733810424805,9.119733810424805,9.119733810424805,9.119733810424805,0
2021-01-29,9.119733810424805,9.119733810424805,9.119733810424805,9.119733810424805,0
2021-02-01,9.119733810424805,9.119733810424805,9.119733810424805,9.119733810424805,0
2021-02-02,9.059835433959961,9.059835433959961,9.059835433959961,9.059835433959961,300
2021-02-03,9.059835433959961,9.059835433959961,9.059835433959961,9.059835433959961,0
2021-02-04,9.059835433959961,9.059835433959961,9.059835433959961,9.059835433959961,0
2021-02-05,9.059835433959961,9.059835433959961,9.059835433959961,9.059835433959961,0
2021-02-08,9.059835433959961,9.059835433959961,9.059835433959961,9.059835433959961,0
2021-02-09,7.697114944458008,7.697114944458008,7.697114944458008,7.697114944458008,100
2021-02-10,7.697114944458008,7.697114944458008,7.697114944458008,7.697114944458008,0
2021-02-11,7.697114944458008,7.697114944458008,7.697114944458008,7.697114944458008,0
2021-02-12,7.697114944458008,7.697114944458008,7.697114944458008,7.697114944458008,0
2021-02-16,7.697114944458008,7.697114944458008,7.697114944458008,7.697114944458008,0
2021-02-17,7.697114944458008,7.697114944458008,7.697114944458008,7.697114944458008,0
2021-02-18,7.697114944458008,7.697114944458008,7.697114944458008,7.697114944458008,0
2021-02-19,7.697114944458008,7.697114944458008,7.697114944458008,7.697114944458008,0
2021-02-22,7.697114944458008,7.697114944458008,7.697114944458008,7.697114944458008,0
2021-02-23,7.697114944458008,7.697114944458008,7.697114944458008,7.697114944458008,0
2021-02-24,7.697114944458008,7.697114944458008,7.697114944458008,7.697114944458008,0
2021-02-25,7.697114944458008,7.697114944458008,7.697114944458008,7.697114944458008,0
2021-02-26,7.697114944458008,7.697114944458008,7.697114944458008,7.697114944458008,0
2021-03-01,7.697114944458008,7.697114944458008,7.697114944458008,7.697114944458008,0
2021-03-02,7.697114944458008,7.697114944458008,7.697114944458008,7.697114944458008,0
2021-03-03,7.697114944458008,7.697114944458008,7.697114944458008,7.697114944458008,0
2021-03-04,7.697114944458008,7.697114944458008,7.697114944458008,7.697114944458008,0
2021-03-05,7.697114944458008,7.697114944458008,7.697114944458008,7.697114944458008,0
2021-03-08,7.697114944458008,7.697114944458008,7.697114944458008,7.697114944458008,0
2021-03-09,7.697114944458008,7.697114944458008,7.697114944458008,7.697114944458008,0
2021-03-10,7.697114944458008,7.697114944458008,7.697114944458008,7.697114944458008,0
2021-03-11,7.697114944458008,7.697114944458008,7.697114944458008,7.697114944458008,0
2021-03-12,8.116413116455078,8.116413116455078,8.116413116455078,8.116413116455078,200
2021-03-15,8.116413116455078,8.116413116455078,8.116413116455078,8.116413116455078,0
2021-03-16,8.116413116455078,8.116413116455078,8.116413116455078,8.116413116455078,0
2021-03-17,8.116413116455078,8.116413116455078,8.116413116455078,8.116413116455078,0
2021-03-18,8.116413116455078,8.116413116455078,8.116413116455078,8.116413116455078,0
2021-03-19,8.116413116455078,8.116413116455078,8.116413116455078,8.116413116455078,0
2021-03-22,8.116413116455078,8.116413116455078,8.116413116455078,8.116413116455078,0
2021-03-23,7.734552383422852,7.734552383422852,7.734552383422852,7.734552383422852,300
2021-03-24,7.734552383422852,7.734552383422852,7.734552383422852,7.734552383422852,0
2021-03-25,7.734552383422852,7.734552383422852,7.734552383422852,7.734552383422852,0
2021-03-26,7.984311580657959,7.984311580657959,7.984311580657959,7.984311580657959,0
2021-03-29,7.984311580657959,7.984311580657959,7.984311580657959,7.984311580657959,0
2021-03-30,7.984311580657959,7.984311580657959,7.984311580657959,7.984311580657959,0
2021-03-31,7.984311580657959,7.984311580657959,7.984311580657959,7.984311580657959,0
2021-04-01,7.984311580657959,7.984311580657959,7.984311580657959,7.984311580657959,0
2021-04-05,7.984311580657959,7.984311580657959,7.984311580657959,7.984311580657959,0
2021-04-06,7.984311580657959,7.984311580657959,7.984311580657959,7.984311580657959,0
2021-04-07,7.984311580657959,7.984311580657959,7.984311580657959,7.984311580657959,0
2021-04-08,7.984311580657959,7.984311580657959,7.984311580657959,7.984311580657959,0
2021-04-09,7.984311580657959,7.984311580657959,7.984311580657959,7.984311580657959,0
2021-04-12,7.984311580657959,7.984311580657959,7.984311580657959,7.984311580657959,0
2021-04-13,7.984311580657959,7.984311580657959,7.984311580657959,7.984311580657959,0
2021-04-14,7.984311580657959,7.984311580657959,7.984311580657959,7.984311580657959,0
2021-04-15,7.984311580657959,7.984311580657959,7.984311580657959,7.984311580657959,0
2021-04-16,7.984311580657959,7.984311580657959,7.984311580657959,7.984311580657959,0
2021-04-19,7.984311580657959,7.984311580657959,7.984311580657959,7.984311580657959,0
2021-04-20,7.984311580657959,7.984311580657959,7.984311580657959,7.984311580657959,0
2021-04-21,7.984311580657959,7.984311580657959,7.984311580657959,7.984311580657959,0
2021-04-22,7.984311580657959,7.984311580657959,7.984311580657959,7.984311580657959,0
2021-04-23,7.984311580657959,7.984311580657959,7.984311580657959,7.984311580657959,0
2021-04-26,7.984311580657959,7.984311580657959,7.984311580657959,7.984311580657959,0
2021-04-27,7.984311580657959,7.984311580657959,7.984311580657959,7.984311580657959,0
2021-04-28,7.984311580657959,7.984311580657959,7.984311580657959,7.984311580657959,0
2021-04-29,7.984311580657959,7.984311580657959,7.984311580657959,7.984311580657959,0
2021-04-30,7.984311580657959,7.984311580657959,7.984311580657959,7.984311580657959,0
2021-05-03,7.984311580657959,7.984311580657959,7.984311580657959,7.984311580657959,0
2021-05-04,7.984311580657959,7.984311580657959,7.984311580657959,7.984311580657959,0
2021-05-05,7.984311580657959,7.984311580657959,7.984311580657959,7.984311580657959,0
2021-05-06,8.737914085388184,9.03548953862898,9.03548953862898,8.737914085388184,200
2021-05-07,8.656757354736328,8.656757354736328,8.656757354736328,8.656757354736328,960
2021-05-10,8.656757354736328,8.656757354736328,8.656757354736328,8.656757354736328,0
2021-05-11,8.656757354736328,8.656757354736328,8.656757354736328,8.656757354736328,0
2021-05-12,8.656757354736328,8.656757354736328,8.656757354736328,8.656757354736328,0
2021-05-13,8.656757354736328,8.656757354736328,8.656757354736328,8.656757354736328,0
2021-05-14,8.656757354736328,8.656757354736328,8.656757354736328,8.656757354736328,0
2021-05-17,8.656757354736328,8.656757354736328,8.656757354736328,8.656757354736328,0
2021-05-18,8.656757354736328,8.656757354736328,8.656757354736328,8.656757354736328,0
2021-05-19,8.656757354736328,8.656757354736328,8.656757354736328,8.656757354736328,0
2021-05-20,8.656757354736328,8.656757354736328,8.656757354736328,8.656757354736328,0
2021-05-21,8.656757354736328,8.656757354736328,8.656757354736328,8.656757354736328,0
2021-05-24,8.656757354736328,8.656757354736328,8.656757354736328,8.656757354736328,0
2021-05-25,8.656757354736328,8.656757354736328,8.656757354736328,8.656757354736328,0
2021-05-26,8.656757354736328,8.656757354736328,8.656757354736328,8.656757354736328,0
2021-05-27,8.656757354736328,8.656757354736328,8.656757354736328,8.656757354736328,0
2021-05-28,8.656757354736328,8.656757354736328,8.656757354736328,8.656757354736328,0
2021-06-01,8.656757354736328,8.656757354736328,8.656757354736328,8.656757354736328,0
2021-06-02,8.656757354736328,8.656757354736328,8.656757354736328,8.656757354736328,0
2021-06-03,8.656757354736328,8.656757354736328,8.656757354736328,8.656757354736328,0
2021-06-04,8.656757354736328,8.656757354736328,8.656757354736328,8.656757354736328,0
2021-06-07,8.656757354736328,8.656757354736328,8.656757354736328,8.656757354736328,0
2021-06-08,8.656757354736328,8.656757354736328,8.656757354736328,8.656757354736328,0
2021-06-09,8.656757354736328,8.656757354736328,8.656757354736328,8.656757354736328,0
2021-06-10,8.656757354736328,8.656757354736328,8.656757354736328,8.656757354736328,0
2021-06-11,8.656757354736328,8.656757354736328,8.656757354736328,8.656757354736328,0
2021-06-14,8.656757354736328,8.656757354736328,8.656757354736328,8.656757354736328,0
2021-06-15,8.656757354736328,8.656757354736328,8.656757354736328,8.656757354736328,0
2021-06-16,8.656757354736328,8.656757354736328,8.656757354736328,8.656757354736328,0
2021-06-17,8.656757354736328,8.656757354736328,8.656757354736328,8.656757354736328,0
2021-06-18,8.656757354736328,8.656757354736328,8.656757354736328,8.656757354736328,0
2021-06-21,8.656757354736328,8.656757354736328,8.656757354736328,8.656757354736328,0
2021-06-22,8.656757354736328,8.656757354736328,8.656757354736328,8.656757354736328,0
2021-06-23,8.656757354736328,8.656757354736328,8.656757354736328,8.656757354736328,0
2021-06-24,8.656757354736328,8.656757354736328,8.656757354736328,8.656757354736328,0
2021-06-25,8.656757354736328,8.656757354736328,8.656757354736328,8.656757354736328,0
2021-06-28,8.656757354736328,8.656757354736328,8.656757354736328,8.656757354736328,0
2021-06-29,8.656757354736328,8.656757354736328,8.656757354736328,8.656757354736328,0
2021-06-30,8.656757354736328,8.656757354736328,8.656757354736328,8.656757354736328,0
2021-07-01,8.656757354736328,8.656757354736328,8.656757354736328,8.656757354736328,0
2021-07-02,8.656757354736328,8.656757354736328,8.656757354736328,8.656757354736328,0
2021-07-06,8.656757354736328,8.656757354736328,8.656757354736328,8.656757354736328,0
2021-07-07,8.656757354736328,8.656757354736328,8.656757354736328,8.656757354736328,0
2021-07-08,8.656757354736328,8.656757354736328,8.656757354736328,8.656757354736328,0
2021-07-09,8.656757354736328,8.656757354736328,8.656757354736328,8.656757354736328,0
2021-07-12,8.656757354736328,8.656757354736328,8.656757354736328,8.656757354736328,0
2021-07-13,8.656757354736328,8.656757354736328,8.656757354736328,8.656757354736328,0
2021-07-14,8.656757354736328,8.656757354736328,8.656757354736328,8.656757354736328,0
2021-07-15,8.656757354736328,8.656757354736328,8.656757354736328,8.656757354736328,0
2021-07-16,8.656757354736328,8.656757354736328,8.656757354736328,8.656757354736328,0
2021-07-19,8.656757354736328,8.656757354736328,8.656757354736328,8.656757354736328,0
2021-07-20,8.656757354736328,8.656757354736328,8.656757354736328,8.656757354736328,0
2021-07-21,8.656757354736328,8.656757354736328,8.656757354736328,8.656757354736328,0
2021-07-22,8.656757354736328,8.656757354736328,8.656757354736328,8.656757354736328,0
2021-07-23,8.656757354736328,8.656757354736328,8.656757354736328,8.656757354736328,0
2021-07-26,8.656757354736328,8.656757354736328,8.656757354736328,8.656757354736328,0
2021-07-27,8.656757354736328,8.656757354736328,8.656757354736328,8.656757354736328,0
2021-07-28,8.656757354736328,8.656757354736328,8.656757354736328,8.656757354736328,0
2021-07-29,8.656757354736328,8.656757354736328,8.656757354736328,8.656757354736328,0
2021-07-30,8.656757354736328,8.656757354736328,8.656757354736328,8.656757354736328,0
2021-08-02,8.656757354736328,8.656757354736328,8.656757354736328,8.656757354736328,0
2021-08-03,8.656757354736328,8.656757354736328,8.656757354736328,8.656757354736328,0
2021-08-04,8.656757354736328,8.656757354736328,8.656757354736328,8.656757354736328,0
2021-08-05,8.656757354736328,8.656757354736328,8.656757354736328,8.656757354736328,0
2021-08-06,8.656757354736328,8.656757354736328,8.656757354736328,8.656757354736328,0
2021-08-09,8.656757354736328,8.656757354736328,8.656757354736328,8.656757354736328,0
2021-08-10,8.656757354736328,8.656757354736328,8.656757354736328,8.656757354736328,0
2021-08-11,8.656757354736328,8.656757354736328,8.656757354736328,8.656757354736328,0
2021-08-12,8.366909980773926,8.366909980773926,8.366909980773926,8.366909980773926,100
2021-08-13,8.649027824401855,8.649027824401855,8.649027824401855,8.649027824401855,1000
2021-08-16,8.649027824401855,8.649027824401855,8.649027824401855,8.649027824401855,0
2021-08-17,8.649027824401855,8.649027824401855,8.649027824401855,8.649027824401855,0
2021-08-18,8.649027824401855,8.649027824401855,8.649027824401855,8.649027824401855,0
2021-08-19,8.659077644348145,8.659077644348145,8.659077644348145,8.659077644348145,1000
2021-08-20,8.659077644348145,8.659077644348145,8.659077644348145,8.659077644348145,0
2021-08-23,8.659077644348145,8.659077644348145,8.659077644348145,8.659077644348145,0
2021-08-24,8.659077644348145,8.659077644348145,8.659077644348145,8.659077644348145,0
2021-08-25,8.659077644348145,8.659077644348145,8.659077644348145,8.659077644348145,0
2021-08-26,8.659077644348145,8.659077644348145,8.659077644348145,8.659077644348145,0
2021-08-27,8.659077644348145,8.659077644348145,8.659077644348145,8.659077644348145,0
2021-08-30,8.659077644348145,8.659077644348145,8.659077644348145,8.659077644348145,0
2021-08-31,8.659077644348145,8.659077644348145,8.659077644348145,8.659077644348145,0
2021-09-01,8.659077644348145,8.659077644348145,8.659077644348145,8.659077644348145,0
2021-09-02,8.659077644348145,8.659077644348145,8.659077644348145,8.659077644348145,0
2021-09-03,8.659077644348145,8.659077644348145,8.659077644348145,8.659077644348145,0
2021-09-07,8.659077644348145,8.659077644348145,8.659077644348145,8.659077644348145,0
2021-09-08,8.659077644348145,8.659077644348145,8.659077644348145,8.659077644348145,0
2021-09-09,8.659077644348145,8.659077644348145,8.659077644348145,8.659077644348145,0
2021-09-10,8.659077644348145,8.659077644348145,8.659077644348145,8.659077644348145,0
2021-09-13,8.659077644348145,8.659077644348145,8.659077644348145,8.659077644348145,0
2021-09-14,8.659077644348145,8.659077644348145,8.659077644348145,8.659077644348145,0
2021-09-15,8.659077644348145,8.659077644348145,8.659077644348145,8.659077644348145,0
2021-09-16,8.950338363647461,8.950338363647461,8.950338363647461,8.950338363647461,880
2021-09-17,8.950338363647461,8.950338363647461,8.950338363647461,8.950338363647461,0
2021-09-20,8.950338363647461,8.950338363647461,8.950338363647461,8.950338363647461,0
2021-09-21,8.942466735839844,8.942466735839844,8.942466735839844,8.942466735839844,970
2021-09-22,8.942466735839844,8.942466735839844,8.942466735839844,8.942466735839844,0
2021-09-23,8.942466735839844,8.942466735839844,8.942466735839844,8.942466735839844,0
2021-09-24,8.942466735839844,8.942466735839844,8.942466735839844,8.942466735839844,0
2021-09-27,8.942466735839844,8.942466735839844,8.942466735839844,8.942466735839844,0
2021-09-28,8.942466735839844,8.942466735839844,8.942466735839844,8.942466735839844,0
2021-09-29,8.942466735839844,8.942466735839844,8.942466735839844,8.942466735839844,0
2021-09-30,8.942466735839844,8.942466735839844,8.942466735839844,8.942466735839844,0
2021-10-01,8.942466735839844,8.942466735839844,8.942466735839844,8.942466735839844,0
2021-10-04,8.942466735839844,8.942466735839844,8.942466735839844,8.942466735839844,0
2021-10-05,8.942466735839844,8.942466735839844,8.942466735839844,8.942466735839844,0
2021-10-06,8.942466735839844,8.942466735839844,8.942466735839844,8.942466735839844,0
2021-10-07,8.942466735839844,8.942466735839844,8.942466735839844,8.942466735839844,0
2021-10-08,8.942466735839844,8.942466735839844,8.942466735839844,8.942466735839844,0
2021-10-11,8.942466735839844,8.942466735839844,8.942466735839844,8.942466735839844,0
2021-10-12,8.942466735839844,8.942466735839844,8.942466735839844,8.942466735839844,0
2021-10-13,8.942466735839844,8.942466735839844,8.942466735839844,8.942466735839844,0
2021-10-14,8.942466735839844,8.942466735839844,8.942466735839844,8.942466735839844,0
2021-10-15,8.942466735839844,8.942466735839844,8.942466735839844,8.942466735839844,0
2021-10-18,8.942466735839844,8.942466735839844,8.942466735839844,8.942466735839844,0
2021-10-19,8.942466735839844,8.942466735839844,8.942466735839844,8.942466735839844,0
2021-10-20,8.942466735839844,8.942466735839844,8.942466735839844,8.942466735839844,0
2021-10-21,8.942466735839844,8.942466735839844,8.942466735839844,8.942466735839844,0
2021-10-22,8.942466735839844,8.942466735839844,8.942466735839844,8.942466735839844,0
2021-10-25,8.942466735839844,8.942466735839844,8.942466735839844,8.942466735839844,0
2021-10-26,8.942466735839844,8.942466735839844,8.942466735839844,8.942466735839844,0
2021-10-27,8.942466735839844,8.942466735839844,8.942466735839844,8.942466735839844,0
2021-10-28,8.942466735839844,8.942466735839844,8.942466735839844,8.942466735839844,0
2021-10-29,8.942466735839844,8.942466735839844,8.942466735839844,8.942466735839844,0
2021-11-01,8.942466735839844,8.942466735839844,8.942466735839844,8.942466735839844,0
2021-11-02,8.942466735839844,8.942466735839844,8.942466735839844,8.942466735839844,0
2021-11-03,8.942466735839844,8.942466735839844,8.942466735839844,8.942466735839844,0
2021-11-04,8.942466735839844,8.942466735839844,8.942466735839844,8.942466735839844,0
2021-11-05,8.942466735839844,8.942466735839844,8.942466735839844,8.942466735839844,0
2021-11-08,8.942466735839844,8.942466735839844,8.942466735839844,8.942466735839844,0
2021-11-09,8.942466735839844,8.942466735839844,8.942466735839844,8.942466735839844,0
2021-11-10,8.942466735839844,8.942466735839844,8.942466735839844,8.942466735839844,0
2021-11-11,8.942466735839844,8.942466735839844,8.942466735839844,8.942466735839844,0
2021-11-12,8.942466735839844,8.942466735839844,8.942466735839844,8.942466735839844,0
2021-11-15,8.942466735839844,8.942466735839844,8.942466735839844,8.942466735839844,0
2021-11-16,8.942466735839844,8.942466735839844,8.942466735839844,8.942466735839844,0
2021-11-17,8.942466735839844,8.942466735839844,8.942466735839844,8.942466735839844,0
2021-11-18,8.942466735839844,8.942466735839844,8.942466735839844,8.942466735839844,0
2021-11-19,8.942466735839844,8.942466735839844,8.942466735839844,8.942466735839844,0
2021-11-22,8.942466735839844,8.942466735839844,8.942466735839844,8.942466735839844,0
2021-11-23,8.942466735839844,8.942466735839844,8.942466735839844,8.942466735839844,0
2021-11-24,8.942466735839844,8.942466735839844,8.942466735839844,8.942466735839844,0
2021-11-26,8.942466735839844,8.942466735839844,8.942466735839844,8.942466735839844,0
2021-11-29,8.942466735839844,8.942466735839844,8.942466735839844,8.942466735839844,0
2021-11-30,8.942466735839844,8.942466735839844,8.942466735839844,8.942466735839844,0
2021-12-01,8.942466735839844,8.942466735839844,8.942466735839844,8.942466735839844,0
2021-12-02,8.942466735839844,8.942466735839844,8.942466735839844,8.942466735839844,0
2021-12-03,8.942466735839844,8.942466735839844,8.942466735839844,8.942466735839844,0
2021-12-06,8.942466735839844,8.942466735839844,8.942466735839844,8.942466735839844,0
2021-12-07,8.942466735839844,8.942466735839844,8.942466735839844,8.942466735839844,0
2021-12-08,8.942466735839844,8.942466735839844,8.942466735839844,8.942466735839844,0
2021-12-09,8.942466735839844,8.942466735839844,8.942466735839844,8.942466735839844,0
2021-12-10,8.942466735839844,8.942466735839844,8.942466735839844,8.942466735839844,0
2021-12-13,8.942466735839844,8.942466735839844,8.942466735839844,8.942466735839844,0
2021-12-14,8.942466735839844,8.942466735839844,8.942466735839844,8.942466735839844,0
2021-12-15,8.942466735839844,8.942466735839844,8.942466735839844,8.942466735839844,0
2021-12-16,8.942466735839844,8.942466735839844,8.942466735839844,8.942466735839844,0
2021-12-17,8.942466735839844,8.942466735839844,8.942466735839844,8.942466735839844,0
2021-12-20,8.942466735839844,8.942466735839844,8.942466735839844,8.942466735839844,0
2021-12-21,8.942466735839844,8.942466735839844,8.942466735839844,8.942466735839844,0
2021-12-22,8.942466735839844,8.942466735839844,8.942466735839844,8.942466735839844,0
2021-12-23,8.942466735839844,8.942466735839844,8.942466735839844,8.942466735839844,0
2021-12-27,8.942466735839844,8.942466735839844,8.942466735839844,8.942466735839844,0
2021-12-28,8.942466735839844,8.942466735839844,8.942466735839844,8.942466735839844,0
2021-12-29,8.942466735839844,8.942466735839844,8.942466735839844,8.942466735839844,0
2021-12-30,8.942466735839844,8.942466735839844,8.942466735839844,8.942466735839844,0
2021-12-31,8.942466735839844,8.942466735839844,8.942466735839844,8.942466735839844,0
2022-01-03,8.942466735839844,8.942466735839844,8.942466735839844,8.942466735839844,0
2022-01-04,8.942466735839844,8.942466735839844,8.942466735839844,8.942466735839844,0
2022-01-05,8.942466735839844,8.942466735839844,8.942466735839844,8.942466735839844,0
2022-01-06,8.942466735839844,8.942466735839844,8.942466735839844,8.942466735839844,0
2022-01-07,8.942466735839844,8.942466735839844,8.942466735839844,8.942466735839844,0
2022-01-10,8.942466735839844,8.942466735839844,8.942466735839844,8.942466735839844,0
2022-01-11,8.942466735839844,8.942466735839844,8.942466735839844,8.942466735839844,0
2022-01-12,8.942466735839844,8.942466735839844,8.942466735839844,8.942466735839844,0
2022-01-13,8.942466735839844,8.942466735839844,8.942466735839844,8.942466735839844,0
2022-01-14,8.942466735839844,8.942466735839844,8.942466735839844,8.942466735839844,0
2022-01-18,8.942466735839844,8.942466735839844,8.942466735839844,8.942466735839844,0
2022-01-19,8.942466735839844,8.942466735839844,8.942466735839844,8.942466735839844,0
2022-01-20,8.942466735839844,8.942466735839844,8.942466735839844,8.942466735839844,0
2022-01-21,8.942466735839844,8.942466735839844,8.942466735839844,8.942466735839844,0
2022-01-24,8.942466735839844,8.942466735839844,8.942466735839844,8.942466735839844,0
2022-01-25,8.942466735839844,8.942466735839844,8.942466735839844,8.942466735839844,0
2022-01-26,10.28069019317627,10.28069019317627,10.28069019317627,10.28069019317627,310
2022-01-27,10.28069019317627,10.28069019317627,10.28069019317627,10.28069019317627,0
2022-01-28,10.28069019317627,10.28069019317627,10.28069019317627,10.28069019317627,0
2022-01-31,10.28069019317627,10.28069019317627,10.28069019317627,10.28069019317627,0
2022-02-01,10.28069019317627,10.28069019317627,10.28069019317627,10.28069019317627,0
2022-02-02,10.28069019317627,10.28069019317627,10.28069019317627,10.28069019317627,0
2022-02-03,10.28069019317627,10.28069019317627,10.28069019317627,10.28069019317627,0
2022-02-04,10.28069019317627,10.28069019317627,10.28069019317627,10.28069019317627,0
2022-02-07,10.28069019317627,10.28069019317627,10.28069019317627,10.28069019317627,0
2022-02-08,10.28069019317627,10.28069019317627,10.28069019317627,10.28069019317627,0
2022-02-09,10.28069019317627,10.28069019317627,10.28069019317627,10.28069019317627,0
2022-02-10,10.28069019317627,10.28069019317627,10.28069019317627,10.28069019317627,0
2022-02-11,10.28069019317627,10.28069019317627,10.28069019317627,10.28069019317627,0
2022-02-14,10.28069019317627,10.28069019317627,10.28069019317627,10.28069019317627,0
2022-02-15,11.34339427947998,11.34339427947998,11.34339427947998,11.34339427947998,276
2022-02-16,11.34339427947998,11.34339427947998,11.34339427947998,11.34339427947998,0
2022-02-17,11.34339427947998,11.34339427947998,11.34339427947998,11.34339427947998,0
2022-02-18,11.34339427947998,11.34339427947998,11.34339427947998,11.34339427947998,0
2022-02-22,11.34339427947998,11.34339427947998,11.34339427947998,11.34339427947998,0
2022-02-23,11.34339427947998,11.34339427947998,11.34339427947998,11.34339427947998,0
2022-02-24,11.34339427947998,11.34339427947998,11.34339427947998,11.34339427947998,0
2022-02-25,11.34339427947998,11.34339427947998,11.34339427947998,11.34339427947998,0
2022-02-28,11.34339427947998,11.34339427947998,11.34339427947998,11.34339427947998,0
2022-03-01,11.34339427947998,11.34339427947998,11.34339427947998,11.34339427947998,0
2022-03-02,11.34339427947998,11.34339427947998,11.34339427947998,11.34339427947998,0
2022-03-03,11.34339427947998,11.34339427947998,11.34339427947998,11.34339427947998,0
2022-03-04,11.34339427947998,11.34339427947998,11.34339427947998,11.34339427947998,0
2022-03-07,11.34339427947998,11.34339427947998,11.34339427947998,11.34339427947998,0
2022-03-08,11.34339427947998,11.34339427947998,11.34339427947998,11.34339427947998,0
2022-03-09,11.34339427947998,11.34339427947998,11.34339427947998,11.34339427947998,0
2022-03-10,11.34339427947998,11.34339427947998,11.34339427947998,11.34339427947998,0
2022-03-11,11.34339427947998,11.34339427947998,11.34339427947998,11.34339427947998,0
2022-03-14,11.34339427947998,11.34339427947998,11.34339427947998,11.34339427947998,0
2022-03-15,11.34339427947998,11.34339427947998,11.34339427947998,11.34339427947998,0
2022-03-16,11.34339427947998,11.34339427947998,11.34339427947998,11.34339427947998,0
2022-03-17,11.34339427947998,11.34339427947998,11.34339427947998,11.34339427947998,0
2022-03-18,11.34339427947998,11.34339427947998,11.34339427947998,11.34339427947998,0
2022-03-21,11.34339427947998,11.34339427947998,11.34339427947998,11.34339427947998,0
2022-03-22,11.34339427947998,11.34339427947998,11.34339427947998,11.34339427947998,0
2022-03-23,11.34339427947998,11.34339427947998,11.34339427947998,11.34339427947998,0
2022-03-24,11.34339427947998,11.34339427947998,11.34339427947998,11.34339427947998,0
2022-03-25,11.34339427947998,11.34339427947998,11.34339427947998,11.34339427947998,0
2022-03-28,11.659408569335938,11.659408569335938,11.659408569335938,11.659408569335938,0
2022-03-29,11.659408569335938,11.659408569335938,11.659408569335938,11.659408569335938,0
2022-03-30,11.659408569335938,11.659408569335938,11.659408569335938,11.659408569335938,0
2022-03-31,11.659408569335938,11.659408569335938,11.659408569335938,11.659408569335938,0
2022-04-01,11.659408569335938,11.659408569335938,11.659408569335938,11.659408569335938,0
2022-04-04,11.659408569335938,11.659408569335938,11.659408569335938,11.659408569335938,0
2022-04-05,11.659408569335938,11.659408569335938,11.659408569335938,11.659408569335938,0
2022-04-06,11.659408569335938,11.659408569335938,11.659408569335938,11.659408569335938,0
2022-04-07,11.659408569335938,11.659408569335938,11.659408569335938,11.659408569335938,0
2022-04-08,11.659408569335938,11.659408569335938,11.659408569335938,11.659408569335938,0
2022-04-11,11.659408569335938,11.659408569335938,11.659408569335938,11.659408569335938,0
2022-04-12,11.659408569335938,11.659408569335938,11.659408569335938,11.659408569335938,0
2022-04-13,11.659408569335938,11.659408569335938,11.659408569335938,11.659408569335938,0
2022-04-14,11.659408569335938,11.659408569335938,11.659408569335938,11.659408569335938,0
2022-04-18,11.659408569335938,11.659408569335938,11.659408569335938,11.659408569335938,0
2022-04-19,11.659408569335938,11.659408569335938,11.659408569335938,11.659408569335938,0
2022-04-20,11.659408569335938,11.659408569335938,11.659408569335938,11.659408569335938,0
2022-04-21,11.659408569335938,11.659408569335938,11.659408569335938,11.659408569335938,0
2022-04-22,11.659408569335938,11.659408569335938,11.659408569335938,11.659408569335938,0
2022-04-25,11.659408569335938,11.659408569335938,11.659408569335938,11.659408569335938,0
2022-04-26,11.659408569335938,11.659408569335938,11.659408569335938,11.659408569335938,0
2022-04-27,10.429547309875488,10.429547309875488,10.429547309875488,10.429547309875488,100
2022-04-28,10.429547309875488,10.429547309875488,10.429547309875488,10.429547309875488,0
2022-04-29,10.429547309875488,10.429547309875488,10.429547309875488,10.429547309875488,0
2022-05-02,10.429547309875488,10.429547309875488,10.429547309875488,10.429547309875488,0
2022-05-03,10.429547309875488,10.429547309875488,10.429547309875488,10.429547309875488,0
2022-05-04,10.429547309875488,10.429547309875488,10.429547309875488,10.429547309875488,0
2022-05-05,10.429547309875488,10.429547309875488,10.429547309875488,10.429547309875488,0
2022-05-06,10.429547309875488,10.429547309875488,10.429547309875488,10.429547309875488,0
2022-05-09,9.91980266571045,10.178720591198394,10.178720591198394,9.91980266571045,1700
2022-05-10,9.91980266571045,9.91980266571045,9.91980266571045,9.91980266571045,0
2022-05-11,9.91980266571045,9.91980266571045,9.91980266571045,9.91980266571045,0
2022-05-12,9.91980266571045,9.91980266571045,9.91980266571045,9.91980266571045,0
2022-05-13,9.91980266571045,9.91980266571045,9.91980266571045,9.91980266571045,0
2022-05-16,9.91980266571045,9.91980266571045,9.91980266571045,9.91980266571045,0
2022-05-17,9.91980266571045,9.91980266571045,9.91980266571045,9.91980266571045,0
2022-05-18,9.91980266571045,9.91980266571045,9.91980266571045,9.91980266571045,0
2022-05-19,9.91980266571045,9.91980266571045,9.91980266571045,9.91980266571045,0
2022-05-20,9.91980266571045,9.91980266571045,9.91980266571045,9.91980266571045,0
2022-05-23,9.91980266571045,9.91980266571045,9.91980266571045,9.91980266571045,0
2022-05-24,9.91980266571045,9.91980266571045,9.91980266571045,9.91980266571045,0
2022-05-25,10.607552528381348,10.607552528381348,10.607552528381348,10.607552528381348,100
2022-05-26,10.607552528381348,10.607552528381348,10.607552528381348,10.607552528381348,0
2022-05-27,10.607552528381348,10.607552528381348,10.607552528381348,10.607552528381348,0
2022-05-31,10.607552528381348,10.607552528381348,10.607552528381348,10.607552528381348,0
2022-06-01,10.84219741821289,10.84219741821289,10.84219741821289,10.84219741821289,100
2022-06-02,10.84219741821289,10.84219741821289,10.84219741821289,10.84219741821289,0
2022-06-03,10.84219741821289,10.84219741821289,10.84219741821289,10.84219741821289,0
2022-06-06,10.84219741821289,10.84219741821289,10.84219741821289,10.84219741821289,0
2022-06-07,10.84219741821289,10.84219741821289,10.84219741821289,10.84219741821289,0
2022-06-08,10.84219741821289,10.84219741821289,10.84219741821289,10.84219741821289,0
2022-06-09,10.84219741821289,10.84219741821289,10.84219741821289,10.84219741821289,0
2022-06-10,10.84219741821289,10.84219741821289,10.84219741821289,10.84219741821289,0
2022-06-13,10.84219741821289,10.84219741821289,10.84219741821289,10.84219741821289,0
2022-06-14,10.84219741821289,10.84219741821289,10.84219741821289,10.84219741821289,0
2022-06-15,10.84219741821289,10.84219741821289,10.84219741821289,10.84219741821289,0
2022-06-16,10.84219741821289,10.84219741821289,10.84219741821289,10.84219741821289,0
2022-06-17,10.84219741821289,10.84219741821289,10.84219741821289,10.84219741821289,0
2022-06-21,10.84219741821289,10.84219741821289,10.84219741821289,10.84219741821289,0
2022-06-22,10.84219741821289,10.84219741821289,10.84219741821289,10.84219741821289,0
2022-06-23,10.84219741821289,10.84219741821289,10.84219741821289,10.84219741821289,0
2022-06-24,10.84219741821289,10.84219741821289,10.84219741821289,10.84219741821289,0
2022-06-27,10.84219741821289,10.84219741821289,10.84219741821289,10.84219741821289,0
2022-06-28,10.84219741821289,10.84219741821289,10.84219741821289,10.84219741821289,0
2022-06-29,9.887435913085938,9.887435913085938,9.887435913085938,9.887435913085938,260
2022-06-30,11.1334810256958,11.1334810256958,11.1334810256958,11.1334810256958,1060
2022-07-01,11.1334810256958,11.1334810256958,11.1334810256958,11.1334810256958,0
2022-07-05,11.1334810256958,11.1334810256958,11.1334810256958,11.1334810256958,0
2022-07-06,11.1334810256958,11.1334810256958,11.1334810256958,11.1334810256958,0
2022-07-07,10.777467727661133,10.777467727661133,10.777467727661133,10.777467727661133,640
2022-07-08,10.777467727661133,10.777467727661133,10.777467727661133,10.777467727661133,0
2022-07-11,10.777467727661133,10.777467727661133,10.777467727661133,10.777467727661133,0
2022-07-12,10.777467727661133,10.777467727661133,10.777467727661133,10.777467727661133,0
2022-07-13,10.777467727661133,10.777467727661133,10.777467727661133,10.777467727661133,0
2022-07-14,10.777467727661133,10.777467727661133,10.777467727661133,10.777467727661133,0
2022-07-15,10.777467727661133,10.777467727661133,10.777467727661133,10.777467727661133,0
2022-07-18,10.777467727661133,10.777467727661133,10.777467727661133,10.777467727661133,0
2022-07-19,10.777467727661133,10.777467727661133,10.777467727661133,10.777467727661133,0
2022-07-20,10.777467727661133,10.777467727661133,10.777467727661133,10.777467727661133,0
2022-07-21,10.777467727661133,10.777467727661133,10.777467727661133,10.777467727661133,0
2022-07-22,10.777467727661133,10.777467727661133,10.777467727661133,10.777467727661133,0
2022-07-25,10.777467727661133,10.777467727661133,10.777467727661133,10.777467727661133,0
2022-07-26,10.777467727661133,10.777467727661133,10.777467727661133,10.777467727661133,0
2022-07-27,10.777467727661133,10.777467727661133,10.777467727661133,10.777467727661133,0
2022-07-28,10.777467727661133,10.777467727661133,10.777467727661133,10.777467727661133,0
2022-07-29,10.777467727661133,10.777467727661133,10.777467727661133,10.777467727661133,0
2022-08-01,10.777467727661133,10.777467727661133,10.777467727661133,10.777467727661133,0
2022-08-02,10.777467727661133,10.777467727661133,10.777467727661133,10.777467727661133,0
2022-08-03,9.563789367675781,9.563789367675781,9.563789367675781,9.563789367675781,110
2022-08-04,9.563789367675781,9.563789367675781,9.563789367675781,9.563789367675781,0
2022-08-05,9.563789367675781,9.563789367675781,9.563789367675781,9.563789367675781,100
2022-08-08,9.563789367675781,9.563789367675781,9.563789367675781,9.563789367675781,0
2022-08-09,9.563789367675781,9.563789367675781,9.563789367675781,9.563789367675781,0
2022-08-10,9.563789367675781,9.563789367675781,9.563789367675781,9.563789367675781,0
2022-08-11,9.563789367675781,9.563789367675781,9.563789367675781,9.563789367675781,0
2022-08-12,9.563789367675781,9.563789367675781,9.563789367675781,9.563789367675781,0
2022-08-15,9.563789367675781,9.563789367675781,9.563789367675781,9.563789367675781,0
2022-08-16,9.563789367675781,9.563789367675781,9.563789367675781,9.563789367675781,0
2022-08-17,9.563789367675781,9.563789367675781,9.563789367675781,9.563789367675781,0
2022-08-18,9.563789367675781,9.563789367675781,9.563789367675781,9.563789367675781,0
2022-08-19,9.731080055236816,9.731080055236816,9.731080055236816,9.731080055236816,0
2022-08-22,9.731080055236816,9.731080055236816,9.731080055236816,9.731080055236816,0
2022-08-23,9.731080055236816,9.731080055236816,9.731080055236816,9.731080055236816,0
2022-08-24,9.731080055236816,9.731080055236816,9.731080055236816,9.731080055236816,0
2022-08-25,9.731080055236816,9.731080055236816,9.731080055236816,9.731080055236816,0
2022-08-26,9.731080055236816,9.731080055236816,9.731080055236816,9.731080055236816,0
2022-08-29,9.731080055236816,9.731080055236816,9.731080055236816,9.731080055236816,0
2022-08-30,9.731080055236816,9.731080055236816,9.731080055236816,9.731080055236816,0
2022-08-31,9.731080055236816,9.731080055236816,9.731080055236816,9.731080055236816,0
2022-09-01,9.731080055236816,9.731080055236816,9.731080055236816,9.731080055236816,0
2022-09-02,9.731080055236816,9.731080055236816,9.731080055236816,9.731080055236816,0
2022-09-06,9.731080055236816,9.731080055236816,9.731080055236816,9.731080055236816,0
2022-09-07,9.731080055236816,9.731080055236816,9.731080055236816,9.731080055236816,0
2022-09-08,9.731080055236816,9.731080055236816,9.731080055236816,9.731080055236816,0
2022-09-09,9.731080055236816,9.731080055236816,9.731080055236816,9.731080055236816,0
2022-09-12,9.731080055236816,9.731080055236816,9.731080055236816,9.731080055236816,0
2022-09-13,9.731080055236816,9.731080055236816,9.731080055236816,9.731080055236816,0
2022-09-14,9.731080055236816,9.731080055236816,9.731080055236816,9.731080055236816,0
2022-09-15,9.731080055236816,9.731080055236816,9.731080055236816,9.731080055236816,0
2022-09-16,7.9939751625061035,7.9939751625061035,7.9939751625061035,7.9939751625061035,690
2022-09-19,7.9939751625061035,7.9939751625061035,7.9939751625061035,7.9939751625061035,0
2022-09-20,7.9939751625061035,7.9939751625061035,7.9939751625061035,7.9939751625061035,0
2022-09-21,7.9939751625061035,7.9939751625061035,7.9939751625061035,7.9939751625061035,0
2022-09-22,7.9939751625061035,7.9939751625061035,7.9939751625061035,7.9939751625061035,0
2022-09-23,7.9939751625061035,7.9939751625061035,7.9939751625061035,7.9939751625061035,0
2022-09-26,7.9939751625061035,7.9939751625061035,7.9939751625061035,7.9939751625061035,0
2022-09-27,7.9939751625061035,7.9939751625061035,7.9939751625061035,7.9939751625061035,0
2022-09-28,7.9939751625061035,7.9939751625061035,7.9939751625061035,7.9939751625061035,0
2022-09-29,7.9939751625061035,7.9939751625061035,7.9939751625061035,7.9939751625061035,0
2022-09-30,7.9939751625061035,7.9939751625061035,7.9939751625061035,7.9939751625061035,0
2022-10-03,7.9939751625061035,7.9939751625061035,7.9939751625061035,7.9939751625061035,0
2022-10-04,7.9939751625061035,7.9939751625061035,7.9939751625061035,7.9939751625061035,0
2022-10-05,7.9939751625061035,7.9939751625061035,7.9939751625061035,7.9939751625061035,0
2022-10-06,7.9939751625061035,7.9939751625061035,7.9939751625061035,7.9939751625061035,0
2022-10-07,7.9939751625061035,7.9939751625061035,7.9939751625061035,7.9939751625061035,0
2022-10-10,7.9939751625061035,7.9939751625061035,7.9939751625061035,7.9939751625061035,0
2022-10-11,8.08041763305664,8.08041763305664,8.08041763305664,8.08041763305664,215
2022-10-12,8.08041763305664,8.08041763305664,8.08041763305664,8.08041763305664,0
2022-10-13,8.08041763305664,8.08041763305664,8.08041763305664,8.08041763305664,0
2022-10-14,8.08041763305664,8.08041763305664,8.08041763305664,8.08041763305664,0
2022-10-17,8.08041763305664,8.08041763305664,8.08041763305664,8.08041763305664,0
2022-10-18,8.08041763305664,8.08041763305664,8.08041763305664,8.08041763305664,0
2022-10-19,7.812855243682861,7.812855243682861,7.812855243682861,7.812855243682861,150
2022-10-20,7.812855243682861,7.812855243682861,7.812855243682861,7.812855243682861,0
2022-10-21,7.812855243682861,7.812855243682861,7.812855243682861,7.812855243682861,0
2022-10-24,7.812855243682861,7.812855243682861,7.812855243682861,7.812855243682861,0
2022-10-25,7.812855243682861,7.812855243682861,7.812855243682861,7.812855243682861,0
2022-10-26,7.812855243682861,7.812855243682861,7.812855243682861,7.812855243682861,0
2022-10-27,7.812855243682861,7.812855243682861,7.812855243682861,7.812855243682861,0
2022-10-28,7.812855243682861,7.812855243682861,7.812855243682861,7.812855243682861,0
2022-10-31,7.812855243682861,7.812855243682861,7.812855243682861,7.812855243682861,0
2022-11-01,7.812855243682861,7.812855243682861,7.812855243682861,7.812855243682861,0
2022-11-02,7.812855243682861,7.812855243682861,7.812855243682861,7.812855243682861,0
2022-11-03,7.812855243682861,7.812855243682861,7.812855243682861,7.812855243682861,0
2022-11-04,7.812855243682861,7.812855243682861,7.812855243682861,7.812855243682861,0
2022-11-07,7.812855243682861,7.812855243682861,7.812855243682861,7.812855243682861,0
2022-11-08,7.812855243682861,7.812855243682861,7.812855243682861,7.812855243682861,0
2022-11-09,7.812855243682861,7.812855243682861,7.812855243682861,7.812855243682861,0
2022-11-10,7.812855243682861,7.812855243682861,7.812855243682861,7.812855243682861,0
2022-11-11,7.812855243682861,7.812855243682861,7.812855243682861,7.812855243682861,0
2022-11-14,7.812855243682861,7.812855243682861,7.812855243682861,7.812855243682861,0
2022-11-15,7.812855243682861,7.812855243682861,7.812855243682861,7.812855243682861,0
2022-11-16,7.812855243682861,7.812855243682861,7.812855243682861,7.812855243682861,0
2022-11-17,7.812855243682861,7.812855243682861,7.812855243682861,7.812855243682861,0
2022-11-18,7.812855243682861,7.812855243682861,7.812855243682861,7.812855243682861,0
2022-11-21,7.812855243682861,7.812855243682861,7.812855243682861,7.812855243682861,0
2022-11-22,7.812855243682861,7.812855243682861,7.812855243682861,7.812855243682861,0
2022-11-23,7.812855243682861,7.812855243682861,7.812855243682861,7.812855243682861,0
2022-11-25,7.812855243682861,7.812855243682861,7.812855243682861,7.812855243682861,0
2022-11-28,7.812855243682861,7.812855243682861,7.812855243682861,7.812855243682861,0
2022-11-29,7.812855243682861,7.812855243682861,7.812855243682861,7.812855243682861,0
2022-11-30,7.812855243682861,7.812855243682861,7.812855243682861,7.812855243682861,0
2022-12-01,7.812855243682861,7.812855243682861,7.812855243682861,7.812855243682861,0
2022-12-02,7.812855243682861,7.812855243682861,7.812855243682861,7.812855243682861,0
2022-12-05,7.812855243682861,7.812855243682861,7.812855243682861,7.812855243682861,0
2022-12-06,7.812855243682861,7.812855243682861,7.812855243682861,7.812855243682861,0
2022-12-07,7.7749857902526855,7.7749857902526855,7.7749857902526855,7.7749857902526855,640
2022-12-08,7.7749857902526855,7.7749857902526855,7.7749857902526855,7.7749857902526855,0
2022-12-09,7.7749857902526855,7.7749857902526855,7.7749857902526855,7.7749857902526855,0
2022-12-12,7.7749857902526855,7.7749857902526855,7.7749857902526855,7.7749857902526855,0
2022-12-13,7.7749857902526855,7.7749857902526855,7.7749857902526855,7.7749857902526855,0
2022-12-14,7.7749857902526855,7.7749857902526855,7.7749857902526855,7.7749857902526855,0
2022-12-15,7.7749857902526855,7.7749857902526855,7.7749857902526855,7.7749857902526855,0
2022-12-16,7.7749857902526855,7.7749857902526855,7.7749857902526855,7.7749857902526855,0
2022-12-19,7.7749857902526855,7.7749857902526855,7.7749857902526855,7.7749857902526855,0
2022-12-20,7.7749857902526855,7.7749857902526855,7.7749857902526855,7.7749857902526855,0
2022-12-21,7.7749857902526855,7.7749857902526855,7.7749857902526855,7.7749857902526855,0
2022-12-22,7.7749857902526855,7.7749857902526855,7.7749857902526855,7.7749857902526855,0
2022-12-23,7.7749857902526855,7.7749857902526855,7.7749857902526855,7.7749857902526855,0
2022-12-27,7.7749857902526855,7.7749857902526855,7.7749857902526855,7.7749857902526855,0
2022-12-28,7.7749857902526855,7.7749857902526855,7.7749857902526855,7.7749857902526855,0
2022-12-29,7.7749857902526855,7.7749857902526855,7.7749857902526855,7.7749857902526855,0
2022-12-30,7.7749857902526855,7.7749857902526855,7.7749857902526855,7.7749857902526855,0
2023-01-03,7.7749857902526855,7.7749857902526855,7.7749857902526855,7.7749857902526855,0
2023-01-04,7.7749857902526855,7.7749857902526855,7.7749857902526855,7.7749857902526855,0
2023-01-05,7.7749857902526855,7.7749857902526855,7.7749857902526855,7.7749857902526855,0
2023-01-06,7.7749857902526855,7.7749857902526855,7.7749857902526855,7.7749857902526855,0
2023-01-09,7.7749857902526855,7.7749857902526855,7.7749857902526855,7.7749857902526855,0
2023-01-10,7.7749857902526855,7.7749857902526855,7.7749857902526855,7.7749857902526855,0
2023-01-11,7.7749857902526855,7.7749857902526855,7.7749857902526855,7.7749857902526855,0
2023-01-12,7.7749857902526855,7.7749857902526855,7.7749857902526855,7.7749857902526855,0
2023-01-13,7.7749857902526855,7.7749857902526855,7.7749857902526855,7.7749857902526855,0
2023-01-17,7.7749857902526855,7.7749857902526855,7.7749857902526855,7.7749857902526855,0
2023-01-18,7.7749857902526855,7.7749857902526855,7.7749857902526855,7.7749857902526855,0
2023-01-19,7.7749857902526855,7.7749857902526855,7.7749857902526855,7.7749857902526855,0
2023-01-20,7.7749857902526855,7.7749857902526855,7.7749857902526855,7.7749857902526855,0
2023-01-23,7.7749857902526855,7.7749857902526855,7.7749857902526855,7.7749857902526855,0
2023-01-24,7.7749857902526855,7.7749857902526855,7.7749857902526855,7.7749857902526855,0
2023-01-25,7.7749857902526855,7.7749857902526855,7.7749857902526855,7.7749857902526855,0
2023-01-26,7.7749857902526855,7.7749857902526855,7.7749857902526855,7.7749857902526855,0
2023-01-27,7.7749857902526855,7.7749857902526855,7.7749857902526855,7.7749857902526855,0
2023-01-30,7.7749857902526855,7.7749857902526855,7.7749857902526855,7.7749857902526855,0
2023-01-31,7.7749857902526855,7.7749857902526855,7.7749857902526855,7.7749857902526855,0
2023-02-01,7.7749857902526855,7.7749857902526855,7.7749857902526855,7.7749857902526855,0
2023-02-02,7.7749857902526855,7.7749857902526855,7.7749857902526855,7.7749857902526855,0
2023-02-03,7.7749857902526855,7.7749857902526855,7.7749857902526855,7.7749857902526855,0
2023-02-06,7.7749857902526855,7.7749857902526855,7.7749857902526855,7.7749857902526855,0
2023-02-07,7.7749857902526855,7.7749857902526855,7.7749857902526855,7.7749857902526855,0
2023-02-08,7.7749857902526855,7.7749857902526855,7.7749857902526855,7.7749857902526855,0
2023-02-09,7.7749857902526855,7.7749857902526855,7.7749857902526855,7.7749857902526855,0
2023-02-10,7.7749857902526855,7.7749857902526855,7.7749857902526855,7.7749857902526855,0
2023-02-13,7.7749857902526855,7.7749857902526855,7.7749857902526855,7.7749857902526855,0
2023-02-14,7.7749857902526855,7.7749857902526855,7.7749857902526855,7.7749857902526855,0
2023-02-15,7.7749857902526855,7.7749857902526855,7.7749857902526855,7.7749857902526855,0
2023-02-16,7.7749857902526855,7.7749857902526855,7.7749857902526855,7.7749857902526855,0
2023-02-17,7.7749857902526855,7.7749857902526855,7.7749857902526855,7.7749857902526855,0
2023-02-21,7.7749857902526855,7.7749857902526855,7.7749857902526855,7.7749857902526855,0
2023-02-22,7.7749857902526855,7.7749857902526855,7.7749857902526855,7.7749857902526855,0
2023-02-23,7.7749857902526855,7.7749857902526855,7.7749857902526855,7.7749857902526855,0
2023-02-24,7.7749857902526855,7.7749857902526855,7.7749857902526855,7.7749857902526855,0
2023-02-27,7.7749857902526855,7.7749857902526855,7.7749857902526855,7.7749857902526855,0
2023-02-28,7.7749857902526855,7.7749857902526855,7.7749857902526855,7.7749857902526855,0
2023-03-01,7.7749857902526855,7.7749857902526855,7.7749857902526855,7.7749857902526855,0
2023-03-02,7.7749857902526855,7.7749857902526855,7.7749857902526855,7.7749857902526855,0
2023-03-03,7.7749857902526855,7.7749857902526855,7.7749857902526855,7.7749857902526855,0
2023-03-06,7.7749857902526855,7.7749857902526855,7.7749857902526855,7.7749857902526855,0
2023-03-07,7.7749857902526855,7.7749857902526855,7.7749857902526855,7.7749857902526855,0
2023-03-08,7.7749857902526855,7.7749857902526855,7.7749857902526855,7.7749857902526855,0
2023-03-09,7.7749857902526855,7.7749857902526855,7.7749857902526855,7.7749857902526855,0
2023-03-10,7.7749857902526855,7.7749857902526855,7.7749857902526855,7.7749857902526855,0
2023-03-13,7.7749857902526855,7.7749857902526855,7.7749857902526855,7.7749857902526855,0
2023-03-14,7.7749857902526855,7.7749857902526855,7.7749857902526855,7.7749857902526855,0
2023-03-15,7.7749857902526855,7.7749857902526855,7.7749857902526855,7.7749857902526855,0
2023-03-16,7.7749857902526855,7.7749857902526855,7.7749857902526855,7.7749857902526855,0
2023-03-17,7.7749857902526855,7.7749857902526855,7.7749857902526855,7.7749857902526855,0
2023-03-20,7.7749857902526855,7.7749857902526855,7.7749857902526855,7.7749857902526855,0
2023-03-21,7.7749857902526855,7.7749857902526855,7.7749857902526855,7.7749857902526855,0
2023-03-22,7.7749857902526855,7.7749857902526855,7.7749857902526855,7.7749857902526855,0
2023-03-23,7.7749857902526855,7.7749857902526855,7.7749857902526855,7.7749857902526855,0
2023-03-24,7.7749857902526855,7.7749857902526855,7.7749857902526855,7.7749857902526855,0
2023-03-27,9.117436408996582,9.117436408996582,9.117436408996582,9.117436408996582,100
2023-03-28,9.117436408996582,9.117436408996582,9.117436408996582,9.117436408996582,0
2023-03-29,9.117436408996582,9.117436408996582,9.117436408996582,9.117436408996582,0
2023-03-30,9.117436408996582,9.117436408996582,9.117436408996582,9.117436408996582,0
2023-03-31,9.117436408996582,9.117436408996582,9.117436408996582,9.117436408996582,0
2023-04-03,9.117436408996582,9.117436408996582,9.117436408996582,9.117436408996582,0
2023-04-04,9.117436408996582,9.117436408996582,9.117436408996582,9.117436408996582,0
2023-04-05,9.117436408996582,9.117436408996582,9.117436408996582,9.117436408996582,0
2023-04-06,9.117436408996582,9.117436408996582,9.117436408996582,9.117436408996582,0
2023-04-10,9.117436408996582,9.117436408996582,9.117436408996582,9.117436408996582,0
2023-04-11,9.117436408996582,9.117436408996582,9.117436408996582,9.117436408996582,0
2023-04-12,9.117436408996582,9.117436408996582,9.117436408996582,9.117436408996582,0
2023-04-13,9.117436408996582,9.117436408996582,9.117436408996582,9.117436408996582,0
2023-04-14,9.117436408996582,9.117436408996582,9.117436408996582,9.117436408996582,0
2023-04-17,9.117436408996582,9.117436408996582,9.117436408996582,9.117436408996582,0
2023-04-18,9.117436408996582,9.117436408996582,9.117436408996582,9.117436408996582,0
2023-04-19,9.117436408996582,9.117436408996582,9.117436408996582,9.117436408996582,0
2023-04-20,9.117436408996582,9.117436408996582,9.117436408996582,9.117436408996582,0
2023-04-21,9.117436408996582,9.117436408996582,9.117436408996582,9.117436408996582,0
2023-04-24,9.117436408996582,9.117436408996582,9.117436408996582,9.117436408996582,0
2023-04-25,9.117436408996582,9.117436408996582,9.117436408996582,9.117436408996582,0
2023-04-26,10.092768669128418,10.092768669128418,10.092768669128418,10.092768669128418,844
2023-04-27,10.092768669128418,10.092768669128418,10.092768669128418,10.092768669128418,0
2023-04-28,10.092768669128418,10.092768669128418,10.092768669128418,10.092768669128418,0
2023-05-01,10.092768669128418,10.092768669128418,10.092768669128418,10.092768669128418,0
2023-05-02,10.092768669128418,10.092768669128418,10.092768669128418,10.092768669128418,0
2023-05-03,10.092768669128418,10.092768669128418,10.092768669128418,10.092768669128418,0
2023-05-04,10.092768669128418,10.092768669128418,10.092768669128418,10.092768669128418,0
2023-05-05,10.092768669128418,10.092768669128418,10.092768669128418,10.092768669128418,0
2023-05-08,10.092768669128418,10.092768669128418,10.092768669128418,10.092768669128418,0
2023-05-09,10.092768669128418,10.092768669128418,10.092768669128418,10.092768669128418,0
2023-05-10,10.092768669128418,10.092768669128418,10.092768669128418,10.092768669128418,0
2023-05-11,10.092768669128418,10.092768669128418,10.092768669128418,10.092768669128418,0
2023-05-12,10.092768669128418,10.092768669128418,10.092768669128418,10.092768669128418,0
2023-05-15,10.092768669128418,10.092768669128418,10.092768669128418,10.092768669128418,0
2023-05-16,10.092768669128418,10.092768669128418,10.092768669128418,10.092768669128418,0
2023-05-17,10.092768669128418,10.092768669128418,10.092768669128418,10.092768669128418,0
2023-05-18,10.092768669128418,10.092768669128418,10.092768669128418,10.092768669128418,0
2023-05-19,10.092768669128418,10.092768669128418,10.092768669128418,10.092768669128418,0
2023-05-22,10.092768669128418,10.092768669128418,10.092768669128418,10.092768669128418,0
2023-05-23,10.092768669128418,10.092768669128418,10.092768669128418,10.092768669128418,0
2023-05-24,10.092768669128418,10.092768669128418,10.092768669128418,10.092768669128418,0
2023-05-25,10.092768669128418,10.092768669128418,10.092768669128418,10.092768669128418,0
2023-05-26,10.092768669128418,10.092768669128418,10.092768669128418,10.092768669128418,0
2023-05-30,10.092768669128418,10.092768669128418,10.092768669128418,10.092768669128418,0
2023-05-31,10.092768669128418,10.092768669128418,10.092768669128418,10.092768669128418,0
2023-06-01,10.092768669128418,10.092768669128418,10.092768669128418,10.092768669128418,0
2023-06-02,10.092768669128418,10.092768669128418,10.092768669128418,10.092768669128418,0
2023-06-05,10.092768669128418,10.092768669128418,10.092768669128418,10.092768669128418,0
2023-06-06,10.092768669128418,10.092768669128418,10.092768669128418,10.092768669128418,0
2023-06-07,10.092768669128418,10.092768669128418,10.092768669128418,10.092768669128418,0
2023-06-08,10.092768669128418,10.092768669128418,10.092768669128418,10.092768669128418,0
2023-06-09,10.092768669128418,10.092768669128418,10.092768669128418,10.092768669128418,0
2023-06-12,10.092768669128418,10.092768669128418,10.092768669128418,10.092768669128418,0
2023-06-13,10.092768669128418,10.092768669128418,10.092768669128418,10.092768669128418,0
2023-06-14,10.092768669128418,10.092768669128418,10.092768669128418,10.092768669128418,0
2023-06-15,10.092768669128418,10.092768669128418,10.092768669128418,10.092768669128418,0
2023-06-16,10.092768669128418,10.092768669128418,10.092768669128418,10.092768669128418,0
2023-06-20,10.092768669128418,10.092768669128418,10.092768669128418,10.092768669128418,0
2023-06-21,10.092768669128418,10.092768669128418,10.092768669128418,10.092768669128418,0
2023-06-22,10.092768669128418,10.092768669128418,10.092768669128418,10.092768669128418,0
2023-06-23,10.092768669128418,10.092768669128418,10.092768669128418,10.092768669128418,0
2023-06-26,10.092768669128418,10.092768669128418,10.092768669128418,10.092768669128418,0
2023-06-27,10.092768669128418,10.092768669128418,10.092768669128418,10.092768669128418,0
2023-06-28,10.092768669128418,10.092768669128418,10.092768669128418,10.092768669128418,0
2023-06-29,10.092768669128418,10.092768669128418,10.092768669128418,10.092768669128418,0
2023-06-30,10.092768669128418,10.092768669128418,10.092768669128418,10.092768669128418,0
2023-07-03,10.092768669128418,10.092768669128418,10.092768669128418,10.092768669128418,0
2023-07-05,10.092768669128418,10.092768669128418,10.092768669128418,10.092768669128418,0
2023-07-06,10.092768669128418,10.092768669128418,10.092768669128418,10.092768669128418,0
2023-07-07,10.092768669128418,10.092768669128418,10.092768669128418,10.092768669128418,0
2023-07-10,10.092768669128418,10.092768669128418,10.092768669128418,10.092768669128418,0
2023-07-11,10.092768669128418,10.092768669128418,10.092768669128418,10.092768669128418,0
2023-07-12,10.092768669128418,10.092768669128418,10.092768669128418,10.092768669128418,0
2023-07-13,10.092768669128418,10.092768669128418,10.092768669128418,10.092768669128418,0
2023-07-14,10.092768669128418,10.092768669128418,10.092768669128418,10.092768669128418,0
2023-07-17,10.092768669128418,10.092768669128418,10.092768669128418,10.092768669128418,0
2023-07-18,10.092768669128418,10.092768669128418,10.092768669128418,10.092768669128418,0
2023-07-19,10.092768669128418,10.092768669128418,10.092768669128418,10.092768669128418,0
2023-07-20,10.092768669128418,10.092768669128418,10.092768669128418,10.092768669128418,0
2023-07-21,10.092768669128418,10.092768669128418,10.092768669128418,10.092768669128418,0
2023-07-24,10.092768669128418,10.092768669128418,10.092768669128418,10.092768669128418,0
2023-07-25,10.092768669128418,10.092768669128418,10.092768669128418,10.092768669128418,0
2023-07-26,10.092768669128418,10.092768669128418,10.092768669128418,10.092768669128418,0
2023-07-27,10.092768669128418,10.092768669128418,10.092768669128418,10.092768669128418,0
2023-07-28,10.092768669128418,10.092768669128418,10.092768669128418,10.092768669128418,0
2023-07-31,10.092768669128418,10.092768669128418,10.092768669128418,10.092768669128418,0
2023-08-01,10.092768669128418,10.092768669128418,10.092768669128418,10.092768669128418,0
2023-08-02,10.092768669128418,10.092768669128418,10.092768669128418,10.092768669128418,0
2023-08-03,10.092768669128418,10.092768669128418,10.092768669128418,10.092768669128418,0
2023-08-04,10.092768669128418,10.092768669128418,10.092768669128418,10.092768669128418,0
2023-08-07,10.092768669128418,10.092768669128418,10.092768669128418,10.092768669128418,0
2023-08-08,10.092768669128418,10.092768669128418,10.092768669128418,10.092768669128418,0
2023-08-09,10.092768669128418,10.092768669128418,10.092768669128418,10.092768669128418,0
2023-08-10,10.092768669128418,10.092768669128418,10.092768669128418,10.092768669128418,0
2023-08-11,10.092768669128418,10.092768669128418,10.092768669128418,10.092768669128418,0
2023-08-14,10.092768669128418,10.092768669128418,10.092768669128418,10.092768669128418,0
2023-08-15,10.092768669128418,10.092768669128418,10.092768669128418,10.092768669128418,0
2023-08-16,10.092768669128418,10.092768669128418,10.092768669128418,10.092768669128418,0
2023-08-17,10.092768669128418,10.092768669128418,10.092768669128418,10.092768669128418,0
2023-08-18,10.092768669128418,10.092768669128418,10.092768669128418,10.092768669128418,0
2023-08-21,10.092768669128418,10.092768669128418,10.092768669128418,10.092768669128418,0
2023-08-22,10.092768669128418,10.092768669128418,10.092768669128418,10.092768669128418,0
2023-08-23,10.092768669128418,10.092768669128418,10.092768669128418,10.092768669128418,0
2023-08-24,10.092768669128418,10.092768669128418,10.092768669128418,10.092768669128418,0
2023-08-25,10.092768669128418,10.092768669128418,10.092768669128418,10.092768669128418,0
2023-08-28,10.356306076049805,10.356306076049805,10.356306076049805,10.356306076049805,0
2023-08-29,10.356306076049805,10.356306076049805,10.356306076049805,10.356306076049805,0
2023-08-30,10.356306076049805,10.356306076049805,10.356306076049805,10.356306076049805,0
2023-08-31,10.356306076049805,10.356306076049805,10.356306076049805,10.356306076049805,0
2023-09-01,10.356306076049805,10.356306076049805,10.356306076049805,10.356306076049805,0
2023-09-05,10.356306076049805,10.356306076049805,10.356306076049805,10.356306076049805,0
2023-09-06,10.356306076049805,10.356306076049805,10.356306076049805,10.356306076049805,0
2023-09-07,10.356306076049805,10.356306076049805,10.356306076049805,10.356306076049805,0
2023-09-08,10.356306076049805,10.356306076049805,10.356306076049805,10.356306076049805,0
2023-09-11,10.356306076049805,10.356306076049805,10.356306076049805,10.356306076049805,0
2023-09-12,10.356306076049805,10.356306076049805,10.356306076049805,10.356306076049805,0
2023-09-13,10.356306076049805,10.356306076049805,10.356306076049805,10.356306076049805,0
2023-09-14,10.356306076049805,10.356306076049805,10.356306076049805,10.356306076049805,0
2023-09-15,10.356306076049805,10.356306076049805,10.356306076049805,10.356306076049805,0
2023-09-18,10.356306076049805,10.356306076049805,10.356306076049805,10.356306076049805,0
2023-09-19,10.356306076049805,10.356306076049805,10.356306076049805,10.356306076049805,0
2023-09-20,10.356306076049805,10.356306076049805,10.356306076049805,10.356306076049805,0
2023-09-21,10.356306076049805,10.356306076049805,10.356306076049805,10.356306076049805,0
2023-09-22,10.356306076049805,10.356306076049805,10.356306076049805,10.356306076049805,0
2023-09-25,10.356306076049805,10.356306076049805,10.356306076049805,10.356306076049805,0
2023-09-26,10.356306076049805,10.356306076049805,10.356306076049805,10.356306076049805,0
2023-09-27,10.356306076049805,10.356306076049805,10.356306076049805,10.356306076049805,0
2023-09-28,10.356306076049805,10.356306076049805,10.356306076049805,10.356306076049805,0
2023-09-29,10.356306076049805,10.356306076049805,10.356306076049805,10.356306076049805,0
2023-10-02,10.356306076049805,10.356306076049805,10.356306076049805,10.356306076049805,0
2023-10-03,10.356306076049805,10.356306076049805,10.356306076049805,10.356306076049805,0
2023-10-04,10.356306076049805,10.356306076049805,10.356306076049805,10.356306076049805,0
2023-10-05,10.356306076049805,10.356306076049805,10.356306076049805,10.356306076049805,0
2023-10-06,10.356306076049805,10.356306076049805,10.356306076049805,10.356306076049805,0
2023-10-09,10.356306076049805,10.356306076049805,10.356306076049805,10.356306076049805,0
2023-10-10,10.356306076049805,10.356306076049805,10.356306076049805,10.356306076049805,0
2023-10-11,10.356306076049805,10.356306076049805,10.356306076049805,10.356306076049805,0
2023-10-12,10.356306076049805,10.356306076049805,10.356306076049805,10.356306076049805,0
2023-10-13,10.356306076049805,10.356306076049805,10.356306076049805,10.356306076049805,0
2023-10-16,10.356306076049805,10.356306076049805,10.356306076049805,10.356306076049805,0
2023-10-17,10.356306076049805,10.356306076049805,10.356306076049805,10.356306076049805,0
2023-10-18,10.581156730651855,10.581156730651855,10.581156730651855,10.581156730651855,100
2023-10-19,10.581156730651855,10.581156730651855,10.581156730651855,10.581156730651855,0
2023-10-20,10.581156730651855,10.581156730651855,10.581156730651855,10.581156730651855,0
2023-10-23,10.581156730651855,10.581156730651855,10.581156730651855,10.581156730651855,0
2023-10-24,12.556304931640625,12.556304931640625,12.556304931640625,12.556304931640625,132
2023-10-25,12.556304931640625,12.556304931640625,12.556304931640625,12.556304931640625,0
2023-10-26,12.556304931640625,12.556304931640625,12.556304931640625,12.556304931640625,0
2023-10-27,12.556304931640625,12.556304931640625,12.556304931640625,12.556304931640625,0
2023-10-30,12.556304931640625,12.556304931640625,12.556304931640625,12.556304931640625,0
2023-10-31,12.556304931640625,12.556304931640625,12.556304931640625,12.556304931640625,0
2023-11-01,12.556304931640625,12.556304931640625,12.556304931640625,12.556304931640625,0
2023-11-02,12.556304931640625,12.556304931640625,12.556304931640625,12.556304931640625,0
2023-11-03,12.556304931640625,12.556304931640625,12.556304931640625,12.556304931640625,0
2023-11-06,12.556304931640625,12.556304931640625,12.556304931640625,12.556304931640625,0
2023-11-07,12.556304931640625,12.556304931640625,12.556304931640625,12.556304931640625,0
2023-11-08,12.556304931640625,12.556304931640625,12.556304931640625,12.556304931640625,0
2023-11-09,12.556304931640625,12.556304931640625,12.556304931640625,12.556304931640625,0
2023-11-10,12.556304931640625,12.556304931640625,12.556304931640625,12.556304931640625,0
2023-11-13,12.556304931640625,12.556304931640625,12.556304931640625,12.556304931640625,0
2023-11-14,12.556304931640625,12.556304931640625,12.556304931640625,12.556304931640625,0
2023-11-15,12.556304931640625,12.556304931640625,12.556304931640625,12.556304931640625,0
2023-11-16,12.556304931640625,12.556304931640625,12.556304931640625,12.556304931640625,0
2023-11-17,12.556304931640625,12.556304931640625,12.556304931640625,12.556304931640625,0
2023-11-20,12.556304931640625,12.556304931640625,12.556304931640625,12.556304931640625,0
2023-11-21,12.556304931640625,12.556304931640625,12.556304931640625,12.556304931640625,0
2023-11-22,12.556304931640625,12.556304931640625,12.556304931640625,12.556304931640625,0
2023-11-24,12.556304931640625,12.556304931640625,12.556304931640625,12.556304931640625,0
2023-11-27,12.556304931640625,12.556304931640625,12.556304931640625,12.556304931640625,0
2023-11-28,12.556304931640625,12.556304931640625,12.556304931640625,12.556304931640625,0
2023-11-29,12.556304931640625,12.556304931640625,12.556304931640625,12.556304931640625,0
2023-11-30,12.556304931640625,12.556304931640625,12.556304931640625,12.556304931640625,0
2023-12-01,12.556304931640625,12.556304931640625,12.556304931640625,12.556304931640625,0
2023-12-04,12.556304931640625,12.556304931640625,12.556304931640625,12.556304931640625,0
2023-12-05,12.556304931640625,12.556304931640625,12.556304931640625,12.556304931640625,0
2023-12-06,12.556304931640625,12.556304931640625,12.556304931640625,12.556304931640625,0
2023-12-07,12.556304931640625,12.556304931640625,12.556304931640625,12.556304931640625,0
2023-12-08,12.556304931640625,12.556304931640625,12.556304931640625,12.556304931640625,0
2023-12-11,12.556304931640625,12.556304931640625,12.556304931640625,12.556304931640625,0
2023-12-12,12.556304931640625,12.556304931640625,12.556304931640625,12.556304931640625,0
2023-12-13,12.556304931640625,12.556304931640625,12.556304931640625,12.556304931640625,0
2023-12-14,12.556304931640625,12.556304931640625,12.556304931640625,12.556304931640625,0
2023-12-15,12.556304931640625,12.556304931640625,12.556304931640625,12.556304931640625,0
2023-12-18,12.556304931640625,12.556304931640625,12.556304931640625,12.556304931640625,0
2023-12-19,12.556304931640625,12.556304931640625,12.556304931640625,12.556304931640625,0
2023-12-20,12.556304931640625,12.556304931640625,12.556304931640625,12.556304931640625,0
2023-12-21,12.556304931640625,12.556304931640625,12.556304931640625,12.556304931640625,0
2023-12-22,12.556304931640625,12.556304931640625,12.556304931640625,12.556304931640625,0
2023-12-26,12.556304931640625,12.556304931640625,12.556304931640625,12.556304931640625,0
2023-12-27,12.556304931640625,12.556304931640625,12.556304931640625,12.556304931640625,0
2023-12-28,12.556304931640625,12.556304931640625,12.556304931640625,12.556304931640625,0
2023-12-29,12.556304931640625,12.556304931640625,12.556304931640625,12.556304931640625,0
2024-01-02,12.556304931640625,12.556304931640625,12.556304931640625,12.556304931640625,0
2024-01-03,12.556304931640625,12.556304931640625,12.556304931640625,12.556304931640625,0
2024-01-04,12.556304931640625,12.556304931640625,12.556304931640625,12.556304931640625,0
2024-01-05,12.556304931640625,12.556304931640625,12.556304931640625,12.556304931640625,0
2024-01-08,12.556304931640625,12.556304931640625,12.556304931640625,12.556304931640625,0
2024-01-09,12.556304931640625,12.556304931640625,12.556304931640625,12.556304931640625,0
2024-01-10,12.556304931640625,12.556304931640625,12.556304931640625,12.556304931640625,0
2024-01-11,12.556304931640625,12.556304931640625,12.556304931640625,12.556304931640625,0
2024-01-12,11.462919235229492,11.462919235229492,11.462919235229492,11.462919235229492,132
2024-01-16,11.462919235229492,11.462919235229492,11.462919235229492,11.462919235229492,0
2024-01-17,11.462919235229492,11.462919235229492,11.462919235229492,11.462919235229492,0
2024-01-18,11.462919235229492,11.462919235229492,11.462919235229492,11.462919235229492,0
2024-01-19,11.462919235229492,11.462919235229492,11.462919235229492,11.462919235229492,0
2024-01-22,11.462919235229492,11.462919235229492,11.462919235229492,11.462919235229492,0
2024-01-23,11.462919235229492,11.462919235229492,11.462919235229492,11.462919235229492,0
2024-01-24,11.462919235229492,11.462919235229492,11.462919235229492,11.462919235229492,0
2024-01-25,11.462919235229492,11.462919235229492,11.462919235229492,11.462919235229492,0
2024-01-26,11.462919235229492,11.462919235229492,11.462919235229492,11.462919235229492,0
2024-01-29,11.462919235229492,11.462919235229492,11.462919235229492,11.462919235229492,0
2024-01-30,11.462919235229492,11.462919235229492,11.462919235229492,11.462919235229492,0
2024-01-31,11.462919235229492,11.462919235229492,11.462919235229492,11.462919235229492,0
2024-02-01,11.462919235229492,11.462919235229492,11.462919235229492,11.462919235229492,0
2024-02-02,11.462919235229492,11.462919235229492,11.462919235229492,11.462919235229492,0
2024-02-05,11.462919235229492,11.462919235229492,11.462919235229492,11.462919235229492,0
2024-02-06,11.462919235229492,11.462919235229492,11.462919235229492,11.462919235229492,0
2024-02-07,11.462919235229492,11.462919235229492,11.462919235229492,11.462919235229492,0
2024-02-08,11.462919235229492,11.462919235229492,11.462919235229492,11.462919235229492,0
2024-02-09,11.462919235229492,11.462919235229492,11.462919235229492,11.462919235229492,0
2024-02-12,11.462919235229492,11.462919235229492,11.462919235229492,11.462919235229492,0
2024-02-13,11.462919235229492,11.462919235229492,11.462919235229492,11.462919235229492,0
2024-02-14,11.462919235229492,11.462919235229492,11.462919235229492,11.462919235229492,0
2024-02-15,11.462919235229492,11.462919235229492,11.462919235229492,11.462919235229492,0
2024-02-16,11.462919235229492,11.462919235229492,11.462919235229492,11.462919235229492,0
2024-02-20,11.462919235229492,11.462919235229492,11.462919235229492,11.462919235229492,0
2024-02-21,11.462919235229492,11.462919235229492,11.462919235229492,11.462919235229492,0
2024-02-22,11.462919235229492,11.462919235229492,11.462919235229492,11.462919235229492,0
2024-02-23,11.462919235229492,11.462919235229492,11.462919235229492,11.462919235229492,0
2024-02-26,11.462919235229492,11.462919235229492,11.462919235229492,11.462919235229492,0
2024-02-27,11.462919235229492,11.462919235229492,11.462919235229492,11.462919235229492,0
2024-02-28,11.462919235229492,11.462919235229492,11.462919235229492,11.462919235229492,0
2024-02-29,11.462919235229492,11.462919235229492,11.462919235229492,11.462919235229492,0
2024-03-01,11.462919235229492,11.462919235229492,11.462919235229492,11.462919235229492,0
2024-03-04,11.462919235229492,11.462919235229492,11.462919235229492,11.462919235229492,0
2024-03-05,11.921435356140137,11.921435356140137,11.921435356140137,11.921435356140137,1706
2024-03-06,11.921435356140137,11.921435356140137,11.921435356140137,11.921435356140137,0
2024-03-07,11.921435356140137,11.921435356140137,11.921435356140137,11.921435356140137,0
2024-03-08,11.921435356140137,11.921435356140137,11.921435356140137,11.921435356140137,0
2024-03-11,11.921435356140137,11.921435356140137,11.921435356140137,11.921435356140137,0
2024-03-12,11.921435356140137,11.921435356140137,11.921435356140137,11.921435356140137,0
2024-03-13,11.921435356140137,11.921435356140137,11.921435356140137,11.921435356140137,0
2024-03-14,11.921435356140137,11.921435356140137,11.921435356140137,11.921435356140137,0
2024-03-15,11.921435356140137,11.921435356140137,11.921435356140137,11.921435356140137,0
2024-03-18,11.921435356140137,11.921435356140137,11.921435356140137,11.921435356140137,0
2024-03-19,11.921435356140137,11.921435356140137,11.921435356140137,11.921435356140137,0
2024-03-20,11.921435356140137,11.921435356140137,11.921435356140137,11.921435356140137,0
2024-03-21,11.921435356140137,11.921435356140137,11.921435356140137,11.921435356140137,0
2024-03-22,11.921435356140137,11.921435356140137,11.921435356140137,11.921435356140137,0
2024-03-25,11.921435356140137,11.921435356140137,11.921435356140137,11.921435356140137,0
2024-03-26,12.273083686828613,12.273083686828613,12.273083686828613,12.273083686828613,0
2024-03-27,11.692110061645508,11.692110061645508,11.692110061645508,11.692110061645508,37294
2024-03-28,11.692110061645508,11.692110061645508,11.692110061645508,11.692110061645508,0
2024-04-01,11.692110061645508,11.692110061645508,11.692110061645508,11.692110061645508,0
2024-04-02,11.692110061645508,11.692110061645508,11.692110061645508,11.692110061645508,0
2024-04-03,11.692110061645508,11.692110061645508,11.692110061645508,11.692110061645508,0
2024-04-04,11.692110061645508,11.692110061645508,11.692110061645508,11.692110061645508,0
2024-04-05,11.692110061645508,11.692110061645508,11.692110061645508,11.692110061645508,0
2024-04-08,11.692110061645508,11.692110061645508,11.692110061645508,11.692110061645508,0
2024-04-09,11.692110061645508,11.692110061645508,11.692110061645508,11.692110061645508,0
2024-04-10,11.692110061645508,11.692110061645508,11.692110061645508,11.692110061645508,0
2024-04-11,11.692110061645508,11.692110061645508,11.692110061645508,11.692110061645508,0
2024-04-12,11.692110061645508,11.692110061645508,11.692110061645508,11.692110061645508,0
2024-04-15,11.692110061645508,11.692110061645508,11.692110061645508,11.692110061645508,0
2024-04-16,11.692110061645508,11.692110061645508,11.692110061645508,11.692110061645508,0
2024-04-17,11.692110061645508,11.692110061645508,11.692110061645508,11.692110061645508,0
2024-04-18,11.692110061645508,11.692110061645508,11.692110061645508,11.692110061645508,0
2024-04-19,11.692110061645508,11.692110061645508,11.692110061645508,11.692110061645508,0
2024-04-22,11.692110061645508,11.692110061645508,11.692110061645508,11.692110061645508,0
2024-04-23,11.692110061645508,11.692110061645508,11.692110061645508,11.692110061645508,0
2024-04-24,11.692110061645508,11.692110061645508,11.692110061645508,11.692110061645508,0
2024-04-25,11.692110061645508,11.692110061645508,11.692110061645508,11.692110061645508,0
2024-04-26,11.692110061645508,11.692110061645508,11.692110061645508,11.692110061645508,0
2024-04-29,11.692110061645508,11.692110061645508,11.692110061645508,11.692110061645508,0
2024-04-30,11.692110061645508,11.692110061645508,11.692110061645508,11.692110061645508,0
2024-05-01,11.692110061645508,11.692110061645508,11.692110061645508,11.692110061645508,0
2024-05-02,11.692110061645508,11.692110061645508,11.692110061645508,11.692110061645508,0
2024-05-03,11.692110061645508,11.692110061645508,11.692110061645508,11.692110061645508,0
2024-05-06,11.692110061645508,11.692110061645508,11.692110061645508,11.692110061645508,0
2024-05-07,11.692110061645508,11.692110061645508,11.692110061645508,11.692110061645508,0
2024-05-08,11.692110061645508,11.692110061645508,11.692110061645508,11.692110061645508,0
2024-05-09,11.692110061645508,11.692110061645508,11.692110061645508,11.692110061645508,0
2024-05-10,11.692110061645508,11.692110061645508,11.692110061645508,11.692110061645508,0
2024-05-13,11.692110061645508,11.692110061645508,11.692110061645508,11.692110061645508,0
2024-05-14,11.692110061645508,11.692110061645508,11.692110061645508,11.692110061645508,0
2024-05-15,11.692110061645508,11.692110061645508,11.692110061645508,11.692110061645508,0
2024-05-16,11.692110061645508,11.692110061645508,11.692110061645508,11.692110061645508,0
2024-05-17,11.692110061645508,11.692110061645508,11.692110061645508,11.692110061645508,0
2024-05-20,11.692110061645508,11.692110061645508,11.692110061645508,11.692110061645508,0
2024-05-21,11.692110061645508,11.692110061645508,11.692110061645508,11.692110061645508,0
2024-05-22,11.692110061645508,11.692110061645508,11.692110061645508,11.692110061645508,0
2024-05-23,11.692110061645508,11.692110061645508,11.692110061645508,11.692110061645508,0
2024-05-24,11.692110061645508,11.692110061645508,11.692110061645508,11.692110061645508,0
2024-05-28,11.692110061645508,11.692110061645508,11.692110061645508,11.692110061645508,0
2024-05-29,11.692110061645508,11.692110061645508,11.692110061645508,11.692110061645508,0
2024-05-30,11.692110061645508,11.692110061645508,11.692110061645508,11.692110061645508,0
2024-05-31,11.692110061645508,11.692110061645508,11.692110061645508,11.692110061645508,0
2024-06-03,11.692110061645508,11.692110061645508,11.692110061645508,11.692110061645508,0
2024-06-04,11.692110061645508,11.692110061645508,11.692110061645508,11.692110061645508,0
2024-06-05,11.692110061645508,11.692110061645508,11.692110061645508,11.692110061645508,0
2024-06-06,11.692110061645508,11.692110061645508,11.692110061645508,11.692110061645508,0
2024-06-07,11.692110061645508,11.692110061645508,11.692110061645508,11.692110061645508,0
2024-06-10,11.692110061645508,11.692110061645508,11.692110061645508,11.692110061645508,0
2024-06-11,11.692110061645508,11.692110061645508,11.692110061645508,11.692110061645508,0
2024-06-12,11.692110061645508,11.692110061645508,11.692110061645508,11.692110061645508,0
2024-06-13,11.692110061645508,11.692110061645508,11.692110061645508,11.692110061645508,0
2024-06-14,11.692110061645508,11.692110061645508,11.692110061645508,11.692110061645508,0
2024-06-17,11.692110061645508,11.692110061645508,11.692110061645508,11.692110061645508,0
2024-06-18,11.692110061645508,11.692110061645508,11.692110061645508,11.692110061645508,0
2024-06-20,11.692110061645508,11.692110061645508,11.692110061645508,11.692110061645508,0
2024-06-21,11.692110061645508,11.692110061645508,11.692110061645508,11.692110061645508,0
2024-06-24,11.692110061645508,11.692110061645508,11.692110061645508,11.692110061645508,0
2024-06-25,11.692110061645508,11.692110061645508,11.692110061645508,11.692110061645508,0
2024-06-26,11.692110061645508,11.692110061645508,11.692110061645508,11.692110061645508,0
2024-06-27,11.692110061645508,11.692110061645508,11.692110061645508,11.692110061645508,0
2024-06-28,11.692110061645508,11.692110061645508,11.692110061645508,11.692110061645508,0
2024-07-01,11.692110061645508,11.692110061645508,11.692110061645508,11.692110061645508,0
2024-07-02,11.692110061645508,11.692110061645508,11.692110061645508,11.692110061645508,0
2024-07-03,11.692110061645508,11.692110061645508,11.692110061645508,11.692110061645508,0
2024-07-05,11.692110061645508,11.692110061645508,11.692110061645508,11.692110061645508,0
2024-07-08,11.692110061645508,11.692110061645508,11.692110061645508,11.692110061645508,0
2024-07-09,11.692110061645508,11.692110061645508,11.692110061645508,11.692110061645508,0
2024-07-10,11.692110061645508,11.692110061645508,11.692110061645508,11.692110061645508,0
2024-07-11,11.692110061645508,11.692110061645508,11.692110061645508,11.692110061645508,0
2024-07-12,11.692110061645508,11.692110061645508,11.692110061645508,11.692110061645508,0
2024-07-15,11.692110061645508,11.692110061645508,11.692110061645508,11.692110061645508,0
2024-07-16,11.692110061645508,11.692110061645508,11.692110061645508,11.692110061645508,0
2024-07-17,11.692110061645508,11.692110061645508,11.692110061645508,11.692110061645508,0
2024-07-18,11.692110061645508,11.692110061645508,11.692110061645508,11.692110061645508,0
2024-07-19,11.692110061645508,11.692110061645508,11.692110061645508,11.692110061645508,0
2024-07-22,11.692110061645508,11.692110061645508,11.692110061645508,11.692110061645508,0
2024-07-23,11.692110061645508,11.692110061645508,11.692110061645508,11.692110061645508,0
2024-07-24,11.692110061645508,11.692110061645508,11.692110061645508,11.692110061645508,0
2024-07-25,11.692110061645508,11.692110061645508,11.692110061645508,11.692110061645508,0
2024-07-26,11.692110061645508,11.692110061645508,11.692110061645508,11.692110061645508,0
2024-07-29,11.692110061645508,11.692110061645508,11.692110061645508,11.692110061645508,0
2024-07-30,11.692110061645508,11.692110061645508,11.692110061645508,11.692110061645508,0
2024-07-31,11.692110061645508,11.692110061645508,11.692110061645508,11.692110061645508,0
2024-08-01,11.692110061645508,11.692110061645508,11.692110061645508,11.692110061645508,0
2024-08-02,11.692110061645508,11.692110061645508,11.692110061645508,11.692110061645508,0
2024-08-05,11.692110061645508,11.692110061645508,11.692110061645508,11.692110061645508,0
2024-08-06,11.692110061645508,11.692110061645508,11.692110061645508,11.692110061645508,0
2024-08-07,11.692110061645508,11.692110061645508,11.692110061645508,11.692110061645508,0
2024-08-08,11.692110061645508,11.692110061645508,11.692110061645508,11.692110061645508,0
2024-08-09,11.692110061645508,11.692110061645508,11.692110061645508,11.692110061645508,0
2024-08-12,11.692110061645508,11.692110061645508,11.692110061645508,11.692110061645508,0
2024-08-13,11.692110061645508,11.692110061645508,11.692110061645508,11.692110061645508,0
2024-08-14,11.692110061645508,11.692110061645508,11.692110061645508,11.692110061645508,0
2024-08-15,11.692110061645508,11.692110061645508,11.692110061645508,11.692110061645508,0
2024-08-16,11.692110061645508,11.692110061645508,11.692110061645508,11.692110061645508,0
2024-08-19,11.692110061645508,11.692110061645508,11.692110061645508,11.692110061645508,0
2024-08-20,11.692110061645508,11.692110061645508,11.692110061645508,11.692110061645508,0
2024-08-21,11.692110061645508,11.692110061645508,11.692110061645508,11.692110061645508,0
2024-08-22,11.692110061645508,11.692110061645508,11.692110061645508,11.692110061645508,0
2024-08-23,11.692110061645508,11.692110061645508,11.692110061645508,11.692110061645508,0
2024-08-26,11.692110061645508,11.692110061645508,11.692110061645508,11.692110061645508,0
2024-08-27,11.692110061645508,11.692110061645508,11.692110061645508,11.692110061645508,0
2024-08-28,12.03441333770752,12.03441333770752,12.03441333770752,12.03441333770752,0
2024-08-29,12.03441333770752,12.03441333770752,12.03441333770752,12.03441333770752,0
2024-08-30,12.03441333770752,12.03441333770752,12.03441333770752,12.03441333770752,0
2024-09-03,12.03441333770752,12.03441333770752,12.03441333770752,12.03441333770752,0
2024-09-04,12.03441333770752,12.03441333770752,12.03441333770752,12.03441333770752,0
2024-09-05,12.03441333770752,12.03441333770752,12.03441333770752,12.03441333770752,0
2024-09-06,12.03441333770752,12.03441333770752,12.03441333770752,12.03441333770752,0
2024-09-09,12.03441333770752,12.03441333770752,12.03441333770752,12.03441333770752,0
2024-09-10,12.03441333770752,12.03441333770752,12.03441333770752,12.03441333770752,0
2024-09-11,12.03441333770752,12.03441333770752,12.03441333770752,12.03441333770752,0
2024-09-12,12.03441333770752,12.03441333770752,12.03441333770752,12.03441333770752,0
2024-09-13,12.03441333770752,12.03441333770752,12.03441333770752,12.03441333770752,0
2024-09-16,12.03441333770752,12.03441333770752,12.03441333770752,12.03441333770752,0
2024-09-17,12.03441333770752,12.03441333770752,12.03441333770752,12.03441333770752,0
2024-09-18,12.03441333770752,12.03441333770752,12.03441333770752,12.03441333770752,0
2024-09-19,12.03441333770752,12.03441333770752,12.03441333770752,12.03441333770752,0
2024-09-20,12.03441333770752,12.03441333770752,12.03441333770752,12.03441333770752,0
2024-09-23,12.03441333770752,12.03441333770752,12.03441333770752,12.03441333770752,0
2024-09-24,12.03441333770752,12.03441333770752,12.03441333770752,12.03441333770752,0
2024-09-25,12.03441333770752,12.03441333770752,12.03441333770752,12.03441333770752,0
2024-09-26,12.03441333770752,12.03441333770752,12.03441333770752,12.03441333770752,0
2024-09-27,12.03441333770752,12.03441333770752,12.03441333770752,12.03441333770752,0
2024-09-30,12.03441333770752,12.03441333770752,12.03441333770752,12.03441333770752,0
2024-10-01,12.03441333770752,12.03441333770752,12.03441333770752,12.03441333770752,0
2024-10-02,12.03441333770752,12.03441333770752,12.03441333770752,12.03441333770752,0
2024-10-03,12.03441333770752,12.03441333770752,12.03441333770752,12.03441333770752,0
2024-10-04,12.03441333770752,12.03441333770752,12.03441333770752,12.03441333770752,0
2024-10-07,12.03441333770752,12.03441333770752,12.03441333770752,12.03441333770752,0
2024-10-08,12.03441333770752,12.03441333770752,12.03441333770752,12.03441333770752,0
2024-10-09,12.03441333770752,12.03441333770752,12.03441333770752,12.03441333770752,0
2024-10-10,12.03441333770752,12.03441333770752,12.03441333770752,12.03441333770752,0
2024-10-11,12.03441333770752,12.03441333770752,12.03441333770752,12.03441333770752,0
2024-10-14,12.03441333770752,12.03441333770752,12.03441333770752,12.03441333770752,0
2024-10-15,12.03441333770752,12.03441333770752,12.03441333770752,12.03441333770752,0
2024-10-16,12.03441333770752,12.03441333770752,12.03441333770752,12.03441333770752,0
2024-10-17,12.03441333770752,12.03441333770752,12.03441333770752,12.03441333770752,0
2024-10-18,12.03441333770752,12.03441333770752,12.03441333770752,12.03441333770752,0
2024-10-21,12.03441333770752,12.03441333770752,12.03441333770752,12.03441333770752,0
2024-10-22,12.03441333770752,12.03441333770752,12.03441333770752,12.03441333770752,0
2024-10-23,12.03441333770752,12.03441333770752,12.03441333770752,12.03441333770752,0
2024-10-24,12.03441333770752,12.03441333770752,12.03441333770752,12.03441333770752,0
2024-10-25,12.03441333770752,12.03441333770752,12.03441333770752,12.03441333770752,0
2024-10-28,12.03441333770752,12.03441333770752,12.03441333770752,12.03441333770752,0
2024-10-29,12.03441333770752,12.03441333770752,12.03441333770752,12.03441333770752,0
2024-10-30,12.03441333770752,12.03441333770752,12.03441333770752,12.03441333770752,0
2024-10-31,12.03441333770752,12.03441333770752,12.03441333770752,12.03441333770752,0
2024-11-01,12.03441333770752,12.03441333770752,12.03441333770752,12.03441333770752,0
2024-11-04,12.03441333770752,12.03441333770752,12.03441333770752,12.03441333770752,0
2024-11-05,12.03441333770752,12.03441333770752,12.03441333770752,12.03441333770752,0
2024-11-06,12.03441333770752,12.03441333770752,12.03441333770752,12.03441333770752,0
2024-11-07,12.03441333770752,12.03441333770752,12.03441333770752,12.03441333770752,0
2024-11-08,12.03441333770752,12.03441333770752,12.03441333770752,12.03441333770752,0
2024-11-11,12.03441333770752,12.03441333770752,12.03441333770752,12.03441333770752,0
2024-11-12,12.03441333770752,12.03441333770752,12.03441333770752,12.03441333770752,0
2024-11-13,12.03441333770752,12.03441333770752,12.03441333770752,12.03441333770752,0
2024-11-14,12.03441333770752,12.03441333770752,12.03441333770752,12.03441333770752,0
2024-11-15,12.03441333770752,12.03441333770752,12.03441333770752,12.03441333770752,0
2024-11-18,12.03441333770752,12.03441333770752,12.03441333770752,12.03441333770752,0
2024-11-19,12.03441333770752,12.03441333770752,12.03441333770752,12.03441333770752,0
2024-11-20,12.03441333770752,12.03441333770752,12.03441333770752,12.03441333770752,0
2024-11-21,12.03441333770752,12.03441333770752,12.03441333770752,12.03441333770752,0
2024-11-22,12.03441333770752,12.03441333770752,12.03441333770752,12.03441333770752,0
2024-11-25,12.03441333770752,12.03441333770752,12.03441333770752,12.03441333770752,0
2024-11-26,12.03441333770752,12.03441333770752,12.03441333770752,12.03441333770752,0
2024-11-27,12.03441333770752,12.03441333770752,12.03441333770752,12.03441333770752,0
2024-11-29,12.03441333770752,12.03441333770752,12.03441333770752,12.03441333770752,0
2024-12-02,12.03441333770752,12.03441333770752,12.03441333770752,12.03441333770752,0
2024-12-03,12.03441333770752,12.03441333770752,12.03441333770752,12.03441333770752,0
2024-12-04,12.03441333770752,12.03441333770752,12.03441333770752,12.03441333770752,0
2024-12-05,12.03441333770752,12.03441333770752,12.03441333770752,12.03441333770752,0
2024-12-06,12.03441333770752,12.03441333770752,12.03441333770752,12.03441333770752,0
2024-12-09,12.03441333770752,12.03441333770752,12.03441333770752,12.03441333770752,0
2024-12-10,14.28806209564209,14.28806209564209,14.28806209564209,14.28806209564209,446
2024-12-11,14.28806209564209,14.28806209564209,14.28806209564209,14.28806209564209,0
2024-12-12,14.28806209564209,14.28806209564209,14.28806209564209,14.28806209564209,0
2024-12-13,14.28806209564209,14.28806209564209,14.28806209564209,14.28806209564209,0
2024-12-16,14.28806209564209,14.28806209564209,14.28806209564209,14.28806209564209,0
2024-12-17,14.28806209564209,14.28806209564209,14.28806209564209,14.28806209564209,0
2024-12-18,14.28806209564209,14.28806209564209,14.28806209564209,14.28806209564209,0
2024-12-19,14.28806209564209,14.28806209564209,14.28806209564209,14.28806209564209,0
2024-12-20,14.28806209564209,14.28806209564209,14.28806209564209,14.28806209564209,0
2024-12-23,14.28806209564209,14.28806209564209,14.28806209564209,14.28806209564209,0
2024-12-24,14.28806209564209,14.28806209564209,14.28806209564209,14.28806209564209,0
2024-12-26,14.28806209564209,14.28806209564209,14.28806209564209,14.28806209564209,0
2024-12-27,14.28806209564209,14.28806209564209,14.28806209564209,14.28806209564209,0
2024-12-30,14.28806209564209,14.28806209564209,14.28806209564209,14.28806209564209,0
2024-12-31,15.370038986206055,16.304387817413012,16.304387817413012,15.370038986206055,12014
2025-01-02,15.276603698730469,15.276603698730469,15.276603698730469,15.276603698730469,668
2025-01-03,15.276603698730469,15.276603698730469,15.276603698730469,15.276603698730469,0
2025-01-06,15.276603698730469,15.276603698730469,15.276603698730469,15.276603698730469,0
2025-01-07,20.35011863708496,20.35011863708496,20.35011863708496,20.35011863708496,500
2025-01-08,20.35011863708496,20.35011863708496,20.35011863708496,20.35011863708496,0
2025-01-10,20.35011863708496,20.35011863708496,20.35011863708496,20.35011863708496,0
2025-01-13,20.35011863708496,20.35011863708496,20.35011863708496,20.35011863708496,0
2025-01-14,20.35011863708496,20.35011863708496,20.35011863708496,20.35011863708496,0
2025-01-15,20.35011863708496,20.35011863708496,20.35011863708496,20.35011863708496,0
2025-01-16,20.35011863708496,20.35011863708496,20.35011863708496,20.35011863708496,0
2025-01-17,20.35011863708496,20.35011863708496,20.35011863708496,20.35011863708496,0
2025-01-21,20.35011863708496,20.35011863708496,20.35011863708496,20.35011863708496,0
2025-01-22,20.35011863708496,20.35011863708496,20.35011863708496,20.35011863708496,0
2025-01-23,20.35011863708496,20.35011863708496,20.35011863708496,20.35011863708496,0
2025-01-24,20.35011863708496,20.35011863708496,20.35011863708496,20.35011863708496,0
2025-01-27,20.35011863708496,20.35011863708496,20.35011863708496,20.35011863708496,0
2025-01-28,20.35011863708496,20.35011863708496,20.35011863708496,20.35011863708496,0
2025-01-29,20.35011863708496,20.35011863708496,20.35011863708496,20.35011863708496,0
2025-01-30,20.35011863708496,20.35011863708496,20.35011863708496,20.35011863708496,0
2025-01-31,20.35011863708496,20.35011863708496,20.35011863708496,20.35011863708496,0
2025-02-03,20.35011863708496,20.35011863708496,20.35011863708496,20.35011863708496,0
2025-02-04,20.35011863708496,20.35011863708496,20.35011863708496,20.35011863708496,0
2025-02-05,20.35011863708496,20.35011863708496,20.35011863708496,20.35011863708496,0
2025-02-06,20.35011863708496,20.35011863708496,20.35011863708496,20.35011863708496,0
2025-02-07,20.35011863708496,20.35011863708496,20.35011863708496,20.35011863708496,0
2025-02-10,20.35011863708496,20.35011863708496,20.35011863708496,20.35011863708496,0
2025-02-11,20.35011863708496,20.35011863708496,20.35011863708496,20.35011863708496,0
2025-02-12,20.35011863708496,20.35011863708496,20.35011863708496,20.35011863708496,0
2025-02-13,20.35011863708496,20.35011863708496,20.35011863708496,20.35011863708496,0
2025-02-14,20.35011863708496,20.35011863708496,20.35011863708496,20.35011863708496,0
2025-02-18,20.35011863708496,20.35011863708496,20.35011863708496,20.35011863708496,0
2025-02-19,20.35011863708496,20.35011863708496,20.35011863708496,20.35011863708496,0
2025-02-20,20.35011863708496,20.35011863708496,20.35011863708496,20.35011863708496,0
2025-02-21,20.35011863708496,20.35011863708496,20.35011863708496,20.35011863708496,0
2025-02-24,20.35011863708496,20.35011863708496,20.35011863708496,20.35011863708496,0
2025-02-25,20.35011863708496,20.35011863708496,20.35011863708496,20.35011863708496,0
2025-02-26,20.35011863708496,20.35011863708496,20.35011863708496,20.35011863708496,0
2025-02-27,20.35011863708496,20.35011863708496,20.35011863708496,20.35011863708496,0
2025-02-28,20.35011863708496,20.35011863708496,20.35011863708496,20.35011863708496,0
2025-03-03,20.35011863708496,20.35011863708496,20.35011863708496,20.35011863708496,0
2025-03-04,20.35011863708496,20.35011863708496,20.35011863708496,20.35011863708496,0
2025-03-05,20.35011863708496,20.35011863708496,20.35011863708496,20.35011863708496,0
2025-03-06,20.35011863708496,20.35011863708496,20.35011863708496,20.35011863708496,0
2025-03-07,20.35011863708496,20.35011863708496,20.35011863708496,20.35011863708496,0
2025-03-10,20.35011863708496,20.35011863708496,20.35011863708496,20.35011863708496,0
2025-03-11,20.35011863708496,20.35011863708496,20.35011863708496,20.35011863708496,0
2025-03-12,20.80714988708496,20.80714988708496,20.80714988708496,20.80714988708496,0
2025-03-13,20.80714988708496,20.80714988708496,20.80714988708496,20.80714988708496,0
2025-03-14,20.80714988708496,20.80714988708496,20.80714988708496,20.80714988708496,0
2025-03-17,20.80714988708496,20.80714988708496,20.80714988708496,20.80714988708496,0
2025-03-18,20.80714988708496,20.80714988708496,20.80714988708496,20.80714988708496,0
2025-03-19,20.80714988708496,20.80714988708496,20.80714988708496,20.80714988708496,0
2025-03-20,20.80714988708496,20.80714988708496,20.80714988708496,20.80714988708496,0
2025-03-21,17.406164169311523,18.074897904632625,18.074897904632625,17.406164169311523,15664
2025-03-24,17.406164169311523,17.406164169311523,17.406164169311523,17.406164169311523,0
2025-03-25,17.406164169311523,17.406164169311523,17.406164169311523,17.406164169311523,0
2025-03-26,17.406164169311523,17.406164169311523,17.406164169311523,17.406164169311523,0
2025-03-27,17.406164169311523,17.406164169311523,17.406164169311523,17.406164169311523,0
2025-03-28,17.406164169311523,17.406164169311523,17.406164169311523,17.406164169311523,0
2025-03-31,17.406164169311523,17.406164169311523,17.406164169311523,17.406164169311523,0
2025-04-01,17.406164169311523,17.406164169311523,17.406164169311523,17.406164169311523,0
2025-04-02,18.628990173339844,18.628990173339844,18.628990173339844,18.628990173339844,285
2025-04-03,18.628990173339844,18.628990173339844,18.628990173339844,18.628990173339844,0
2025-04-04,18.628990173339844,18.628990173339844,18.628990173339844,18.628990173339844,0
2025-04-07,18.628990173339844,18.628990173339844,18.628990173339844,18.628990173339844,0
2025-04-08,18.628990173339844,18.628990173339844,18.628990173339844,18.628990173339844,0
2025-04-09,18.628990173339844,18.628990173339844,18.628990173339844,18.628990173339844,0
2025-04-10,18.628990173339844,18.628990173339844,18.628990173339844,18.628990173339844,0
2025-04-11,18.628990173339844,18.628990173339844,18.628990173339844,18.628990173339844,0
2025-04-14,18.628990173339844,18.628990173339844,18.628990173339844,18.628990173339844,0
2025-04-15,18.628990173339844,18.628990173339844,18.628990173339844,18.628990173339844,0
2025-04-16,18.628990173339844,18.628990173339844,18.628990173339844,18.628990173339844,0
2025-04-17,18.628990173339844,18.628990173339844,18.628990173339844,18.628990173339844,0
2025-04-21,18.628990173339844,18.628990173339844,18.628990173339844,18.628990173339844,0
2025-04-22,18.628990173339844,18.628990173339844,18.628990173339844,18.628990173339844,0
2025-04-23,18.628990173339844,18.628990173339844,18.628990173339844,18.628990173339844,0
2025-04-24,16.766090393066406,16.766090393066406,16.766090393066406,16.766090393066406,115
2025-04-25,16.766090393066406,16.766090393066406,16.766090393066406,16.766090393066406,0
2025-04-28,16.766090393066406,16.766090393066406,16.766090393066406,16.766090393066406,0
2025-04-29,16.766090393066406,16.766090393066406,16.766090393066406,16.766090393066406,0
2025-04-30,16.766090393066406,16.766090393066406,16.766090393066406,16.766090393066406,0
2025-05-01,16.766090393066406,16.766090393066406,16.766090393066406,16.766090393066406,0
2025-05-02,16.766090393066406,16.766090393066406,16.766090393066406,16.766090393066406,0
2025-05-05,16.766090393066406,16.766090393066406,16.766090393066406,16.766090393066406,0
2025-05-06,16.766090393066406,16.766090393066406,16.766090393066406,16.766090393066406,0
2025-05-07,16.766090393066406,16.766090393066406,16.766090393066406,16.766090393066406,0
2025-05-08,16.766090393066406,16.766090393066406,16.766090393066406,16.766090393066406,0
2025-05-09,16.766090393066406,16.766090393066406,16.766090393066406,16.766090393066406,0
2025-05-12,16.766090393066406,16.766090393066406,16.766090393066406,16.766090393066406,0
2025-05-13,16.766090393066406,16.766090393066406,16.766090393066406,16.766090393066406,0
2025-05-14,16.766090393066406,16.766090393066406,16.766090393066406,16.766090393066406,0
2025-05-15,16.766090393066406,16.766090393066406,16.766090393066406,16.766090393066406,0
2025-05-16,16.766090393066406,16.766090393066406,16.766090393066406,16.766090393066406,0
2025-05-19,16.766090393066406,16.766090393066406,16.766090393066406,16.766090393066406,0
2025-05-20,16.766090393066406,16.766090393066406,16.766090393066406,16.766090393066406,0
2025-05-21,16.766090393066406,16.766090393066406,16.766090393066406,16.766090393066406,0
2025-05-22,16.766090393066406,16.766090393066406,16.766090393066406,16.766090393066406,0
2025-05-23,16.766090393066406,16.766090393066406,16.766090393066406,16.766090393066406,0
2025-05-27,16.766090393066406,16.766090393066406,16.766090393066406,16.766090393066406,0
2025-05-28,16.766090393066406,16.766090393066406,16.766090393066406,16.766090393066406,0
2025-05-29,16.766090393066406,16.766090393066406,16.766090393066406,16.766090393066406,0
2025-05-30,16.766090393066406,16.766090393066406,16.766090393066406,16.766090393066406,0
2025-06-02,16.766090393066406,16.766090393066406,16.766090393066406,16.766090393066406,0
2025-06-03,16.766090393066406,16.766090393066406,16.766090393066406,16.766090393066406,0
2025-06-04,16.766090393066406,16.766090393066406,16.766090393066406,16.766090393066406,0
2025-06-05,16.766090393066406,16.766090393066406,16.766090393066406,16.766090393066406,0
2025-06-06,16.766090393066406,16.766090393066406,16.766090393066406,16.766090393066406,0
2025-06-09,16.766090393066406,16.766090393066406,16.766090393066406,16.766090393066406,0
2025-06-10,16.766090393066406,16.766090393066406,16.766090393066406,16.766090393066406,0
2025-06-11,16.766090393066406,16.766090393066406,16.766090393066406,16.766090393066406,0
2025-06-12,16.766090393066406,16.766090393066406,16.766090393066406,16.766090393066406,0
2025-06-13,16.766090393066406,16.766090393066406,16.766090393066406,16.766090393066406,0
2025-06-16,16.766090393066406,16.766090393066406,16.766090393066406,16.766090393066406,0
2025-06-17,16.766090393066406,16.766090393066406,16.766090393066406,16.766090393066406,0
2025-06-18,16.766090393066406,16.766090393066406,16.766090393066406,16.766090393066406,0
2025-06-20,16.766090393066406,16.766090393066406,16.766090393066406,16.766090393066406,0
2025-06-23,16.766090393066406,16.766090393066406,16.766090393066406,16.766090393066406,0
2025-06-24,16.766090393066406,16.766090393066406,16.766090393066406,16.766090393066406,0
2025-06-25,16.766090393066406,16.766090393066406,16.766090393066406,16.766090393066406,0
2025-06-26,16.766090393066406,16.766090393066406,16.766090393066406,16.766090393066406,0
2025-06-27,16.766090393066406,16.766090393066406,16.766090393066406,16.766090393066406,0
2025-06-30,16.766090393066406,16.766090393066406,16.766090393066406,16.766090393066406,0
2025-07-01,16.766090393066406,16.766090393066406,16.766090393066406,16.766090393066406,0
2025-07-02,16.766090393066406,16.766090393066406,16.766090393066406,16.766090393066406,0
2025-07-03,16.766090393066406,16.766090393066406,16.766090393066406,16.766090393066406,0
2025-07-07,16.766090393066406,16.766090393066406,16.766090393066406,16.766090393066406,0
2025-07-08,16.766090393066406,16.766090393066406,16.766090393066406,16.766090393066406,0
2025-07-09,16.766090393066406,16.766090393066406,16.766090393066406,16.766090393066406,0
2025-07-10,16.766090393066406,16.766090393066406,16.766090393066406,16.766090393066406,0
2025-07-11,16.766090393066406,16.766090393066406,16.766090393066406,16.766090393066406,0
2025-07-14,16.766090393066406,16.766090393066406,16.766090393066406,16.766090393066406,0
2025-07-15,16.766090393066406,16.766090393066406,16.766090393066406,16.766090393066406,0
2025-07-16,16.766090393066406,16.766090393066406,16.766090393066406,16.766090393066406,0
2025-07-17,16.766090393066406,16.766090393066406,16.766090393066406,16.766090393066406,0
2025-07-18,16.766090393066406,16.766090393066406,16.766090393066406,16.766090393066406,0
2025-07-21,16.766090393066406,16.766090393066406,16.766090393066406,16.766090393066406,0
2025-07-22,16.766090393066406,16.766090393066406,16.766090393066406,16.766090393066406,0
2025-07-23,16.766090393066406,16.766090393066406,16.766090393066406,16.766090393066406,0
2025-07-24,16.766090393066406,16.766090393066406,16.766090393066406,16.766090393066406,0
2025-07-25,16.766090393066406,16.766090393066406,16.766090393066406,16.766090393066406,0
2025-07-28,16.766090393066406,16.766090393066406,16.766090393066406,16.766090393066406,0
2025-07-29,16.766090393066406,16.766090393066406,16.766090393066406,16.766090393066406,0
2025-07-30,16.766090393066406,16.766090393066406,16.766090393066406,16.766090393066406,0
2025-07-31,16.766090393066406,16.766090393066406,16.766090393066406,16.766090393066406,0
2025-08-01,16.766090393066406,16.766090393066406,16.766090393066406,16.766090393066406,0
2025-08-04,16.766090393066406,16.766090393066406,16.766090393066406,16.766090393066406,0
2025-08-05,16.766090393066406,16.766090393066406,16.766090393066406,16.766090393066406,0
2025-08-06,16.766090393066406,16.766090393066406,16.766090393066406,16.766090393066406,0
2025-08-07,16.766090393066406,16.766090393066406,16.766090393066406,16.766090393066406,0
2025-08-08,16.766090393066406,16.766090393066406,16.766090393066406,16.766090393066406,0
2025-08-11,16.766090393066406,16.766090393066406,16.766090393066406,16.766090393066406,0
2025-08-12,16.766090393066406,16.766090393066406,16.766090393066406,16.766090393066406,0
2025-08-13,16.766090393066406,16.766090393066406,16.766090393066406,16.766090393066406,0
2025-08-14,16.766090393066406,16.766090393066406,16.766090393066406,16.766090393066406,0
2025-08-15,16.766090393066406,16.766090393066406,16.766090393066406,16.766090393066406,0
2025-08-18,16.766090393066406,16.766090393066406,16.766090393066406,16.766090393066406,0
2025-08-19,16.766090393066406,16.766090393066406,16.766090393066406,16.766090393066406,0
2025-08-20,16.766090393066406,16.766090393066406,16.766090393066406,16.766090393066406,0
2025-08-21,16.766090393066406,16.766090393066406,16.766090393066406,16.766090393066406,0
2025-08-22,16.766090393066406,16.766090393066406,16.766090393066406,16.766090393066406,0
2025-08-25,16.766090393066406,16.766090393066406,16.766090393066406,16.766090393066406,0
2025-08-26,16.766090393066406,16.766090393066406,16.766090393066406,16.766090393066406,0
2025-08-27,17.153711318969727,17.153711318969727,17.153711318969727,17.153711318969727,0
2025-08-28,17.153711318969727,17.153711318969727,17.153711318969727,17.153711318969727,0
2025-08-29,17.153711318969727,17.153711318969727,17.153711318969727,17.153711318969727,0
2025-09-02,17.153711318969727,17.153711318969727,17.153711318969727,17.153711318969727,0
2025-09-03,17.153711318969727,17.153711318969727,17.153711318969727,17.153711318969727,0
2025-09-04,17.153711318969727,17.153711318969727,17.153711318969727,17.153711318969727,0
2025-09-05,17.153711318969727,17.153711318969727,17.153711318969727,17.153711318969727,0
2025-09-08,17.153711318969727,17.153711318969727,17.153711318969727,17.153711318969727,0
2025-09-09,17.153711318969727,17.153711318969727,17.153711318969727,17.153711318969727,0
2025-09-10,17.153711318969727,17.153711318969727,17.153711318969727,17.153711318969727,0
2025-09-11,17.153711318969727,17.153711318969727,17.153711318969727,17.153711318969727,0
2025-09-12,17.153711318969727,17.153711318969727,17.153711318969727,17.153711318969727,0
2025-09-15,17.153711318969727,17.153711318969727,17.153711318969727,17.153711318969727,0
2025-09-16,17.153711318969727,17.153711318969727,17.153711318969727,17.153711318969727,0
2025-09-17,17.153711318969727,17.153711318969727,17.153711318969727,17.153711318969727,0
2025-09-18,17.153711318969727,17.153711318969727,17.153711318969727,17.153711318969727,0
2025-09-19,17.153711318969727,17.153711318969727,17.153711318969727,17.153711318969727,0
2025-09-22,17.153711318969727,17.153711318969727,17.153711318969727,17.153711318969727,0
2025-09-23,17.153711318969727,17.153711318969727,17.153711318969727,17.153711318969727,0
2025-09-24,17.153711318969727,17.153711318969727,17.153711318969727,17.153711318969727,0
2025-09-25,17.153711318969727,17.153711318969727,17.153711318969727,17.153711318969727,0
2025-09-26,17.153711318969727,17.153711318969727,17.153711318969727,17.153711318969727,0
2025-09-29,17.153711318969727,17.153711318969727,17.153711318969727,17.153711318969727,0
2025-09-30,17.153711318969727,17.153711318969727,17.153711318969727,17.153711318969727,0
2025-10-01,17.153711318969727,17.153711318969727,17.153711318969727,17.153711318969727,0
2025-10-02,17.153711318969727,17.153711318969727,17.153711318969727,17.153711318969727,0
2025-10-03,17.153711318969727,17.153711318969727,17.153711318969727,17.153711318969727,0
2025-10-06,17.153711318969727,17.153711318969727,17.153711318969727,17.153711318969727,0
2025-10-07,17.153711318969727,17.153711318969727,17.153711318969727,17.153711318969727,0
2025-10-08,17.153711318969727,17.153711318969727,17.153711318969727,17.153711318969727,0
2025-10-09,17.153711318969727,17.153711318969727,17.153711318969727,17.153711318969727,0
2025-10-10,17.153711318969727,17.153711318969727,17.153711318969727,17.153711318969727,0
2025-10-13,17.153711318969727,17.153711318969727,17.153711318969727,17.153711318969727,0
2025-10-14,17.153711318969727,17.153711318969727,17.153711318969727,17.153711318969727,0
2025-10-15,17.153711318969727,17.153711318969727,17.153711318969727,17.153711318969727,0
2025-10-16,17.153711318969727,17.153711318969727,17.153711318969727,17.153711318969727,0
2025-10-17,17.153711318969727,17.153711318969727,17.153711318969727,17.153711318969727,0
2025-10-20,17.153711318969727,17.153711318969727,17.153711318969727,17.153711318969727,0
2025-10-21,17.153711318969727,17.153711318969727,17.153711318969727,17.153711318969727,0
2025-10-22,17.153711318969727,17.153711318969727,17.153711318969727,17.153711318969727,0
2025-10-23,17.153711318969727,17.153711318969727,17.153711318969727,17.153711318969727,0
2025-10-24,17.153711318969727,17.153711318969727,17.153711318969727,17.153711318969727,0
2025-10-27,17.153711318969727,17.153711318969727,17.153711318969727,17.153711318969727,0
2025-10-28,17.153711318969727,17.153711318969727,17.153711318969727,17.153711318969727,0
2025-10-29,17.153711318969727,17.153711318969727,17.153711318969727,17.153711318969727,0
2025-10-30,17.153711318969727,17.153711318969727,17.153711318969727,17.153711318969727,0
2025-10-31,17.153711318969727,17.153711318969727,17.153711318969727,17.153711318969727,0
2025-11-03,17.153711318969727,17.153711318969727,17.153711318969727,17.153711318969727,0
2025-11-04,17.153711318969727,17.153711318969727,17.153711318969727,17.153711318969727,0
2025-11-05,17.153711318969727,17.153711318969727,17.153711318969727,17.153711318969727,0
2025-11-06,17.153711318969727,17.153711318969727,17.153711318969727,17.153711318969727,0
2025-11-07,17.153711318969727,17.153711318969727,17.153711318969727,17.153711318969727,0
2025-11-10,17.153711318969727,17.153711318969727,17.153711318969727,17.153711318969727,0
2025-11-11,17.153711318969727,17.153711318969727,17.153711318969727,17.153711318969727,0
2025-11-12,17.153711318969727,17.153711318969727,17.153711318969727,17.153711318969727,0
2025-11-13,17.153711318969727,17.153711318969727,17.153711318969727,17.153711318969727,0
2025-11-14,17.153711318969727,17.153711318969727,17.153711318969727,17.153711318969727,0
2025-11-17,17.153711318969727,17.153711318969727,17.153711318969727,17.153711318969727,0
2025-11-18,17.153711318969727,17.153711318969727,17.153711318969727,17.153711318969727,0
2025-11-19,17.153711318969727,17.153711318969727,17.153711318969727,17.153711318969727,0
2025-11-20,17.153711318969727,17.153711318969727,17.153711318969727,17.153711318969727,0
2025-11-21,17.153711318969727,17.153711318969727,17.153711318969727,17.153711318969727,0
2025-11-24,17.153711318969727,17.153711318969727,17.153711318969727,17.153711318969727,0
2025-11-25,17.153711318969727,17.153711318969727,17.153711318969727,17.153711318969727,0
2025-11-26,17.153711318969727,17.153711318969727,17.153711318969727,17.153711318969727,0
2025-11-28,17.153711318969727,17.153711318969727,17.153711318969727,17.153711318969727,0
2025-12-01,17.153711318969727,17.153711318969727,17.153711318969727,17.153711318969727,0
2025-12-02,17.153711318969727,17.153711318969727,17.153711318969727,17.153711318969727,0
2025-12-03,17.153711318969727,17.153711318969727,17.153711318969727,17.153711318969727,0
2025-12-04,17.153711318969727,17.153711318969727,17.153711318969727,17.153711318969727,0
2025-12-05,17.153711318969727,17.153711318969727,17.153711318969727,17.153711318969727,0
2025-12-08,17.153711318969727,17.153711318969727,17.153711318969727,17.153711318969727,0
2025-12-09,17.153711318969727,17.153711318969727,17.153711318969727,17.153711318969727,0
2025-12-10,17.153711318969727,17.153711318969727,17.153711318969727,17.153711318969727,0
2025-12-11,17.153711318969727,17.153711318969727,17.153711318969727,17.153711318969727,0
2025-12-12,17.153711318969727,17.153711318969727,17.153711318969727,17.153711318969727,0
2025-12-15,17.153711318969727,17.153711318969727,17.153711318969727,17.153711318969727,0
2025-12-16,17.153711318969727,17.153711318969727,17.153711318969727,17.153711318969727,0
2025-12-17,17.153711318969727,17.153711318969727,17.153711318969727,17.153711318969727,0
2025-12-18,17.153711318969727,17.153711318969727,17.153711318969727,17.153711318969727,0
2025-12-19,17.153711318969727,17.153711318969727,17.153711318969727,17.153711318969727,0
2025-12-22,17.153711318969727,17.153711318969727,17.153711318969727,17.153711318969727,0
2025-12-23,17.153711318969727,17.153711318969727,17.153711318969727,17.153711318969727,0
2025-12-24,17.153711318969727,17.153711318969727,17.153711318969727,17.153711318969727,0
2025-12-26,17.153711318969727,17.153711318969727,17.153711318969727,17.153711318969727,0
2025-12-29,17.153711318969727,17.153711318969727,17.153711318969727,17.153711318969727,0
2025-12-30,17.153711318969727,17.153711318969727,17.153711318969727,17.153711318969727,0
2025-12-31,17.153711318969727,17.153711318969727,17.153711318969727,17.153711318969727,0
2026-01-02,17.153711318969727,17.153711318969727,17.153711318969727,17.153711318969727,0
