Date,Price,Open,High,Low,Vol.
2020-01-02,207.95384216308594,204.95021983697868,207.96374966670473,204.47440252196083,12077100
2020-01-03,206.85350036621094,205.40621831494474,208.56843626979165,205.1484719660643,11188400
2020-01-06,210.74929809570312,204.90064921266088,210.9277239141144,204.7222233942496,17058900
2020-01-07,211.20529174804688,210.9673906495363,212.71206425110722,209.9066978321433,14912400
2020-01-08,213.3464813232422,211.14580552041744,214.35760631734092,210.7592011294325,13475000
2020-01-09,216.399658203125,215.6462644733352,216.47896360236382,214.39723846872968,12642800
2020-01-10,216.16177368164062,217.2918493159677,217.96593774529924,215.52734552071945,12119400
2020-01-13,219.978271484375,217.68838251277953,220.03774676270825,217.3017780776525,14463400
2020-01-14,217.15306091308594,219.68086596283632,220.44416728003057,216.72681136156237,13288900
2020-01-15,219.224853515625,218.6895609435289,219.7502385844087,218.22365114653817,10036500
2020-01-16,219.83946228027344,220.6325011824369,220.69197645305633,218.47147055219048,10015300
2020-01-17,220.2062530517578,220.09721000545602,220.3549412394602,218.61026762459173,15905900
2020-01-21,219.51235961914062,220.22609320450323,220.43425667675686,217.21254803831434,14275800
2020-01-22,219.3933868408203,220.37475907681832,220.81093123768824,219.35372657567254,12212800
2020-01-23,217.84695434570312,218.82834170856364,219.5619053548799,217.36122954189034,11195000
2020-01-24,216.04278564453125,218.87788930555618,219.84935394961207,214.2287143914948,11905800
2020-01-27,212.99951171875,211.2449307896908,214.17915496687039,210.6501478512568,13810700
2020-01-28,215.89413452148438,214.25850379817922,216.83587688589316,211.6613157008704,13413800
2020-01-29,221.28675842285156,219.51234719018524,222.2483156951887,216.5483699652949,33181300
2020-01-30,207.70603942871094,204.7321544388939,209.58949387187724,202.9676505550127,48775500
2020-01-31,200.15237426757812,206.61560668606103,206.87335306305428,199.30976747903438,31359900
2020-02-03,202.41250610351562,201.6690349356694,203.35423322426226,200.73721531848193,15495600
2020-02-04,208.00340270996094,204.8213395474977,208.7667039889746,203.4137026585634,19628900
2020-02-05,208.28094482421875,210.66004622291484,210.87813228249038,206.89313819597234,12538200
2020-02-06,209.01449584960938,208.63779901915044,209.35153242109536,207.51763115549528,10567500
2020-02-07,210.48162841796875,208.46930116761217,210.9673683192804,208.10251180296524,12242500
2020-02-10,211.20529174804688,209.67870423741732,211.93885542902783,208.82619000718108,11856400
2020-02-11,205.3863983154297,208.36028309599743,209.02444888187566,204.71230989966838,25030800
2020-02-12,208.92529296875,206.04063650858083,209.38129524606632,205.59454173422142,13813700
2020-02-13,211.28460693359375,207.69612402270548,212.46425035483114,207.35907224095146,15396600
2020-02-14,212.31552124023438,212.1370954297724,213.05899236907703,210.79884134747206,10741700
2020-02-18,215.9040069580078,211.6910041264446,216.08243275864947,211.54230083328522,15609200
2020-02-19,215.59674072265625,216.09238818984397,216.41951733330308,214.22874887291087,12135100
2020-02-20,212.71206665039062,214.63518122349623,216.86559480295082,211.09625108363406,13109200
2020-02-21,208.35035705566406,211.62163328593365,212.3750270986265,207.0121180018901,14092300
2020-02-24,198.9727020263672,200.04330227154202,201.87718865486534,196.4448971524232,23080100
2020-02-25,195.0570831298828,200.48937442921064,201.7284929361897,194.24421412884456,21433500
2020-02-26,195.4833526611328,195.47344515740704,199.4584549193443,193.78824684047552,16524500
2020-02-27,188.0981903076172,190.15017782597852,194.1748323367813,187.85036660497212,21682600
2020-02-28,190.79452514648438,181.1095700157063,191.06217899708437,180.2372408143527,32568900
2020-03-02,194.72998046875,192.34095603269014,194.85885365128047,187.2060555030283,24949000
2020-03-03,184.27178955078125,194.511866637883,195.5229915679651,182.36850535212912,27984100
2020-03-04,190.09071350097656,187.52326321969804,190.16011140769461,184.7674644784254,23062500
2020-03-05,183.55809020996094,185.15407573782906,187.34484430595603,182.28923384163906,19333400
2020-03-06,179.5135955810547,176.77762701445522,182.18018136792298,174.72563924503544,24559600
2020-03-09,168.0244903564453,168.12362589966506,173.47661246240665,163.75201163538196,29949000
2020-03-10,176.63885498046875,173.14949241413558,176.73797540293373,168.02449918050053,24517800
2020-03-11,168.75807189941406,172.49524328393204,174.34897528169316,166.20052889861083,20373900
2020-03-12,153.1253204345703,158.15117758148926,165.14973209945882,152.99644726061157,43266300
2020-03-13,168.79769897460938,162.10645821675976,169.303253942079,156.2280865595839,35028600
2020-03-16,144.73895263671875,150.9940357178259,157.74475108781604,141.85429617806886,39120400
2020-03-17,148.11929321289062,149.42780983914605,152.59995073103067,138.78129637211103,34255600
2020-03-18,145.68069458007812,138.53345221468916,146.8900603543709,135.9065269708406,37553100
2020-03-19,151.79698181152344,145.3436428023484,158.53777453936144,143.53949408136737,39862300
2020-03-20,148.4265899658203,154.661843728049,157.88355234458237,146.71165392213462,32568400
2020-03-23,146.810791015625,148.35720874770473,150.98413436617852,141.0117093943652,29830800
2020-03-24,159.57864379882812,153.8588832945832,159.90577292075932,151.24186544509297,30440400
2020-03-25,154.85015869140625,157.53655897842415,161.57113584893722,151.7275711707044,35184300
2020-03-26,161.91810607910156,156.8724186451682,162.57236434633546,155.65313014783945,26556800
2020-03-27,155.4251251220703,156.822854600928,158.69640141000696,153.4028901241598,24879900
2020-03-30,164.50537109375,157.79430097848623,165.29840996886728,156.6840556288971,22515200
2020-03-31,165.34800720214844,164.03949055611406,169.44204522135595,162.77063418018074,23676300
2020-04-01,158.2106475830078,160.2130520801374,162.7210265785667,156.66421507274933,19507600
2020-04-02,156.81292724609375,157.71500914670497,159.9454224525926,154.56268380888545,20886300
2020-04-03,152.8378143310547,155.78196089154505,156.53535456754975,149.5169860585192,25983300
2020-04-06,164.10888671875,158.7558847591794,164.75322240440192,157.13016159944928,28453600
2020-04-07,167.3603057861328,170.29452997421248,171.88060773195613,164.56484714145031,31411900
2020-04-08,172.7628631591797,169.75924101007092,173.4765966526272,166.2798015739834,21664200
2020-04-09,173.66494750976562,174.36875838401778,175.53849417465915,170.07646498649927,23534300
2020-04-13,173.2684326171875,172.15818714577597,173.4766112060572,167.97492136833023,19355400
2020-04-14,176.6190185546875,177.4219650400709,179.65237866656275,175.08250836457879,21011800
2020-04-15,175.42945861816406,173.6649549167508,176.6388395990374,171.31559085805145,17423000
2020-04-16,174.71572875976562,176.40092708998696,176.50006263186586,171.00828033251065,23593200
2020-04-17,177.6796875,177.64002723699403,178.71062744877847,175.12214507061915,20974800
2020-04-20,176.6884307861328,175.8656540998726,178.92875209836166,175.23122588860662,16110700
2020-04-21,169.3131561279297,173.72441499563723,173.853288160905,166.87456424632103,24850500
2020-04-22,180.69325256347656,176.89659087370293,183.17149007957204,176.5892918418609,33242000
2020-04-23,183.51840209960938,182.47753958583002,185.42168620648368,181.5556276018686,21426600
2020-04-24,188.41542053222656,181.63495222175106,188.7524571530218,179.25585061783767,28792000
2020-04-27,185.86776733398438,190.98285192124544,192.06335957845053,185.77855443589388,29197800
2020-04-28,181.3177490234375,187.01769454861898,187.55298712512695,180.97078976717316,21731000
2020-04-29,192.49954223632812,189.26791146399665,195.19586533888122,188.346014547985,45954500
2020-04-30,202.927978515625,205.118731697235,207.86462270917676,199.81531324385696,46230100
2020-05-01,200.50921630859375,199.84505056505395,205.47559813020527,197.3172456375188,30415600
2020-05-04,203.47315979003906,198.4572106556223,204.11751046847357,197.0297437614412,19250700
2020-05-05,205.26744079589844,205.21787302604636,208.54862447224508,204.70239544631238,21071200
2020-05-06,206.6552276611328,206.30826843159727,209.75798521785813,204.86098649767018,21857000
2020-05-07,209.4209442138672,209.3218238046091,209.75799595802985,207.2202684404872,15152000
2020-05-08,210.50148010253906,210.3924370574454,211.35399432982777,209.014537738149,12506000
2020-05-11,211.32421875,209.0541603075515,213.1283825511253,208.53868277495025,12911900
2020-05-12,208.2710723876953,211.43329053203627,213.40597290270924,208.17193684357613,14704600
2020-05-13,203.3145751953125,207.6068684880649,208.9451225557358,200.3505982153826,20684600
2020-05-14,205.00970458984375,200.79670108521395,205.12865514260832,198.94298438348417,17178900
2020-05-15,209.04428100585938,203.483115808215,209.50026820601656,202.3431175559014,19383200
2020-05-18,211.33416748046875,210.30321228793318,212.77154209652375,209.10375389922334,20151900
2020-05-19,214.99203491210938,211.41345984857227,218.57060997564648,210.97728768832476,31843200
2020-05-20,227.9680938720703,221.554414532137,229.3261630716245,221.2471155272125,50162900
2020-05-21,229.37570190429688,232.67671538524047,235.13512224043916,229.18735347318037,47782600
2020-05-22,232.86509704589844,229.49468518792358,233.93569739189326,226.7488091058961,33925600
2020-05-26,230.1786651611328,237.6827745670303,238.8029274814234,229.65328009154226,33178300
2020-05-27,227.14529418945312,227.0759114176311,228.55293101712496,219.20502813569777,34697600
2020-05-28,223.4973602294922,222.3474544873753,229.6136480957041,222.05006298497125,29377200
2020-05-29,223.13055419921875,223.2395972377781,225.50967091525212,220.93980105083412,23241500
2020-06-01,229.89120483398438,222.63491887570348,230.4165899230667,221.5544110604934,18223800
2020-06-02,230.69415283203125,228.9296491010326,230.97171419695508,224.58777255178694,20919000
2020-06-03,228.15643310546875,230.08945509538248,230.62474767491267,226.5406176115093,15380300
2020-06-04,224.32009887695312,227.56163718394748,229.61362472834423,222.65473083450817,17041500
2020-06-05,228.76112365722656,224.73646886520714,229.3360765026521,223.34864695784768,16750400
2020-06-08,229.38563537597656,227.03627128724105,229.53433868756787,225.43037837858236,15466500
2020-06-09,236.59234619140625,229.50459387983992,237.68277660516696,228.40425596266664,27462900
2020-06-10,234.66921997070312,238.86240797621303,239.11023168276265,233.23184549790702,20720700
2020-06-11,222.47630310058594,227.93834758086746,230.8626644574939,221.60397389010276,26708200
2020-06-12,226.5901641845703,227.89866543766377,229.64335394306582,222.54567963926294,22091400
2020-06-15,230.47604370117188,223.1305455168529,231.73499234719503,222.84307667690538,15340300
2020-06-16,233.59864807128906,235.07568298678672,236.38419957650984,230.971722513685,15236700
2020-06-17,233.4796600341797,232.9542750070065,235.52172487578997,229.71273681738543,19578100
2020-06-18,233.8861083984375,232.94438131987675,234.08436434245675,230.12909246135095,15782500
2020-06-19,236.71128845214844,235.71999361104298,238.73353839854053,233.49950284758046,30081300
2020-06-22,237.13755798339844,236.48329974456362,238.6046701431826,234.8476692734358,18917800
2020-06-23,240.13128662109375,239.17963684344247,243.0556036069175,237.77199987359415,24017900
2020-06-24,231.98280334472656,239.10029244186845,241.10271208693533,230.6544568741818,20834900
2020-06-25,233.6283721923828,232.57760203013643,235.23428019830692,230.7139779243627,18704300
2020-06-26,214.1990203857422,230.61486278014593,231.06094249447975,213.52493193606986,76343900
2020-06-29,218.7193145751953,207.9241133024566,218.8283576234436,205.30709527045812,58514300
2020-06-30,225.09332275390625,218.66972140918193,225.51957226740208,216.56818122440345,33927100
2020-07-01,235.4821014404297,226.51087976376274,236.91947598923105,225.57906015771016,43399700
2020-07-02,231.38807678222656,236.91950469010675,237.91079968881013,230.58513025343063,30633600
2020-07-06,238.18833923339844,231.7250921993472,238.30728978202592,230.2480724673563,26206200
2020-07-07,238.76329040527344,237.32591582434424,245.49417612610122,236.7410554631184,27887800
2020-07-08,241.45962524414062,236.0372406686119,244.83994464698375,234.53046811241302,29791300
2020-07-09,242.37159729003906,242.86724472826,244.3839246791393,237.15739168530018,22174900
2020-07-10,242.9366455078125,241.56865372181096,243.3529875457348,237.23669990075217,22982700
2020-07-13,236.9195098876953,244.85977755615852,247.97244331533494,236.34455696071856,24674900
2020-07-14,237.6431121826172,234.6989652429233,238.237895148075,230.01014479769046,23378100
2020-07-15,238.18833923339844,239.4472880015589,242.6888265852968,235.97775582429836,19133600
2020-07-16,238.83270263671875,235.9282154797199,239.6554793209441,234.27275460638518,18880700
2020-07-17,239.923095703125,238.90206319911425,242.0345586123702,235.78939791848782,18152400
2020-07-20,243.28359985351562,237.97025842481224,243.9081204995895,233.58873665026343,20872200
2020-07-21,239.64556884765625,244.0766587557643,244.76065473333233,237.99010799482713,19364200
2020-07-22,237.78187561035156,238.16847997206924,239.79420281697912,236.04710973388242,15427900
2020-07-23,230.5751953125,237.54399711408567,240.309703175952,229.73258861347995,21771800
2020-07-24,228.70167541503906,228.18619778132597,231.4574742966432,224.92482877063276,18325800
2020-07-27,231.4673614501953,229.44512648952175,232.90473604428718,228.82060585600848,13163100
2020-07-28,228.1167449951172,232.58749403674938,232.91462312218277,227.82927617056168,14170100
2020-07-29,231.25917053222656,229.12789264007753,231.66560505382344,228.30511609365914,13588300
2020-07-30,232.45864868164062,228.21590781769854,232.84525307867406,227.006526857551,20615300
2020-07-31,251.46176147460938,253.59305446658362,253.622792101852,246.83241636433706,53005100
2020-08-03,249.76666259765625,250.45064335351154,253.1767042514364,248.15084711603382,23124900
2020-08-04,247.65518188476562,249.3701176547829,250.5993286530493,245.2760652874072,17183500
2020-08-05,246.95140075683594,248.01209364666838,250.0739890216828,245.61316160843958,13050100
2020-08-06,262.970703125,246.87206891607784,264.27921961993843,246.50529465278117,45241600
2020-08-07,266.1031799316406,261.7811188499135,276.4622227468874,261.1367832769081,72766400
2020-08-10,260.71051025390625,265.7066440920455,271.4759563465139,257.42932716478015,30248800
2020-08-11,253.9003448486328,257.92499936219986,263.6051295214165,252.90905003737163,28238300
2020-08-12,257.6275939941406,256.7155895596873,261.6026651681457,255.86306038705558,21415700
2020-08-13,259.02532958984375,259.2731532998424,262.85174340322044,257.3104088778803,17374000
2020-08-14,258.9658508300781,260.02654355504006,260.3635801658666,256.42813849404035,14792700
2020-08-17,258.8865661621094,260.2148976283439,261.80097543570025,257.14187754882556,13351100
2020-08-18,260.0562744140625,258.67839037193426,262.8418103841831,257.00309973841337,18690400
2020-08-19,260.30413818359375,259.1146023906641,265.57783459615337,259.0749421219901,23291500
2020-08-20,266.66827392578125,259.2236388985947,267.282871976935,259.18397862860735,20299700
2020-08-21,264.6856384277344,266.3510064576947,268.1353250252356,264.10077811668583,15538600
2020-08-24,269.0275573730469,268.7103357210728,274.836531396704,266.4303391309209,23685600
2020-08-25,278.37542724609375,270.03863392111543,280.6256556665897,267.9073560424017,42127200
2020-08-26,301.26446533203125,281.52777836633004,302.0178592082746,281.52777836633004,69015200
2020-08-27,290.6674499511719,297.5470379871194,298.60773063791044,289.47788414162295,30301300
2020-08-28,291.1036071777344,292.43193845438225,294.64253654084496,288.4469446244386,17157400
2020-08-31,290.6476745605469,291.39114572986756,294.2956325042199,289.0120137865058,17345100
2020-09-01,292.8681945800781,292.14453834590944,298.8655171752459,290.16194836378156,17295900
2020-09-02,299.86669921875,296.2782166171665,300.9571296299292,290.4989505638761,24341400
2020-09-03,288.58575439453125,293.413355515593,295.00935596893214,281.1609655842515,32294100
2020-09-04,280.2687683105469,284.7494095739898,286.48417534162945,268.7796660853804,30333700
2020-09-08,268.799560546875,268.9185111086546,276.86868625746473,267.0747168972243,24864000
2020-09-09,271.3372802734375,273.36942301001955,276.05585435687937,268.9879158627583,22918800
2020-09-10,265.7562255859375,273.11164648670973,276.7298665418841,264.70545549324396,24814700
2020-09-11,264.2890930175781,267.70907219012685,269.0275112197422,260.35368168986014,18913900
2020-09-14,263.8330993652344,268.59133245530916,274.2318021676468,263.3870348658596,24093800
2020-09-15,270.0486145019531,268.3138481408767,272.1303099337052,266.95574849230314,18478500
2020-09-16,261.2259826660156,264.9631832495727,270.0683451819501,259.51106210293534,29183400
2020-09-17,252.6017608642578,256.0316325737268,259.2236031998785,248.01206086978098,31281400
2020-09-18,250.33169555664062,256.1505916786772,256.9436457361105,247.87328848243533,28130800
2020-09-21,245.98983764648438,245.38514711738756,247.7741715951275,242.0048428081355,24709400
2020-09-22,252.53236389160156,251.1048968826202,253.09740921847296,246.0592097092851,30293100
2020-09-23,246.85227966308594,253.0379506453477,255.74418170008724,245.98984274655064,19641300
2020-09-24,247.35781860351562,244.35419622510534,250.04423447504365,243.4818518607491,20006800
2020-09-25,252.6017608642578,247.2289294679709,253.52365781403032,244.46322349269434,18351300
2020-09-28,254.58438110351562,257.14190881173045,257.3401799062247,252.60179116625955,18826300
2020-09-29,259.5111083984375,255.56574368325687,261.03768081045007,254.6636616660201,20200200
2020-09-30,259.6201171875,259.69943771719215,263.76372243232544,257.8357985443643,20142500
2020-10-01,264.3089904785156,263.04013408960924,265.9941738260117,262.4949036888926,20009800
2020-10-02,257.67724609375,258.93617995748286,262.8418850016038,256.92385215064286,16367600
2020-10-05,262.3462219238281,259.9175672673614,262.56430803907915,258.56939030437593,12822300
2020-10-06,256.4083251953125,259.50116023470514,263.3771266628919,255.99196805450927,18696900
2020-10-07,255.873046875,256.9535547369812,257.91511204563176,252.6017856507238,23133400
2020-10-08,261.46392822265625,257.48882636220674,262.3164272365639,256.89404342705984,16312800
2020-10-09,262.14794921875,262.21731687050624,262.44532558890444,259.88779804981755,14107800
2020-10-12,273.3495178222656,267.84784425154044,277.74094615184305,265.5381106231581,31019300
2020-10-13,273.7361755371094,275.16361229527485,276.67039983476207,271.01011468828443,18063300
2020-10-14,269.45379638671875,275.20329490670065,276.3234630231196,269.13657474718195,15577800
2020-10-15,264.3981628417969,265.2705071475953,266.69797414764406,261.374725658758,15416100
2020-10-16,263.6150207519531,265.0524103227984,269.00766692191854,262.99050018326744,16622700
2020-10-19,259.12445068359375,263.21850298492296,266.212202344182,257.6176935014616,13587000
2020-10-20,265.2308654785156,260.77003835359403,267.3522511210666,260.591612529058,18763200
2020-10-21,276.3036804199219,277.126442001298,280.5860520482215,273.96420836886614,28998600
2020-10-22,275.69891357421875,277.4336795285745,279.9912371337842,272.6457388053963,16720000
2020-10-23,282.31085205078125,276.37297568030806,282.75691655566266,274.4102313549974,17535200
2020-10-26,274.6976623535156,280.695013495499,282.7470008040622,271.8724966337441,21322900
2020-10-27,280.82391357421875,276.3333493209198,282.0332944455136,273.90466494967404,16287200
2020-10-28,265.33990478515625,276.3630986342593,276.3630986342593,264.9334702679964,23121800
2020-10-29,278.38531494140625,274.14257426165767,281.131220993011,271.3966984619704,32368100
2020-10-30,260.819580078125,272.1104432269322,274.2913040530158,256.84450820010375,47247800
2020-11-02,259.0848083496094,262.29662424575497,268.1155201945895,255.0998139298487,27165700
2020-11-03,262.99053955078125,260.8691840773539,267.69919058864355,258.6090327892569,17961900
2020-11-04,284.8783264160156,278.55386026436815,286.42474400302376,276.1945736182633,35364400
2020-11-05,292.1147155761719,289.35891751420473,294.79122337280705,286.4346162939396,23823600
2020-11-06,290.8558349609375,291.3911426677605,292.03547829068356,285.5524012917974,13891000
2020-11-09,276.34326171875,287.34664089380567,290.03304153749013,276.10536062910086,25117700
2020-11-10,270.05841064453125,270.7225914112201,271.61475060003454,261.7018034978435,29067700
2020-11-11,274.07318115234375,271.08937429838187,275.9764501158663,270.10800218443785,14957000
2020-11-12,272.6854248046875,274.7671504277152,277.314785927078,272.0410890825875,12899500
2020-11-13,274.5391540527344,275.30244028897164,275.34210055831124,270.7226623677045,10391200
2020-11-16,276.5316467285156,272.65567962026546,276.9777415825095,272.23935265833245,12970400
2020-11-17,272.6060791015625,275.26274199380117,275.26274199380117,270.91097340750423,15040300
2020-11-18,269.60247802734375,272.13026794843125,274.9753097532695,269.4736048486675,12152900
2020-11-19,270.5640563964844,268.660756709019,271.08944152995355,266.8467001921492,12963700
2020-11-20,267.3522033691406,270.18729180345906,270.62346390903343,267.0647194241224,18114700
2020-11-23,266.09326171875,268.53186876142325,268.5913440305697,262.22721796464464,20990800
2020-11-24,274.5093994140625,266.1527603426882,275.4015587814631,265.5381623396327,16930400
2020-11-25,273.19091796875,275.7187377457832,277.74095726511155,270.27650896816573,12467000
2020-11-27,275.3916320800781,274.9753051656759,276.70014860060974,272.4276700276529,7808400
2020-11-30,274.5589599609375,273.62714029983425,275.28261615577065,268.65085060588,16693300
2020-12-01,284.0555114746094,276.72985866879895,286.78157216151317,276.53158760898486,20738900
2020-12-02,285.0171203613281,282.87591958479686,289.2400466360361,278.3853545574932,17361600
2020-12-03,279.396484375,283.7581760525857,284.15468797747155,278.62327553330033,12921700
2020-12-04,277.26513671875,277.85988933084406,280.99238417949636,276.86859464146977,10880300
2020-12-07,283.09393310546875,276.7595755694278,285.97860437373845,275.7782034762741,13007700
2020-12-08,280.9329528808594,283.5202481560011,283.93657504961703,279.09905136815115,10747700
2020-12-09,275.500732421875,281.1907563037856,285.1261988454356,269.38442867883555,25189700
2020-12-10,274.7076416015625,273.1414089490046,276.30364214337,269.4934206756961,20065100
2020-12-11,271.1687316894531,272.14021166775035,274.0732489938562,267.8974703319594,14391400
2020-12-14,271.8031005859375,270.9902316584008,274.8067223651834,269.195990642688,16376900
2020-12-15,273.1512756347656,272.43754215406807,273.6766606794515,265.1416267975304,23979500
2020-12-16,273.2702941894531,272.3682121480805,275.4412023141703,270.13779849415783,15885000
2020-12-17,272.0906677246094,274.658118193766,277.998777567719,271.2282156464043,16377800
2020-12-18,273.993896484375,273.3693758749041,275.5799743294607,268.7797060305971,26693200
2020-12-21,270.4153747558594,270.60372322826663,272.27901421846406,265.4588996965588,16553700
2020-12-22,264.76495361328125,269.1365677921802,269.1365677921802,262.32637660769075,17312900
2020-12-23,265.77606201171875,264.5667112714952,269.8007471510173,263.912453005065,14329000
2020-12-24,265.072265625,266.5393930530124,268.04615049794745,263.8827298269738,6702000
2020-12-28,274.58868408203125,266.40057862337534,274.8860604477784,263.3474036780008,23299700
2020-12-29,274.37060546875,274.5391389152094,278.068146393808,273.8749580110601,16383000
2020-12-30,269.5033264160156,275.5304160537405,275.65925897281426,269.3447156095578,11803800
2020-12-31,270.7821350097656,269.63222922548516,274.6779169436286,267.4612908420822,12900400
2021-01-04,266.5988464355469,272.3880048825454,272.6060909653944,262.89141327903155,15106100
2021-01-05,268.61114501953125,265.9544822965635,270.02868928007945,265.87516177389597,9871600
2021-01-06,261.0178527832031,259.71925890881255,265.4192044764678,257.74659177557726,24354100
2021-01-07,266.4005126953125,263.5852395392517,269.2455234805886,262.4749943793305,15789800
2021-01-08,265.24078369140625,265.97433223689694,266.6087754939091,260.88898455886226,18528300
2021-01-11,254.60418701171875,258.2125150894725,261.17647725911263,253.67236735436126,30412300
2021-01-12,248.9042205810547,254.39600252775776,257.4590999880245,248.1211043039548,26383500
2021-01-13,249.44943237304688,249.36021946787713,251.73932102815726,247.03067054871875,19528900
2021-01-14,243.5016632080078,251.19410569943693,252.80992112440126,242.48063073575494,29739400
2021-01-15,249.171875,245.7419881512037,251.65011213394098,245.008439640171,24942900
2021-01-19,258.82708740234375,254.66363699564707,259.9175177709469,250.52003184687254,28028500
2021-01-20,265.1515197753906,266.5888789529504,267.96679312000975,261.30529146240366,25199900
2021-01-21,270.49462890625,266.91606891247517,271.21828505891534,265.16145761467874,20838700
2021-01-22,272.1104431152344,269.6421285577539,276.045884978016,269.6322059283925,21954000
2021-01-25,275.58990478515625,275.7187779624426,277.6617074955917,269.1464879361957,19087000
2021-01-26,279.5947265625,275.7187899571974,282.90567829369337,275.3916456849432,19373600
2021-01-27,269.77099609375,280.0705338960137,280.9825384725556,265.78597141936456,35346200
2021-01-28,262.693115234375,274.7670783269518,284.2934368405983,262.3957389028005,37758800
2021-01-29,256.0812072753906,262.9905341831644,264.23957548201406,252.63152026244686,30389500
2021-02-01,259.72918701171875,257.2608421338814,261.870387630748,252.69098715556086,22914300
2021-02-02,264.7550354003906,261.7018603405953,266.5096467798123,260.9782041542652,17320800
2021-02-03,264.3287658691406,263.30773338307216,266.8565858893887,261.5432297590339,14223400
2021-02-04,264.170166015625,264.6856587205512,265.82564179565304,261.70185141583977,16060000
2021-02-05,265.76617431640625,264.4774727682164,266.8268671421213,263.35733491932723,12454400
2021-02-08,264.2593078613281,266.41043050874197,267.5107530217398,262.69307566443393,13755200
2021-02-09,267.1044006347656,264.1205935539394,271.010104635264,263.43659770981697,14613400
2021-02-10,269.5033264160156,270.078294370915,271.41651821880134,265.38945883299453,14687200
2021-02-11,268.0362243652344,269.52316661445394,271.19842705014383,266.15273998135564,12828600
2021-02-12,268.1452331542969,268.1650481588498,268.8193063320809,266.00403283788114,9097600
2021-02-16,271.5850524902344,268.44263449070877,274.1921627978071,267.6991633498535,15417200
2021-02-17,271.1885681152344,268.8788339288771,271.5850800468727,267.233280673253,12763200
2021-02-18,267.044921875,267.22334767932983,269.5826341540799,263.71415560125973,15249100
2021-02-19,259.2830810546875,267.5108162885324,267.9172508111953,257.8853516724328,25622600
2021-02-22,258.0637512207031,255.70449510661345,260.7799194308348,255.2881379971181,17434900
2021-02-23,263.5456237792969,257.24100330589897,265.131701526364,252.74053152198047,21924600
2021-02-24,262.0091552734375,260.04638046071045,264.0611429978449,256.14070634660726,15736100
2021-02-25,252.47286987304688,260.01660862597595,264.6162309249058,251.8285191906388,19053100
2021-02-26,255.37738037109375,254.2373973173974,263.23834145442027,254.2373973173974,26619500
2021-03-01,262.60394287109375,258.549550247898,264.3287863643085,255.6549557487879,22157300
2021-03-02,256.745361328125,263.46633907482317,264.3882360075489,256.3984020867575,15191700
2021-03-03,253.1865997314453,258.02412302824894,258.7180112130726,252.8793007742391,15513500
2021-03-04,255.39720153808594,254.2373733351063,264.1701361360483,251.29322662960587,31626500
2021-03-05,261.9794006347656,258.4008407623917,263.13922891518143,253.38487613689907,26820100
2021-03-08,253.08750915527344,263.23835967806787,263.2680973162432,252.82977791576698,18391800
2021-03-09,263.42669677734375,258.9063944580968,266.19241801606705,257.5483252867858,22039700
2021-03-10,262.593994140625,266.3014573722322,266.62857135494477,260.58166684791667,14210300
2021-03-11,271.495849609375,265.7760587266134,275.4808441808268,265.48860498958203,21834000
2021-03-12,266.0635681152344,266.7971469759698,267.3918997658604,261.72169123749984,20600200
2021-03-15,271.3670349121094,266.73767346230477,273.5577886229611,266.1627356124251,16844800
2021-03-16,276.8488464355469,273.6766905634166,279.6839656622003,272.40783426494863,22437700
2021-03-17,281.5376892089844,273.30992295006973,283.7383652141493,273.01254656501544,21315000
2021-03-18,276.1945495605469,277.4336680480965,282.7073635915674,275.85751296216336,18728300
2021-03-19,287.5845031738281,278.77190864559003,290.2510884508248,278.75209364143296,38930500
2021-03-22,290.9847106933594,287.9216131112557,297.1009832280453,284.25380991481296,28273100
2021-03-23,288.1000061035156,290.5980580528056,295.4058437753718,287.2871371252847,23000900
2021-03-24,279.6839294433594,288.4667868520234,289.1805203182288,278.71244964849427,18675000
2021-03-25,276.3135070800781,278.53402803720337,285.55238201726075,275.33213489374356,24505600
2021-03-26,280.5562438964844,275.87733122221624,282.0233710937428,275.35194618737313,17629200
2021-03-29,288.2884216308594,283.28236368680797,290.62786332998365,282.2217010191801,21718800
2021-03-30,285.49298095703125,287.3070376293488,289.92407114237886,284.20430946320346,17474500
2021-03-31,291.966064453125,287.46557746389414,293.91891647417685,286.09758576107686,19498200
2021-04-01,296.0601501464844,295.8024037816997,299.76758353816194,294.01808499206,17616000
2021-04-05,306.22088623046875,298.2707126711446,308.0646800732676,298.0625189777315,28237000
2021-04-06,303.5939636230469,306.1514909677622,308.63965066599314,302.59274616641994,17335200
2021-04-07,310.36456298828125,303.6733214134147,311.51446887434105,302.8406372032178,22855200
2021-04-08,310.2950744628906,312.1091608122983,313.1301932036343,307.35092781961447,20894100
2021-04-09,309.7399597167969,308.68918966598244,312.00011061408475,307.62849698671556,15988600
2021-04-12,308.8280334472656,308.3422783563518,309.43270883850846,305.24944299017716,10881900
2021-04-13,307.0634765625,309.4921305893615,311.69280618114584,306.62730444507133,14036900
2021-04-14,300.18389892578125,304.62488027342675,305.3485363689106,299.3214772891418,17421400
2021-04-15,305.140380859375,303.67325362495666,307.44019211811167,301.4527628934411,14558300
2021-04-16,303.5146789550781,305.4873764666447,306.2605853135544,301.9583386311956,13059200
2021-04-19,299.60894775390625,302.3548538676935,305.02143945188504,297.9435796554135,14553500
2021-04-20,300.0153503417969,299.3610921759027,302.4440345825293,294.6227044761672,16796400
2021-04-21,298.8456115722656,299.3214439144217,299.3511815450619,294.8011425456353,14863500
2021-04-22,293.9387512207031,298.7068772430014,300.2830627469146,293.46294903258087,16375400
2021-04-23,298.5086364746094,296.1592724145303,299.9559185503014,294.56327190310105,17536800
2021-04-26,300.4020080566406,300.6993844190325,303.1379613464025,298.9348807476967,16172600
2021-04-27,300.9273986816406,301.6312095868947,302.6819797559511,298.48879145737527,15309300
2021-04-28,304.4266357421875,304.6843518160159,308.21338909650177,302.71168486658456,33907200
2021-04-29,326.6415710449219,327.24624637387615,328.9215370666334,318.8103176400919,56526800
2021-04-30,322.2501220703125,323.30092246115237,326.94888031144205,321.67518435826673,26332400
2021-05-03,319.7718811035156,323.33065625563813,325.6899125995795,319.03833259122655,18719500
2021-05-04,315.588623046875,317.2341761756683,319.3852993731885,310.3942475633502,24032600
2021-05-05,312.2776794433594,315.4200972947365,318.2651085526417,311.75229440533417,15577600
2021-05-06,317.2342224121094,311.78209978488167,317.4523085272754,310.5429810059663,19012200
2021-05-07,316.3023986816406,319.57369036788026,320.1288131536804,315.9752846389781,15916700
2021-05-10,303.3065185546875,311.6135751168887,311.8415535952815,302.1764277852022,24239200
2021-05-11,303.8616027832031,298.1319198805301,304.1689017601003,297.08114978173637,18920100
2021-05-12,299.916259765625,298.50863794930353,302.3052841038309,295.59422852439974,24645500
2021-05-13,302.6026916503906,303.41553047906933,306.17132909823965,300.13434677159415,18079200
2021-05-14,313.1896667480469,306.8453863779117,314.09174860369416,306.3893690100581,19245700
2021-05-17,312.7138671875,310.82049037998314,312.9319532661647,308.8676383011867,15401300
2021-05-18,307.2617492675781,312.8427442229503,313.7448261843899,307.1130610875427,14522400
2021-05-19,310.860107421875,301.5419431100339,311.92080003207684,300.92734522432113,19106200
2021-05-20,315.8363952636719,310.85018404721916,316.47083840347307,310.4338572071494,17320200
2021-05-21,313.47723388671875,316.51059421636046,317.1450072957752,313.0608766690379,13600900
2021-05-24,321.8040466308594,315.4399204891148,323.11256307150484,315.26149467954974,16445400
2021-05-25,324.93658447265625,324.2327432673688,326.3144687405678,321.97259196124674,16437000
2021-05-26,324.80767822265625,325.4916740978203,326.9587711328472,322.9836993061915,9686900
2021-05-27,329.8533630371094,325.1447124753475,330.87439552779364,323.91551653562766,20477700
2021-05-28,325.8683166503906,328.1185447219946,329.97226096516323,325.4717745700418,12037400
2021-06-01,326.2648620605469,327.27597186491556,328.53493562097003,323.7965476914582,11765900
2021-06-02,326.28472900390625,327.50403269155,328.98105249667384,324.2724014515337,11654300
2021-06-03,323.2018127441406,322.9440663775023,324.53014434187793,320.664100101908,12610800
2021-06-04,327.47430419921875,323.06302941716547,329.56592209571414,322.3492958182066,13289400
2021-06-07,333.6499938964844,326.6118249458043,334.7503468667708,326.0665946490602,20136700
2021-06-08,330.7752380371094,333.76896766205743,335.3550151234234,329.34777112034703,14580500
2021-06-09,327.3751220703125,332.81732108058753,333.86809119455836,327.1272983594341,13727900
2021-06-10,329.5658874511719,327.91044194205926,331.03301476478316,325.6899208387667,13240200
2021-06-11,328.3763122558594,329.6847983491086,329.9326220393936,326.06657852133054,13587900
2021-06-14,333.83831787109375,329.010717339574,333.8879007591196,326.93891496834243,12250800
2021-06-15,333.81854248046875,334.05644356509714,336.9609604822202,332.11351411948954,15795200
2021-06-16,328.1979064941406,333.76900931696525,334.61158579150225,325.8584650203184,17232200
2021-06-17,333.58062744140625,327.61301330165884,335.0378320276333,327.2759766952282,17794100
2021-06-18,326.7902526855469,331.6178535993486,333.2237463610246,326.1359944767313,23039500
2021-06-21,329.3973693847656,328.20780348130495,330.02188997148664,324.79774682676305,11337500
2021-06-22,336.07867431640625,329.793868924314,336.9609412079676,329.7046560226814,15345300
2021-06-23,337.6251220703125,336.3959260905471,340.43050354273737,335.2559430204176,14817800
2021-06-24,340.19256591796875,338.87415705290726,341.8975943029009,338.8146817809146,12329100
2021-06-25,338.3982849121094,339.6076657205629,341.1243454822214,336.7229943597782,14594400
2021-06-28,352.54412841796875,339.4788388053115,355.0223656374678,338.79484291257626,29156100
2021-06-29,348.8267517089844,353.1685976460445,353.63450742549907,346.0114477744604,21417300
2021-06-30,344.68310546875,349.10430204570434,349.84777314361486,344.14782805963426,15107500
2021-07-01,351.3050537109375,343.80094321204257,351.58261510413155,343.4837215478428,17137000
2021-07-02,351.6122741699219,352.008786035602,353.33711742418416,349.5503640653195,11521300
2021-07-06,349.7090148925781,353.3966331441592,355.6667069440098,346.1403471891255,13488500
2021-07-07,347.4388732910156,352.16736841980776,353.3866415521066,346.95314856363893,14218900
2021-07-08,342.6410827636719,342.72040329828144,345.29774588660945,339.5779850936406,14406500
2021-07-09,347.3695068359375,342.31389774640746,347.65696052149144,342.26431485958125,13018700
2021-07-12,350.0857238769531,348.17253190738757,351.106756452849,346.59637658645624,10018600
2021-07-13,349.0249938964844,348.4401335756202,355.36927477322456,345.76362542747296,11456000
2021-07-14,344.6038513183594,351.4735177226943,352.10796098033563,343.71169195773086,13894200
2021-07-15,341.46142578125,346.1899217185131,346.1899217185131,337.25834517205516,14781600
2021-07-16,338.1901550292969,341.9075107208976,342.97809584923465,337.179045171872,11026100
2021-07-19,334.016845703125,334.6314437321854,336.832119732579,331.627821241965,14372300
2021-07-20,338.6858215332031,335.8507023683744,340.460247887152,331.5881463693273,11024300
2021-07-21,343.2160339355469,338.5271983069589,343.50348766663694,338.27937458931103,9279700
2021-07-22,348.1328430175781,343.66209353487886,348.47980226768016,342.20488888598493,12385400
2021-07-23,366.5709228515625,357.7682199401789,372.0626744163268,354.080601970597,33694300
2021-07-26,369.2176818847656,366.3627477950808,371.1804566344037,365.0146012815734,14925200
2021-07-27,364.608154296875,368.67246920927926,369.9016651357157,361.37652342353266,15705400
2021-07-28,370.0305480957031,371.2994043200226,374.2633663025684,363.7358196168697,29676900
2021-07-29,355.2008056640625,357.8574688091655,362.3381109905446,353.6345427376173,33413200
2021-07-30,353.1983642578125,350.91839806606083,357.58982369964633,349.86762788183586,15976200
2021-08-02,348.8862609863281,354.9827187252499,356.2713900270993,347.6867723455861,13180400
2021-08-03,348.18243408203125,349.6594841522741,350.69040913524873,344.67327168473423,12406100
2021-08-04,355.79559326171875,349.35217615015995,357.3420109483392,348.45009412431125,14180600
2021-08-05,359.8103332519531,356.5093343422309,360.7322303053442,353.7931655774242,10247200
2021-08-06,360.3456115722656,358.25396364410295,361.9713194447513,358.25396364410295,8925000
2021-08-09,358.4621276855469,360.59343588294473,362.59584065348304,357.60962860812293,7798900
2021-08-10,357.98626708984375,358.6801552427262,360.9304136184514,355.9144647551812,7469900
2021-08-11,356.8265075683594,358.9478931980798,359.20560930354424,354.69522956083796,8400300
2021-08-12,359.4930419921875,355.3296221127873,359.8400012117831,354.00126050040245,7170700
2021-08-13,360.0184326171875,359.81026918295413,361.48555978911224,358.33324963448615,7195700
2021-08-16,363.3690185546875,359.3641791022152,363.75563804663585,354.2689395740163,11222100
2021-08-17,355.32965087890625,359.82021533674686,361.4955060524368,351.9790694475264,12328700
2021-08-18,352.3557434082031,353.14876713538985,356.72732678810877,352.05833682157106,10042400
2021-08-19,352.0286560058594,348.29148495413693,354.45734072172434,347.94452567302466,12004500
2021-08-20,356.24163818359375,351.5131724701607,356.85623617233426,350.23439359725023,8697700
2021-08-23,360.1869812011719,356.3110147999508,362.50660746457834,355.97397818922514,10942000
2021-08-24,362.3282165527344,360.49431489699504,364.75687096002576,358.69015087883326,9235100
2021-08-25,365.1831359863281,362.4174147958785,367.6316053022577,362.2191437187731,9684500
2021-08-26,361.2080383300781,365.17321790623237,366.2239880737597,360.96021460656846,7888700
2021-08-27,369.3862609863281,361.9218108404231,370.4865839162871,360.91067057838234,11219100
2021-08-30,377.3463134765625,369.31681888061235,378.1690749179181,367.2945688504509,13547300
2021-08-31,376.0774841308594,376.6425295145626,379.4280659124975,375.50251611701077,12345400
2021-09-01,378.7242126464844,376.28563561020815,380.984363857357,375.5124267815391,11567200
2021-09-02,372.0130920410156,378.178946587326,378.4267702744736,370.8037112376585,14832900
2021-09-03,372.9846496582031,371.48778459469844,373.87680906781947,369.862046346664,7509600
2021-09-07,378.85302734375,372.60788240331436,379.62623605306027,369.90163679477064,10793800
2021-09-08,374.2832336425781,376.8506838787292,377.554494807856,371.5274349497435,11067200
2021-09-09,374.70941162109375,374.352560035707,376.52346768397246,373.29186740372745,9098900
2021-09-10,375.3934326171875,378.0401728089301,380.4490421796912,374.9671831109393,11549600
2021-09-13,373.232421875,378.357399146683,378.42679704445317,371.09122143634556,13026300
2021-09-14,373.25225830078125,374.114680002249,375.2943233243702,371.84460626658046,8711600
2021-09-15,370.6650390625,373.7182143463136,374.2733371251888,364.46944532333697,17940300
2021-09-16,369.8124694824219,369.5448307526397,370.30811692774245,366.4916255483903,11934200
2021-09-17,361.5450744628906,368.17683971497365,368.17683971497365,358.4423166085418,26299000
2021-09-20,352.6036071777344,356.17224460756535,357.88719567110746,346.7549430803481,19822800
2021-09-21,354.36810302734375,355.37921290978545,356.90581548877753,352.0980292916366,11751900
2021-09-22,340.2222900390625,344.20731461578043,346.7945796004399,337.7242379588481,43692900
2021-09-23,342.9484558105469,342.35367268024294,346.62618253609764,340.01423068682107,21806300
2021-09-24,349.8874206542969,340.2520335333708,351.2653350122628,339.38961185696587,18801900
2021-09-27,350.50201416015625,346.7648435259705,352.0583543102863,344.0585977379562,15205800
2021-09-28,337.6846008300781,344.9408867412506,346.55670226470806,335.96968001839247,21710300
2021-09-29,336.65362548828125,340.1628176861306,342.22472789071014,335.9299996176052,14452200
2021-09-30,336.435546875,337.48631691218293,339.8158354226693,335.20632078756825,16547100
2021-10-01,340.0240783691406,338.6362412870357,342.0165605763661,335.69212443224353,14905300
2021-10-04,323.39019775390625,332.6092296951556,333.015664299282,319.8909274082491,42885000
2021-10-05,330.0615539550781,325.71967728805225,332.2622299266424,323.320760480119,35377900
2021-10-06,330.7356872558594,326.869612449878,331.4692358950612,322.9639076242102,26443000
2021-10-07,326.3541259765625,334.06639950885625,335.890378594045,326.11622486820954,28307500
2021-10-08,327.1768493652344,328.6241616109095,330.4976931247865,325.84851791179705,15946100
2021-10-11,322.616943359375,324.77795902146374,327.58331033025894,322.4781475498492,14708200
2021-10-12,320.9515380859375,320.21798954237187,321.5562437044352,314.60725679206337,31658700
2021-10-13,321.71484375,324.1236830099349,324.15342064578897,319.8512045646959,14761500
2021-10-14,325.6700744628906,325.50154103861985,327.64274140416654,324.252530180988,14302200
2021-10-15,321.93292236328125,325.8187812003698,326.2054007094238,319.70250897020327,21596400
2021-10-18,332.4208068847656,326.0864486097068,332.96603719606185,324.6490589958284,21585000
2021-10-19,337.03033447265625,336.6932978457845,339.4788340210917,334.34393383511576,18786300
2021-10-20,337.8134765625,340.4602472700604,340.9856323597062,336.4950676495125,13639500
2021-10-21,338.90386962890625,337.31779190524065,339.330119130641,334.85936992096316,16354400
2021-10-22,321.7841796875,323.5090531528066,326.7604987774042,318.3146480041585,35224500
2021-10-25,325.8287048339844,317.51172656834376,326.6911265083267,316.9367888694215,38409000
2021-10-26,313.0608215332031,325.4024544129807,327.3354612031208,306.9048890368602,65654000
2021-10-27,309.5021057128906,311.4549579442683,316.4709078935472,309.3434948931129,29971800
2021-10-28,314.1612243652344,310.265412028059,322.68633715431775,305.4278875930732,50806800
2021-10-29,320.7532958984375,317.4027143186417,323.1621352287927,316.81785396180146,37059400
2021-11-01,327.1075134277344,323.20180896504496,330.5473080610597,323.16214869712104,31518900
2021-11-02,325.2239990234375,328.4952901589308,331.875609206315,320.9812583023062,28353000
2021-11-03,328.7332458496094,324.6391926245561,329.25863099399135,320.38655881984874,20786500
2021-11-04,332.9264221191406,331.10244300241123,334.33404403713143,329.75426611061545,22495300
2021-11-05,338.16046142578125,337.3475922815804,343.77119464377546,336.68344158594266,26872800
2021-11-08,335.67230224609375,341.42183129766966,341.7886056010098,335.39474086097783,18342500
2021-11-09,332.45062255859375,337.04032356986784,338.3389176905272,331.55846304658786,17556700
2021-11-10,324.78790283203125,329.5956592992424,330.2895778882843,322.6764396774072,21872600
2021-11-11,324.8869323730469,326.9488423984899,329.56584481304134,324.15338393710476,12376600
2021-11-12,337.9224853515625,327.30569668762257,338.884012227192,326.9091848338951,25414300
2021-11-15,344.5344543457031,341.3424835453799,350.57143667963453,340.2124230860424,25076600
2021-11-16,339.9744567871094,340.8368784244507,343.6323370262524,337.9026542813804,18181100
2021-11-17,337.8035583496094,341.2433529254867,344.2767129547134,337.1394076955589,13602800
2021-11-18,335.7416687011719,336.7627012277553,339.4788395456353,332.3811645032816,17487200
2021-11-19,342.29412841796875,339.2211383258241,349.0349521165506,336.94114182774706,26488500
2021-11-22,338.04144287109375,346.01143112710747,350.7498189691129,337.5457954807086,27116800
2021-11-23,334.314208984375,335.9795771756377,338.42807681771274,330.59685306534936,17225000
2021-11-24,338.09100341796875,333.07505413009153,338.8047368868956,329.91282128531026,13566200
2021-11-26,330.22015380859375,332.8768168926907,334.8098540575957,329.0107728148004,14750700
2021-11-29,335.08740234375,333.95734192750814,337.7044353109097,332.3910790981545,16650900
2021-11-30,321.6355285644531,332.08378507896754,332.8867315122885,320.61449604727216,25390000
2021-12-01,307.89617919921875,327.414776755562,327.62294019861577,307.5888802231193,30329600
2021-12-02,307.68804931640625,308.68923662919264,311.8613925211447,304.5258160544162,24396200
2021-12-03,304.1688537597656,310.9988885760072,311.01870357877385,296.89275449192917,27471000
2021-12-06,315.1029052734375,305.4477026203686,317.3135037928877,303.6732762774191,21758300
2021-12-07,319.9998779296875,318.7706820353999,323.6974184932654,318.20563672841274,18794000
2021-12-08,327.6824035644531,322.1708069488053,329.85334157604603,320.2576152633846,19937700
2021-12-09,326.9488830566406,326.6713217016124,333.2039513001033,325.1447191229976,16879200
2021-12-10,326.8795166015625,329.66505304918854,332.1135528369936,323.52893476015333,14528000
2021-12-13,331.57818603515625,328.06902424502766,338.1207377273347,326.72084759390367,22948700
2021-12-14,330.8347473144531,325.19427696326966,332.7777070826221,324.7977650571663,20461000
2021-12-15,338.6858215332031,329.59563392577627,339.1318860901714,321.1597348390758,24681300
2021-12-16,331.984619140625,336.02911882514184,341.46139491344286,330.8347135539258,22635000
2021-12-17,330.88433837890625,329.90293584106695,334.17541450753987,327.87079336466917,40012600
2021-12-20,322.616943359375,326.90923704607127,327.02818759599614,319.722348886216,17901800
2021-12-21,331.290771484375,323.56857565417766,333.0750902240933,320.9317275596732,16116800
2021-12-22,327.57342529296875,330.8942391431612,331.59808033252256,325.402486952431,16764600
2021-12-23,332.3216857910156,327.2264458403401,333.73926046044926,325.50157217835203,13987700
2021-12-27,343.1664733886719,335.90029482489064,344.8417642492237,335.0676107095978,17795000
2021-12-28,343.20611572265625,343.61255025505903,349.6396098349676,342.19500583233264,16637600
2021-12-29,339.9546813964844,343.8901234286759,346.6459220889968,338.66601010462034,10747000
2021-12-30,341.3622741699219,341.0054225509634,344.2073157522339,340.2322137913024,10593300
2021-12-31,333.4219970703125,340.03391614857384,340.4502732567359,333.34267654879824,12870500
2022-01-03,335.59295654296875,335.35502521507095,338.11082360220985,334.2547024867432,14537900
2022-01-04,333.60052490234375,336.9907673140269,340.10341806741985,328.98108629845854,15998000
2022-01-05,321.3481140136719,330.1210505772262,332.8372194532063,321.0209697220324,20564500
2022-01-06,329.5658874511719,320.0098205355799,336.2174978797131,319.9106849971609,27962800
2022-01-07,328.9017333984375,329.8434453738167,334.0663712007667,326.01706169641426,14722000
2022-01-10,325.2141418457031,322.4781581002386,325.4817805917903,312.6841591437298,24942400
2022-01-11,331.45928955078125,323.9353644660303,331.7170359199198,322.44842203223953,16226800
2022-01-12,330.35894775390625,332.2622170190989,333.44186036917864,327.15705433912973,14104900
2022-01-13,323.6379699707031,332.06397662403594,332.7083122589069,322.92423643234406,14797100
2022-01-14,329.0107421875,318.98876615498534,329.8335338228713,318.4137982227158,16868500
2022-01-18,315.3804626464844,320.4757328930127,321.38770724912837,314.8749228247817,22645600
2022-01-19,316.8079833984375,316.79806076725913,324.2526189515315,316.5502370031953,20814700
2022-01-20,313.8042907714844,321.080391235349,324.966280302167,313.22935307761765,16925000
2022-01-21,300.5308532714844,312.0695088375882,315.5390405849981,300.40198010913116,28710700
2022-01-24,306.02264404296875,295.24727318173785,306.8355131318804,286.4941524130444,38878100
2022-01-25,297.53717041015625,297.33892957316243,303.56426059087903,294.9895351520155,25108500
2022-01-26,292.0652160644531,304.33745154982324,304.83309899106166,288.3181226187675,28348800
2022-01-27,292.0751037597656,295.1580159546106,299.08353474916333,291.69840690917283,21629900
2022-01-28,299.0835266113281,293.04654529359937,299.2718750314997,290.47909555515713,21871600
2022-01-31,310.5330505371094,298.0625437346582,311.0584356248489,296.7143971894849,21579500
2022-02-01,316.2230224609375,311.82167138960386,316.8772806203968,309.40290980078396,18023800
2022-02-02,320.1882629394531,324.96631177071333,325.1447375979586,314.11162016781816,58458300
2022-02-03,235.69029235839844,242.52031426289818,245.84115854360965,233.69779486554827,188119900
2022-02-04,235.02609252929688,232.92455228605658,240.49804434059385,228.10685870647143,89342200
2022-02-07,222.95211791992188,235.63077180322753,236.2255547358029,222.0599435210588,88613800
2022-02-08,218.2633056640625,218.92748656351395,223.8046556975706,214.26838839341522,94729700
2022-02-09,229.98043823242188,222.24833426665683,231.33850753167644,220.27566691243354,86563300
2022-02-10,226.0846710205078,226.2829270068119,232.95433850840004,224.72658650610242,49310400
2022-02-11,217.6387939453125,226.471234956997,228.41416445140362,216.86558514893198,46156900
2022-02-14,215.8048858642578,217.4008711781249,219.0761618951234,212.9103067167767,38184000
2022-02-15,219.076171875,218.55078679053494,219.22486005892043,213.18787777639622,42685500
2022-02-16,214.65496826171875,210.5609310438708,215.56697278399525,210.51136327892735,45817500
2022-02-17,205.90187072753906,212.15693913832794,215.60664116164554,205.35665550630617,38747500
2022-02-18,204.3653564453125,207.56723467799455,208.91539632217007,203.39387657053754,37128400
2022-02-22,200.3208770751953,200.57860830625324,205.67386353473034,198.31845712325313,39852400
2022-02-23,196.7224884033203,202.3827894707201,205.13858834213104,196.3259764563684,44481400
2022-02-24,205.7928009033203,189.39677688910578,206.5362719829913,188.5640929101041,49957200
2022-02-25,208.64776611328125,203.15599850164332,209.4804654040174,201.41130963149257,37627600
2022-02-28,209.19296264648438,205.87211866348667,211.29450300532383,205.02952706959343,34239800
2022-03-01,201.7185821533203,208.04303262444745,209.90667166894585,200.4596335354331,27094900
2022-03-02,206.29837036132812,202.99735671935014,207.32931034252405,200.2613883982864,29452100
2022-03-03,201.203125,207.20046210869705,207.25993738193364,199.66661489556296,27263500
2022-03-04,198.31845092773438,200.60833967639832,204.09770188319834,197.05950219705525,32130900
2022-03-07,185.8380584716797,199.04209884176245,199.14123438340457,185.64971001813566,38560600
2022-03-08,188.63348388671875,186.21473724141336,194.98768728769406,184.489878816178,37508100
2022-03-09,196.77206420898438,194.03609536104702,197.36684727964817,192.23193113907226,31894700
2022-03-10,193.51068115234375,193.1438917592487,194.57135881377323,189.40672093356542,24853000
2022-03-11,185.97682189941406,190.96303363699852,191.8750230568434,185.0450023478886,34694500
2022-03-14,185.00538635253906,185.40189829285765,190.61610442525557,184.20243984151935,31010500
2022-03-15,190.35836791992188,189.13907936744985,190.6061916572676,184.2916476700059,31721700
2022-03-16,201.8573760986328,193.0051051808488,201.95649650852528,192.8266793674669,40640300
2022-03-17,206.03073120117188,199.9441810370378,206.22898715868908,199.35932066827604,29499700
2022-03-18,214.6054229736328,204.90063812727288,214.91272195046668,204.20673477217082,52128000
2022-03-21,209.64895629882812,212.63274839506389,212.8409269719916,205.82255751754292,30142300
2022-03-22,214.7640380859375,209.53000212527914,217.54958951329053,208.3503587518727,31998800
2022-03-23,211.60182189941406,211.47294871851972,214.9127433273441,210.3131354683512,23717300
2022-03-24,217.6586151123047,213.12839043651937,218.74903035989297,212.92021186485715,31502300
2022-03-25,219.8890380859375,218.59042908411953,223.53699599289988,216.98453621485453,40039000
2022-03-28,221.6436004638672,220.19631852795726,222.08968009819674,217.6288535029848,26224100
2022-03-29,227.85903930664062,224.1020384066852,228.8800718121414,223.3288144925983,31417900
2022-03-30,225.86654663085938,226.9173167936126,229.1378076655561,224.73647106182824,25588000
2022-03-31,220.42433166503906,226.46131389627396,226.50097416228894,220.3251961259612,24192300
2022-04-01,222.89268493652344,222.595293413818,225.30152450591893,220.76139162876885,19544800
2022-04-04,231.85397338867188,224.01282676690582,232.3099757174328,223.89387621416836,28054800
2022-04-05,229.82179260253906,232.0422984945777,234.7980969460223,229.00893869737314,29727200
2022-04-06,221.3561248779297,224.93469959800777,226.9965945320376,219.48257837010783,28995100
2022-04-07,221.0092010498047,221.9806658434369,223.55683627381228,216.6574169233372,21037200
2022-04-08,220.39459228515625,220.44416005430307,223.17022097182485,218.11461103803705,18375700
2022-04-11,214.57571411132812,216.51864376614157,218.68958215288694,213.3465029132089,20516600
2022-04-12,212.27589416503906,218.32279924455113,220.09721050095476,211.27469173834876,20128800
2022-04-13,213.11849975585938,209.97609668254103,214.72439268188097,209.49035672762682,19231800
2022-04-14,208.35035705566406,213.01936274015176,213.1184982815987,208.1719312322115,18379500
2022-04-18,208.93524169921875,208.17194034933556,211.5225221343132,206.4867419526521,16580800
2022-04-19,215.41830444335938,208.6874183483184,216.52854995364393,207.18064578010325,20089900
2022-04-20,198.67527770996094,211.75045694348464,212.29567204201584,197.1883356917611,43036500
2022-04-21,186.4328155517578,199.84503264434116,201.20310164547175,183.96448611723164,49954100
2022-04-22,182.50730895996094,188.71280973536275,191.04235885583572,181.67462485450002,36426800
2022-04-25,185.36224365234375,181.13931758710004,185.55057698247137,180.0786398818122,29281100
2022-04-26,179.37481689453125,185.00538003576446,185.56050278364089,177.93744225250256,31747400
2022-04-27,173.42703247070312,172.91155490901065,179.6325479655742,167.52883108777505,71062900
2022-04-28,203.93910217285156,201.15356583343285,206.71473100829363,191.22078637719784,100890600
2022-04-29,198.72488403320312,202.68015601451035,210.6303299905901,198.15983869617668,49193400
2022-05-02,209.29209899902344,199.41879504894462,210.03557018084996,199.240369225767,49915300
2022-05-03,210.1842498779297,208.61800216969073,213.02926131184137,206.27854567365722,41556300
2022-05-04,221.4652099609375,208.81627662972593,222.34746186757863,205.15841094441203,41375900
2022-05-05,206.46690368652344,216.83585515286595,218.2533996208579,204.36536330702657,41129200
2022-05-06,201.99615478515625,205.53506951603146,207.55731947021067,199.27009396161898,34747200
2022-05-09,194.50196838378906,198.10035838901905,200.80660420921586,193.8774477905192,36303200
2022-05-10,195.92938232421875,197.77319098580523,201.1931696430708,192.4995112917128,34452500
2022-05-11,187.09698486328125,194.620908719446,198.9231244951387,186.63107510002862,31153400
2022-05-12,189.5752410888672,185.4316205639354,196.3259569009474,183.17146941432156,38262200
2022-05-13,196.8909912109375,190.90357657872764,198.14993998847334,189.61489016381347,24549800
2022-05-16,198.2986297607422,195.33466762129902,203.58223351596016,194.22440702177838,27112600
2022-05-17,200.8561553955078,200.36050797611236,203.67144423340272,196.6332448276037,24872700
2022-05-18,190.56654357910156,198.25898682246762,199.25028175657994,189.96185306425463,23960000
2022-05-19,189.62478637695312,189.53557347013006,193.58996580154144,187.9495107758702,24446900
2022-05-20,191.85520935058594,193.2727689309171,196.1871783731729,186.23456905164684,31465600
2022-05-23,194.5218048095703,193.4908647116595,195.27519865608267,189.57525266409456,25059200
2022-05-24,179.7019500732422,178.97830898394798,182.08105193923015,174.57695691850554,50406300
2022-05-25,182.22972106933594,178.8295721112959,183.8356137712795,177.75898706063882,28030200
2022-05-26,189.96182250976562,181.28799323142837,191.15137321417458,180.6733801854834,23056500
2022-05-27,193.43138122558594,189.69419516808324,193.62963718300583,188.1477775238642,22562700
2022-05-31,191.95433044433594,193.19344898292155,195.87986462999697,190.3385150297135,26131100
2022-06-01,186.9978485107422,194.79933366482274,197.79304816477324,183.38953608152775,36623500
2022-06-02,197.12890625,186.80952261492175,199.19080147626636,186.0957890702157,31951600
2022-06-03,189.11924743652344,194.2739780991515,194.89849875163702,188.12795249655804,19465000
2022-06-06,192.5590362548828,192.30130502364528,195.2057918492942,186.75995498137883,30574200
2022-06-07,193.9468536376953,190.2592351618906,194.81919804623945,189.82307808357928,18828700
2022-06-08,194.92822265625,192.97537055202793,200.27130140118285,192.7176393311409,22267200
2022-06-09,182.3982391357422,192.58874824259723,197.71374042928548,182.08101754635067,23501600
2022-06-10,174.04164123535156,181.44659972815228,181.50609012398724,173.49642605155532,27450800
2022-06-13,162.83009338378906,169.1049918602242,171.0776741390652,162.60209979408089,31749300
2022-06-14,162.30470275878906,164.58468395588787,165.29841746325724,159.9553387871744,27244300
2022-06-15,167.87579345703125,165.74450039607447,170.661329641027,162.55252968231065,30008300
2022-06-16,159.46961975097656,162.29481651488845,163.64297830252244,158.22059351244727,26944100
2022-06-17,162.31463623046875,160.2725559821109,164.45582176964723,158.5080522282356,31374200
2022-06-21,155.68287658691406,164.48556555136005,166.29963714436744,154.61227621435427,50724900
2022-06-22,154.49331665039062,157.00129154437553,159.39030076437285,154.08688211001586,47267800
2022-06-23,157.36805725097656,154.90965026115896,158.3593520998016,152.90723043126386,40499200
2022-06-24,168.6787567138672,160.32213220229877,168.76796963145938,159.8958826231622,68736000
2022-06-27,168.0145721435547,169.8286435619368,170.25489309350084,166.54744485240766,29174600
2022-06-28,159.28125,168.42098977082756,169.8088116430463,159.21186722566654,27744500
2022-06-29,162.5128936767578,162.1461193919892,164.8820879607232,158.92441086091708,28595200
2022-06-30,159.84629821777344,160.7384575527912,163.79164757572488,157.11032981455412,35250600
2022-07-01,158.63690185546875,158.91446318278108,159.2217621433084,153.65069034030827,31423900
2022-07-05,166.72589111328125,156.76337437522923,166.7853663869358,155.65312893111812,28618600
2022-07-06,168.2921142578125,166.73577423693942,170.096262840692,164.0196362974676,23085900
2022-07-07,170.6910858154297,167.9749321123274,171.21647094718156,166.3194713031898,24083400
2022-07-08,169.3924560546875,168.50028168128424,170.89921322255273,166.68621042725124,19249200
2022-07-11,161.4621124267578,165.61564033062461,166.0319823587457,160.50055519777845,21885600
2022-07-12,161.8487091064453,163.36538896731187,164.46572681989724,160.6888959849567,16639700
2022-07-13,162.06680297851562,158.7657892618441,163.54382264724677,158.2205740607195,16555100
2022-07-14,156.67413330078125,159.81653574364566,161.17460466782887,155.9108321321871,23765200
2022-07-15,163.26626586914062,159.14247548359506,163.54382722913314,158.42875707644262,23342800
2022-07-18,165.7742462158203,165.29842888667773,170.19542824056563,164.1980909139379,23574300
2022-07-19,174.24981689453125,168.8869078373699,174.9536429313068,168.03439361548112,25933700
2022-07-20,181.49615478515625,175.94491318004836,182.00172479561706,175.16178184563003,24784300
2022-07-21,181.5754852294922,179.05760283598016,182.24957362777684,177.31291412933265,27195800
2022-07-22,167.79647827148438,171.5634016094168,174.07137629177012,166.94396412198364,42583900
2022-07-25,165.19932556152344,167.5288751419896,169.0852157395698,163.37534617245717,26166300
2022-07-26,157.76458740234375,164.49548867554608,164.55496395320677,156.57503647124767,28468400
2022-07-27,168.103759765625,161.1746042549776,169.38252329392938,160.60957413231748,43846600
2022-07-28,159.32090759277344,159.65794420750422,160.1040238594666,153.50201173331402,73214300
2022-07-29,157.71498107910156,156.31725202592756,158.74592083493107,153.81918533263126,42065400
2022-08-01,158.53778076171875,155.88111777957656,163.7520014408737,153.87869791368956,40596700
2022-08-02,158.79554748535156,156.93190805660169,160.827705247941,156.63451653325376,27374500
2022-08-03,167.33058166503906,161.2737692383806,168.06413020831988,160.16352379387357,31721900
2022-08-04,169.0851593017578,166.83491589703567,170.65139175643768,165.3479737145772,23938200
2022-08-05,165.65528869628906,165.53633815049744,170.1161156749895,164.3566948181987,25832700
2022-08-08,168.76797485351562,166.5375610889317,175.9647711552269,165.67513927360025,27299100
2022-08-09,167.0629119873047,167.47925398956878,168.05420679058827,165.14972027742735,18655100
2022-08-10,176.78750610351562,174.457972463635,178.90887631170045,172.43572265712888,30262100
2022-08-11,175.94493103027344,178.14560684060112,181.50609582783787,174.8346704958459,24079100
2022-08-12,178.92874145507812,179.23604047454253,179.8803912783506,177.35258608855762,21274000
2022-08-15,179.3153076171875,177.4021160006009,179.86052275759945,176.6487223062289,15878700
2022-08-16,177.9076690673828,177.87793143511405,179.41444131481506,175.49881497191194,21156700
2022-08-17,173.32789611816406,175.2212576280379,176.58924924726082,172.65380781088112,20118100
2022-08-18,173.1395721435547,172.82235051275006,174.22998746603588,170.36394337785367,18844500
2022-08-19,166.4979248046875,168.71841605676013,170.81997186799458,165.5958426705519,26240800
2022-08-22,161.63063049316406,164.0493923798729,164.0493923798729,160.84749908058643,19499700
2022-08-23,159.70751953125,161.06558868342577,163.61322379839797,159.30108499815987,18111800
2022-08-24,161.8388214111328,159.20198812284912,164.01968258138805,158.3792114315186,20891500
2022-08-25,167.31076049804688,163.74209262665752,167.409896043459,162.59220198006366,15550500
2022-08-26,160.37168884277344,167.01336169441478,169.43212368762408,160.26264579796614,24023600
2022-08-29,157.7843780517578,159.26141262320422,161.63060638822202,157.6257672670474,20052700
2022-08-30,155.7919158935547,158.95414916201582,160.25274310903546,154.5527972225878,19567900
2022-08-31,161.51168823242188,165.61566408238514,166.37895034709413,160.7285718323034,40953000
2022-09-01,163.9205322265625,162.1560284397458,165.90312211071253,158.95415001211242,30145700
2022-09-02,158.92440795898438,165.99233041397824,166.46814773768705,157.83397750261,22634200
2022-09-06,157.159912109375,158.70634510831488,160.28250062300654,156.31732038420753,19339800
2022-09-07,158.99378967285156,156.38667922477052,159.55883503081463,155.44495208745863,16831200
2022-09-08,160.64923095703125,157.32840249210523,160.81774925591185,156.36684533746566,22530800
2022-09-09,167.67750549316406,161.82887235875899,168.06410985118802,161.60087879529817,22086800
2022-09-12,167.48916625976562,165.93282625440304,169.8980052223089,165.82378322774733,23220400
2022-09-13,151.79698181152344,160.13375981705477,160.2229878472796,151.34097953534305,44444100
2022-09-14,150.15142822265625,151.99523720059614,152.20340064312884,147.75249656335097,43064200
2022-09-15,148.2481689453125,148.49599269308936,152.8576846035777,147.40556215248668,34606300
2022-09-16,145.0165252685547,146.7612139852357,147.28659907579265,143.03393545484252,40122800
2022-09-19,146.73146057128906,143.97566223661408,147.28658323928715,143.83688156961458,22169500
2022-09-20,144.8182830810547,144.51098405086626,147.54434433409074,143.9558612704018,23217400
2022-09-21,140.88282775878906,145.11566125945427,148.29772457574842,140.76387720990476,38338600
2022-09-22,141.5767364501953,140.31778776687358,143.32140992498688,139.64369940950394,34418500
2022-09-23,139.18771362304688,140.188915976952,141.37846677265173,137.68094121464907,31710700
2022-09-26,135.18289184570312,138.90024802794656,141.00180367529504,135.00446600941672,30497000
2022-09-27,133.23001098632812,136.71937281065303,138.20631496508062,132.9524496609116,30826500
2022-09-28,140.3772735595703,133.44811665633205,140.79361560887784,133.10117251155577,32658500
2022-09-29,135.22256469726562,138.14688214086394,138.6226995411943,134.02309100210084,38985400
2022-09-30,134.49888610839844,134.8656755106968,139.76267478552438,134.32046028508566,33166400
2022-10-03,137.4033660888672,135.9461615943145,138.4045683423802,134.91522170833778,27723100
2022-10-04,139.05886840820312,139.26704702413284,141.150501568806,138.1270486410205,34670700
2022-10-05,137.77017211914062,137.03662351437458,138.98947583553354,133.60673622730505,27979300
2022-10-06,137.859375,136.52112097055306,140.21864633669762,135.41087563563656,36231100
2022-10-07,132.2882843017578,135.5694675770126,137.08614736813666,131.28708202735578,33214800
2022-10-10,132.6253204345703,132.3874193707211,134.92513155816465,130.72203629398763,24024000
2022-10-11,127.42103576660156,130.4742257772965,131.50518091127628,125.88453325791248,38481400
2022-10-12,126.39009094238281,127.20295996419793,128.54119891036558,125.150972403732,34605200
2022-10-13,129.15579223632812,122.4546448648166,129.99839886279543,121.46335006942364,34325700
2022-10-14,125.65653228759766,129.85962016618188,130.642736410999,125.4186160877497,23559400
2022-10-17,132.8731689453125,129.16573549889992,133.61664016062548,129.04676981879663,29612200
2022-10-18,131.6439971923828,135.8966466738358,136.64011802643662,130.2561749252832,25445000
2022-10-19,132.07022094726562,131.73318429706333,135.80740711556882,131.06901850073749,30691000
2022-10-20,130.38499450683594,131.77280107717593,135.57938433260037,130.16690845636006,26356300
2022-10-21,128.8782501220703,125.21046185736593,128.98729317086242,124.348040097076,46348600
2022-10-24,128.59078979492188,126.14228991228431,132.3180535839191,123.48561898528632,63563400
2022-10-25,136.31297302246094,129.74069731261227,137.1456723366265,129.45321328570938,38433200
2022-10-26,128.6898956298828,130.53368940019047,134.3700104853309,127.41111689285002,82791500
2022-10-27,97.0874252319336,97.12707793561606,101.60772757001686,95.54100004023675,232316600
2022-10-28,98.33644104003906,98.71313790398267,99.97207897105858,96.66115797247939,95928300
2022-10-31,92.34902954101562,97.36497893611102,98.45540173117791,91.79389929610683,121361400
2022-11-01,94.37127685546875,93.50885508342138,96.64134321393725,92.73564622724912,110189600
2022-11-02,89.75183868408203,93.38988905186778,94.37126885823125,89.69236341187202,71821100
2022-11-03,88.13603210449219,89.29584530810257,89.67253464279368,87.64038466059239,60664000
2022-11-04,89.99966430664062,89.56349213325879,90.59443973026505,87.32316355586093,55638100
2022-11-07,95.8780288696289,93.95491464571712,96.03663209595285,92.28953917293279,81987300
2022-11-08,95.63021850585938,95.08500329540075,96.94864251443767,93.96484280107093,52088300
2022-11-09,100.58670806884766,100.83453182675338,103.98685032983327,99.86305936805138,107677300
2022-11-10,110.89616394042969,106.18751313338271,111.76850073569403,103.69936079981403,80671000
2022-11-11,112.03614044189453,108.27913962176521,113.89977959725059,107.86279003756002,59961700
2022-11-14,113.22569274902344,110.02380723193426,115.25784254195601,109.83546636362014,53395000
2022-11-15,116.060791015625,115.059581201608,117.7063363660401,113.41403585119289,50670500
2022-11-16,112.24432373046875,113.50326491314802,115.0695126545756,111.67928594564738,33287800
2022-11-17,110.47980499267578,109.44886503222872,111.35214927717924,108.84417458519039,35093800
2022-11-18,111.0746078491211,112.80937410027572,113.3248441729073,109.65705569565837,33357700
2022-11-21,108.90365600585938,110.54920157215746,111.39180826964389,108.23949025208182,24351100
2022-11-22,110.46989440917969,108.90364681747944,110.64832777485412,107.37705192514898,29029000
2022-11-23,111.26293182373047,110.74746182954631,111.68918891166292,109.76608204588022,21343100
2022-11-25,110.44017028808594,110.33112724222208,111.74867927547221,110.05355831267225,12007600
2022-11-28,107.83306121826172,109.8156510772126,111.06468480598609,107.43654173387552,23309400
2022-11-29,108.50713348388672,108.58643888708252,109.97425319109101,107.59514403607353,23899200
2022-11-30,117.0719223022461,108.55670302333583,117.1314051371035,108.42782985029449,43348600
2022-12-01,119.39155578613281,118.16234470998532,120.14493443708561,117.36931335693296,36551400
2022-12-02,122.41500854492188,116.80428318501569,122.960223780531,116.58619709077205,39950500
2022-12-05,121.3642349243164,120.69015408971502,123.58473338295278,120.29363461707071,35474900
2022-12-06,113.12657165527344,118.8661697773399,119.5005978799502,112.74987476980014,43689200
2022-12-07,112.93822479248047,112.7697064797689,114.87124676294755,111.89736215424148,29461100
2022-12-08,114.3260269165039,115.37679694590823,116.31852394626355,113.59246334599632,30619400
2022-12-09,114.89107513427734,114.29629973425023,116.5167980904086,112.8787477899795,26033400
2022-12-12,113.71143341064453,114.17734320872192,114.71264334504619,112.15510077026792,24747100
2022-12-13,119.10408020019531,121.06683980846766,122.22666055478824,117.6072228281434,44701100
2022-12-14,120.53153991699219,118.35069422268502,123.05934486705796,118.35069422268502,36922000
2022-12-15,115.13890075683594,117.29992387771452,117.59730780116884,113.01753033834721,34531000
2022-12-16,118.39035034179688,119.1833892878749,122.2365718354215,117.78565984708287,67064000
2022-12-19,113.48342895507812,115.81297015932645,116.77452729933448,113.33473322651358,29769900
2022-12-20,116.07070922851562,112.2740557377687,116.30862543554926,111.48101684028215,28742500
2022-12-21,118.71747589111328,115.68410844245172,119.29242116853779,114.61351572943319,20392800
2022-12-22,116.10044860839844,116.17974644378964,117.5873907944349,113.38429543656028,23618100
2022-12-23,117.01244354248047,115.01993880119159,117.15122421471159,114.53420644838265,17796600
2022-12-27,115.86254119873047,116.9034038330725,117.56756957808179,115.03977220793341,21392300
2022-12-28,114.613525390625,115.23803848944327,117.12150041606034,114.50448234056431,19612500
2022-12-29,119.2131118774414,115.38671343710577,119.97640552723817,114.76219288792947,22366200
2022-12-30,119.29241180419922,117.1313964151074,119.37171720278398,116.71504685402691,19583800
2023-01-03,123.65412902832031,121.75084455355073,125.26994462514445,121.21554437696301,35528500
2023-01-04,126.26123046875,126.27113797211675,127.92660615490277,124.75445802924148,32397100
2023-01-05,125.8349838256836,125.0320297704694,127.40123166743142,123.45587442453174,25447100
2023-01-06,128.88812255859375,127.84726024837367,129.19542145116392,124.94276689334461,27584500
2023-01-09,128.3429412841797,130.01823194659175,131.79264301521917,128.15459284862445,26649100
2023-01-10,131.83233642578125,126.16211986861838,132.2784161808068,126.04316930086817,28684400
2023-01-11,131.73318481445312,129.81999282847258,132.6848346183648,129.20537967608695,25423000
2023-01-12,135.5199432373047,132.27840442063882,136.4814854510704,130.61302099038483,30757700
2023-01-13,135.78756713867188,133.79506989412366,136.19400166584558,133.66619672063948,22423800
2023-01-17,134.18170166015625,134.99455575435732,135.5596012063191,133.0813635243023,21147600
2023-01-18,131.862060546875,134.62776684521396,136.0552340156963,131.64397444438683,20215500
2023-01-19,134.96478271484375,131.33665519565676,136.25346899669938,130.98969596078695,28625200
2023-01-20,138.15675354003906,134.70705181876295,138.72179884510555,133.43819566551292,28688600
2023-01-23,142.02281188964844,138.07744764888903,142.5085366667069,137.4529422032484,27470100
2023-01-24,141.89393615722656,140.45656173163377,143.73774507844354,140.1294326346161,21970200
2023-01-25,140.26821899414062,139.9906576507307,141.9236795516066,139.088575721669,26622000
2023-01-26,146.01773071289062,143.1429666455006,146.2258941555542,142.05255141383566,25482100
2023-01-27,150.4191131591797,146.94958055737123,151.85648792616513,146.1069737322616,35771900
2023-01-30,145.77981567382812,148.1093645810106,149.80447027435721,145.67077263719494,28040100
2023-01-31,147.67318725585938,146.66206232671513,148.57526915219435,146.23581282407054,29842100
2023-02-01,151.78704833984375,146.74136165733216,152.24305058344999,145.77980453303962,55661000
2023-02-02,187.12672424316406,181.78364585873078,195.4436870373218,178.59167538221652,150475700
2023-02-03,184.90623474121094,181.87287479600266,195.05709986672147,181.29792194431568,76809700
2023-02-06,184.4403076171875,184.90621738212576,189.03991487291054,183.90501508191707,42483800
2023-02-07,189.95191955566406,183.96450515195008,192.09312012094964,182.79476933118949,47080700
2023-02-08,181.8332061767578,188.34602056954392,189.16879710609436,181.32765125110058,36139100
2023-02-09,176.37118530273438,184.50972301839462,185.02518547134846,175.72684967356224,37118800
2023-02-10,172.63397216796875,174.81483268722653,177.33271466042785,171.84094848019203,33433600
2023-02-13,177.86801147460938,176.6685532858945,179.4243515078164,174.2894519129695,31463200
2023-02-14,177.91761779785156,175.61782132238378,179.92994538612123,174.34896496503035,24034600
2023-02-15,175.6177978515625,174.8842342230846,176.6388303288191,173.80372647545715,25308900
2023-02-16,170.9388885498047,171.2461875370984,174.3192076619539,170.29453781345282,25827500
2023-02-17,171.37506103515625,168.73821306504692,171.67243739377372,168.22273550017792,24171300
2023-02-21,170.58203125,172.7926146811642,176.61901366845885,170.3837752916554,34592600
2023-02-22,169.63037109375,169.58081845166606,171.25609405423205,168.21282670866515,22433200
2023-02-23,170.5423583984375,170.50271326007802,172.17800396749618,167.9055256077023,20017800
2023-02-24,168.90673828125,167.17197219726032,169.2338674150604,166.20050742549483,19791300
2023-02-27,168.06414794921875,170.38378974915403,171.61298587076692,167.58833058362544,19277000
2023-02-28,173.41712951660156,170.40358459714915,176.00440977021506,170.37384696069057,46051100
2023-03-01,171.91033935546875,173.0701524358075,176.30178310717199,171.54356512627285,30998400
2023-03-02,173.01068115234375,170.87940337141325,173.4864984236013,169.93766120564743,17352000
2023-03-03,183.6373748779297,177.36247652852418,184.99544401107892,175.50875995980698,45877700
2023-03-06,183.29042053222656,186.36344076544492,188.00899392583824,183.03268930417306,33209400
2023-03-07,182.90383911132812,187.3547592066091,188.70292104191734,182.40819160019953,36701500
2023-03-08,183.3597869873047,181.2780620088136,183.647255802908,179.76138228555416,19432400
2023-03-09,180.10836791992188,184.7278056589579,187.28533312080012,178.7304686513036,26582800
2023-03-10,177.94735717773438,179.4342996541124,183.16157847551509,177.24354620945363,25665000
2023-03-13,179.32525634765625,176.4108618038768,182.18019073857934,173.29819616275796,24728000
2023-03-14,192.33102416992188,185.94708314354665,192.62841563950278,184.93595819735492,41642600
2023-03-15,196.02857971191406,191.27036084542135,196.05831735084533,189.17872786014453,42123600
2023-03-16,203.14605712890625,196.53412194369412,203.9688337131776,194.38301382017207,50447100
2023-03-17,193.9071807861328,198.81408713109815,200.14241856268836,193.72873985262865,50141100
2023-03-20,196.0880126953125,196.7521783647907,197.62452258784626,191.95431538990016,25186300
2023-03-21,200.40017700195312,201.4311170239478,201.77807628307767,196.22681889275694,31827000
2023-03-22,198.0706329345703,200.7372186543796,205.56482001084692,197.93185225263778,28477800
2023-03-23,202.50172424316406,201.07425714388052,206.07039199137296,200.39026123164382,27389700
2023-03-24,204.2166748046875,203.39389815045016,205.77301519457242,201.7780976074665,27716400
2023-03-27,201.0742645263672,203.02711679278647,204.06797951805956,199.60715223199819,18527200
2023-03-28,198.9330291748047,198.40764415152128,199.27998839816146,196.177230896691,19127300
2023-03-29,203.56240844726562,201.78798215208548,203.9291827103764,200.7768571452326,18851100
2023-03-30,206.03073120117188,201.60956435729426,206.27855492955837,201.0544416258621,22608300
2023-03-31,210.09503173828125,205.43594899488193,210.3230253172204,204.9700392079461,25440300
2023-04-03,211.2152099609375,207.02202167585494,211.63155200058463,206.387593549827,17924600
2023-04-04,212.850830078125,211.53240612071065,214.35760247602127,210.6897994530681,21026400
2023-04-05,209.63905334472656,212.28580906573094,213.31676429191103,208.11246576583304,19396600
2023-04-06,214.2188262939453,207.4284504209406,215.0515103499927,206.8336674517872,26104400
2023-04-10,212.8805694580078,212.84092431935147,213.78265140351988,208.82617714372924,16106100
2023-04-11,211.98841857910156,213.60421896645255,214.1395266783531,211.5522464067262,16710100
2023-04-12,212.1370849609375,212.96976895391873,214.95235853299292,210.7294481749098,18972200
2023-04-13,218.43182373046875,213.85203129059846,219.224847500562,213.81238615247736,23310400
2023-04-14,219.56190490722656,215.98332984258553,220.17650288269624,215.656200722299,21591200
2023-04-17,216.9547882080078,217.87668514416077,219.056328418045,215.23985237860873,15481900
2023-04-18,215.9932403564453,217.99566024521894,218.52104532046772,214.32787222191163,12281000
2023-04-19,213.8223114013672,211.61172796314864,215.43812696265397,211.07642023535394,15898100
2023-04-20,211.2152099609375,211.62162937104753,214.8631679041083,210.91781846805821,16475400
2023-04-21,211.03677368164062,208.38011057201217,211.55225127229988,207.75558993575115,17717200
2023-04-24,210.93763732910156,211.8198891943213,212.05780541816344,208.87575722630933,15750900
2023-04-25,205.74327087402344,208.98480961117474,209.42096668543763,205.32692880816302,19198200
2023-04-26,207.5771484375,210.65016871382687,212.24615412653236,207.06168597416203,41992700
2023-04-27,236.48329162597656,237.80171556165394,239.58604927632857,234.70888054019042,71196500
2023-04-28,238.2279815673828,236.92937263012743,238.3370094781109,233.69775691934507,39554000
2023-05-01,241.06307983398438,236.54277763553986,241.87594888989452,234.4015922066699,29143900
2023-05-02,237.15740966796875,241.06309907149617,242.78795773263934,236.90958593006684,24350100
2023-05-03,234.96661376953125,237.38537558955068,239.6455266055783,230.7238730814823,34463900
2023-05-04,231.48721313476562,234.00509578477568,236.12646648431465,230.90233758777302,17889400
2023-05-05,230.7536163330078,230.21832376395497,232.63707051688766,227.84912965326185,27000500
2023-05-08,231.2393798828125,229.40547815382422,233.56891396654385,228.2654949985898,16400500
2023-05-09,231.33848571777344,229.4451239565892,233.8266455946459,229.0684270546972,16865600
2023-05-10,231.051025390625,234.1141231112111,234.68907598893915,228.71156873771375,19119000
2023-05-11,233.73741149902344,231.02127322703902,236.13635840303854,230.2778020721307,20449000
2023-05-12,231.77464294433594,234.67914467629853,234.8972307500688,229.43518652876685,16161400
2023-05-15,236.78070068359375,234.8575861552915,238.16850749476043,233.2814308927608,20653200
2023-05-16,236.74105834960938,233.73742084776137,237.55391231265511,233.46978211198044,18163800
2023-05-17,240.3791046142578,236.37426476658152,241.71734364737938,236.06696576918233,21193100
2023-05-18,244.70115661621094,239.19946679482555,244.93905771597244,239.09042374878152,22943300
2023-05-19,243.5016632080078,245.315734575223,246.52511548669978,241.29107995629087,21733600
2023-05-22,246.1583251953125,243.2736537767836,251.36262275152214,242.9861698221899,27738500
2023-05-23,244.59210205078125,244.66148482629066,249.41970323490676,244.50287401661294,17748100
2023-05-24,247.04061889648438,243.14482191294246,247.41730068840283,242.81769276730455,17724300
2023-05-25,250.4903106689453,251.19412157731733,253.39479746511117,247.00094838612523,22371400
2023-05-26,259.7589111328125,250.7281993124649,260.0265498517954,250.51012836120594,25727200
2023-05-30,260.2347106933594,262.940956499197,266.31135290723864,259.0154374005094,23816500
2023-05-31,262.4155578613281,257.7366452452606,262.6931191922848,256.20015042244955,25473700
2023-06-01,270.2368469238281,263.5852676305469,271.61476114544865,263.57537525436203,25609500
2023-06-02,270.2368469238281,270.2864298124124,272.95301510658476,268.7598274288689,19416900
2023-06-05,269.0275573730469,267.94701923026497,273.17116310172264,267.21347063050644,20742900
2023-06-06,268.7598876953125,267.7884379849693,274.16245738799296,267.3423431472537,19419000
2023-06-07,261.3053283691406,269.30508506477685,271.8626124655505,260.5122743384185,26163600
2023-06-08,262.27679443359375,258.3512750536968,265.320077073053,256.6264315879081,20899400
2023-06-09,262.64361572265625,260.19511592437004,265.61750064760685,259.4219070539598,16949800
2023-06-12,268.6904296875,264.84423147196054,269.38434811275147,263.0202225116279,15442500
2023-06-13,268.9580993652344,272.487106262098,273.3197902235238,266.7475011776496,16164000
2023-06-14,270.9704895019531,269.5232072981204,272.5961975421648,265.98427695032746,19175100
2023-06-15,279.3765563964844,269.92951964285646,281.5177564592008,269.05720576715277,25973500
2023-06-16,278.5538330078125,282.2711884305146,285.3442082969982,277.69141139005217,43127700
2023-06-20,281.8548889160156,276.30366121845566,282.3207987676239,273.8155011330665,20701600
2023-06-21,279.18829345703125,281.06182497496616,281.52773476017416,275.93681733767835,20556200
2023-06-22,282.4001159667969,276.6505869881599,282.7768128958016,275.37183825791345,17563100
2023-06-23,286.2166442871094,279.059492475702,287.14846409857233,276.5217794471848,51092000
2023-06-26,276.0458984375,286.18685639120184,287.26736422711815,275.183476694736,24232700
2023-06-27,284.5511474609375,279.55504367467665,286.83114354969996,278.20686707622247,26108300
2023-06-28,282.8065185546875,282.3406087612761,287.02941407913994,281.5872149884615,16722100
2023-06-29,279.0792236328125,282.0233703967676,284.0753578917488,278.2465396316425,15395700
2023-06-30,284.4817810058594,282.2811054294308,286.533738166813,281.94406884139056,19694900
2023-07-03,283.5301208496094,284.2042242885285,286.88070203171793,282.37032290313533,8629300
2023-07-05,291.8074645996094,285.14596189605084,295.52482034373986,283.8671830495328,33865500
2023-07-06,289.44818115234375,293.3142553701415,295.5248235823149,288.7741078971482,47600500
2023-07-07,288.0008850097656,289.63651542467915,293.62153999226626,286.1471685227358,25586000
2023-07-10,291.5398254394531,292.9771848405433,295.5347425297434,284.5511784998187,37058300
2023-07-11,295.69342041015625,291.34162045085026,297.56695239636275,289.35903027391095,27585900
2023-07-12,306.64715576171875,299.1232312229929,306.75621392994793,297.48760071490796,36677100
2023-07-13,310.6817626953125,310.8899261701611,313.48711417229805,307.58892720415946,30281000
2023-07-14,306.18121337890625,309.07580744281717,312.1389046779914,304.68434858283683,23054100
2023-07-17,307.916015625,304.8628406574557,308.9965234309528,302.05745916188715,25323100
2023-07-18,309.33355712890625,308.17375905316084,311.4648653357093,304.9421280436291,20731900
2023-07-19,313.2590637207031,310.3049944741406,315.905803762913,307.81683497029235,21763700
2023-07-20,299.8865051269531,310.7709333978952,312.7931833489161,299.5891287747079,23836900
2023-07-21,291.69842529296875,301.9186725328554,302.800909197342,288.66506554438087,42139300
2023-07-24,289.07147216796875,293.2051849386824,294.9300282701008,285.79028868592326,24915700
2023-07-25,291.9066467285156,292.6203803553864,295.70329335700313,289.3193509866379,19585600
2023-07-26,295.970947265625,298.56813525384524,299.1430730271776,289.3589964867336,47256900
2023-07-27,308.9964904785156,322.28975724084523,322.5177659332042,307.14277406177325,64229200
2023-07-28,322.6466979980469,314.12155519848204,323.3604315871249,311.51444458487873,39220300
2023-07-31,315.8265380859375,320.87222512758746,322.82507714780235,314.8253206295678,25799600
2023-08-01,319.9007568359375,314.7757793342165,321.31833148178566,311.92084528786495,22817900
2023-08-02,311.57391357421875,315.2317943629233,315.61841391466794,307.94577042396213,20461100
2023-08-03,310.4636535644531,307.23202249512775,313.1996371815222,307.23202249512775,15180200
2023-08-04,308.0250549316406,312.21821272193796,315.6381920030264,307.4996698792332,17612800
2023-08-07,313.8042907714844,310.5032922794214,314.30986081830895,307.75738622328373,16236500
2023-08-08,309.91845703125,311.66311551194724,315.1227553397813,307.4104518521526,15183500
2023-08-09,302.5531005859375,310.1563455945085,310.89981675139177,300.21365919986573,19955800
2023-08-10,303.0784606933594,305.2593213413318,309.6210123853604,301.224744268541,14358900
2023-08-11,299.0141906738281,299.93608761646493,302.0673654764671,297.745304234176,14046300
2023-08-14,303.5245666503906,298.35992905267074,303.5443816563155,295.65368327400716,15641900
2023-08-15,299.321533203125,303.4750616157241,304.555569520521,297.4182335186527,11623600
2023-08-16,291.7281494140625,297.58670519685023,298.45901919205147,291.71822678564473,18547700
2023-08-17,282.60821533203125,290.4989130347723,293.47279727093206,282.4694497986728,23950100
2023-08-18,280.7842712402344,276.60100568899685,283.20303313726754,271.9914906051631,35347900
2023-08-21,287.37640380859375,280.98256944649927,287.97118683695453,279.39649145484435,20181500
2023-08-22,285.0964050292969,290.0032963876927,290.35025563572106,284.2537983560618,12980200
2023-08-23,291.67864990234375,285.9886259165438,294.8111459342949,285.16586432440715,18287000
2023-08-24,284.2538146972656,295.90152985922856,296.8531644997961,284.144786778373,18360900
2023-08-25,283.0146789550781,283.6391995492964,285.8795355852113,273.6271155393811,23701400
2023-08-28,287.7332458496094,285.4929098624364,288.9128891125971,283.3120491446648,14239300
2023-08-29,295.39593505859375,286.0678471302465,296.5458406851911,285.67133525084813,20844500
2023-08-30,292.5311279296875,294.5831156113279,295.69336104721475,290.87565215344677,17717000
2023-08-31,293.3142395019531,293.22499634625575,298.47887705578745,293.0862308021256,17229900
2023-09-01,293.7999572753906,296.7639190428538,299.1132828754372,291.906580579667,12842300
2023-09-05,297.53717041015625,294.4344124053595,298.76639670796936,292.9375776161612,14956000
2023-09-06,296.565673828125,299.0835407980036,300.6596958742699,293.0862194558126,15418100
2023-09-07,296.07000732421875,295.4058265509968,304.37703166595776,289.676144279648,33748700
2023-09-08,295.296875,296.6152840075846,302.5927915043755,294.19652184534834,17548000
2023-09-11,304.8826599121094,298.78620226973936,306.34978726869906,298.65732909121135,19489300
2023-09-12,299.03399658203125,303.66332641243866,305.9730602651931,297.6164522615025,13480400
2023-09-13,302.4043884277344,299.7278803744034,304.5059285575894,298.6969555666473,13210900
2023-09-14,309.0064697265625,304.0698098777926,310.146452893405,302.3747039470629,19343100
2023-09-15,297.69573974609375,308.89735891461083,309.2839784085415,296.1493222742044,28131100
2023-09-18,299.916259765625,295.59422852439974,300.9571375613304,295.2076089926441,14234200
2023-09-19,302.4143981933594,299.8469475589423,303.5048288349077,297.200176376817,15924400
2023-09-20,297.06134033203125,302.39448120124234,305.3782883735429,296.8234089972703,19379500
2023-09-21,293.1556091308594,293.12587149825106,297.64617316620246,290.71700224931874,21319600
2023-09-22,296.4764404296875,296.69452649941013,302.72161592524503,295.67349404841707,25369600
2023-09-25,298.21124267578125,293.06644978298425,298.3302234798701,291.1433351844772,18987000
2023-09-26,296.3575134277344,295.0688421646148,297.6858449572033,293.4332116377571,19417200
2023-09-27,295.14813232421875,297.8345632707552,298.677139729877,284.2934713763144,36429800
2023-09-28,301.31396484375,296.33767574089586,303.66332872549503,294.11718502598364,22167100
2023-09-29,297.59661865234375,304.704216042569,307.93584693640213,296.75401197888146,25373700
2023-10-02,304.14910888671875,300.1046087482149,304.50596053027635,299.0042859286593,16265600
2023-10-03,298.3202819824219,301.61138822655596,304.0995177904984,297.03161074620874,17362300
2023-10-04,302.91986083984375,296.1295154558936,304.2283772759008,295.9015067543039,16880500
2023-10-05,302.13677978515625,301.97816897158543,303.54440159622794,296.89282131542484,19130000
2023-10-06,312.6841125488281,298.8159079310807,313.55645681605097,298.290522895401,21803900
2023-10-09,315.588623046875,309.7796495788927,317.5414751678971,309.10557632186953,22503700
2023-10-10,319.0383605957031,316.34203714260326,321.83381959341597,315.3904024685447,19038000
2023-10-11,324.9663391113281,320.19821250883945,325.97744913604026,320.13873722808717,22036300
2023-10-12,321.338134765625,325.1447032712535,327.66260060248845,319.88093015978995,20530500
2023-10-13,311.9505920410156,320.71363525767725,322.22039260310345,309.65078063069194,21341000
2023-10-16,318.3543701171875,315.86624034074185,319.01855105073963,312.77337465622486,16536100
2023-10-17,321.1795349121094,315.4101915615611,321.57604680606164,314.5378472437151,16387800
2023-10-18,314.2107238769531,318.5922603419994,323.10263972349975,312.8129945346358,16851000
2023-10-19,310.08697509765625,317.09543774973184,319.08795030688776,309.03620485654955,18709200
2023-10-20,305.963134765625,311.40536380308697,312.55523915239206,303.80211935646275,22312300
2023-10-23,311.27655029296875,306.80580019592827,314.5973643164918,304.5853090932191,17796800
2023-10-24,309.8292541503906,314.02244308057266,315.578783561365,307.9259846054587,19525500
2023-10-25,296.9225769042969,307.3014363017255,308.17378070314754,296.2385809646329,42192500
2023-10-26,285.8398742675781,292.43197892863674,292.43197892863674,276.9677733145693,66684100
2023-10-27,294.14691162109375,291.91649836108155,296.704438848398,290.41963355930477,29596300
2023-10-30,300.0252685546875,296.48633908521356,306.7065853975363,296.4466788252207,28435100
2023-10-31,298.6473693847656,300.66961921940054,301.03639345003336,294.2757557468523,19434200
2023-11-01,309.13531494140625,299.222366123352,310.0175516552152,299.222366123352,20434600
2023-11-02,308.1637878417969,314.5378056945549,316.0445930452188,305.64589075733045,21631800
2023-11-03,311.8614196777344,309.8292467333952,312.8031317965931,308.3125665612412,16764300
2023-11-06,313.0509033203125,313.2293593857912,315.5588780950848,311.7126794666905,12887700
2023-11-07,316.0446472167969,314.299958512523,318.20566283791453,312.3768439867447,14055600
2023-11-08,316.99627685546875,315.37056897639883,318.53277182519207,312.13893797333276,13609700
2023-11-09,317.759521484375,316.63938382329235,321.35792628385803,316.0247556638353,16103100
2023-11-10,325.90802001953125,317.1548991851157,326.2351642842686,316.67906673273416,19096200
2023-11-13,326.3243713378906,323.36040926035906,329.43702160039675,322.86476180916407,16908900
2023-11-14,333.38232421875,331.62774345842996,335.15675023465667,330.42825506817,17179400
2023-11-15,329.813720703125,334.9882813381861,335.4541911554932,327.1471349777592,14531200
2023-11-16,331.28082275390625,326.50277439703774,331.66741200788823,323.53881252614497,18932600
2023-11-17,332.1234130859375,327.38502522586845,332.57940021629366,326.4829433416986,14494400
2023-11-20,337.010498046875,331.97473371871814,338.8939521370626,331.2808152503726,16960500
2023-11-21,334.0466003417969,335.38482439166535,336.9411648037626,332.9759847995949,12027900
2023-11-22,338.51727294921875,336.25712187256374,339.9348475941971,335.6326012688178,10702700
2023-11-24,335.2856750488281,337.16912925300625,338.88405001830046,333.83836275604654,5467500
2023-11-27,331.7864074707031,333.25350452760324,336.9411226805428,331.2907600321463,15684500
2023-11-28,336.0390625,330.4977274078799,336.42568204806275,330.4977274078799,12637200
2023-11-29,329.3081970214844,336.7329865734287,336.94115004399055,327.90054487082136,16024500
2023-11-30,324.3020935058594,329.00085151227404,330.59682164758357,319.593443122573,23146400
2023-12-01,321.9924011230469,322.64665935567007,324.0146208399716,317.96774644363103,15276400
2023-12-04,317.2342224121094,314.52800636018907,318.0669066013097,310.9296005859111,19037100
2023-12-05,315.519287109375,316.2032830645465,319.0780324511932,312.6445377227283,16952100
2023-12-06,314.6865539550781,319.12753540502547,319.4447570091409,314.2801194470397,11294300
2023-12-07,323.7469787597656,315.0037509944529,325.38260919838507,315.0037509944529,15905100
2023-12-08,329.8533630371094,320.27745110653814,330.26972018709864,320.18823819980867,14087400
2023-12-11,322.44842529296875,326.5325557121071,327.0183108166974,317.2143890831733,25802500
2023-12-12,331.3105773925781,321.77432544730783,331.55840111361704,321.73466518140424,18485500
2023-12-13,331.8260498046875,331.02310334456655,335.4244551825213,329.74435468699323,16353300
2023-12-14,330.26971435546875,330.9437875845794,331.7863942469266,325.77914995119795,19607300
2023-12-15,332.0045166015625,329.0999994185291,335.7119500187242,328.3367132008549,31776900
2023-12-18,341.6200866699219,334.54225592253124,344.5344964635308,334.0862384296534,18993900
2023-12-19,347.31005859375,342.57167029164464,350.5218745666176,342.11568311875016,17729400
2023-12-20,346.23944091796875,345.6149203637917,351.8699880301821,344.7624213705391,16369900
2023-12-21,351.00762939453125,349.9073065078524,353.30744096637494,346.17010514062605,15289600
2023-12-22,350.313720703125,352.4846287114761,354.0905518678329,348.1625974502464,11772800
2023-12-26,351.7411804199219,351.8997912451386,353.8724888040851,350.3732187747808,9898600
2023-12-27,354.71502685546875,352.9703684711443,355.87485515386163,352.21697469605425,13207900
2023-12-28,355.2008056640625,356.5687975042497,358.7496281934857,354.69523557044886,11798800
2023-12-29,350.8786926269531,355.86490417120007,356.86612158180657,348.757337524102,14987100
2024-01-02,343.2755126953125,348.2617247349704,350.08570368515996,337.0501820548259,19042200
2024-01-03,341.47137451171875,341.97694461960975,344.921091847354,340.19259554865863,15451100
2024-01-04,344.0982666015625,341.5010789113967,345.11929909621364,340.41064851615806,12099900
2024-01-05,348.8862609863281,343.96941637649724,350.4227560194501,343.2457904424102,13920700
2024-01-08,355.5378112792969,351.61229217973874,355.8550328888557,348.98533664973183,13890200
2024-01-09,354.31854248046875,353.2975099042569,357.500621013295,352.266554698049,13463900
2024-01-10,367.2450256347656,357.03470018708344,369.6935252666552,355.95416211609205,22117200
2024-01-11,366.4519958496094,368.8905728121484,369.5349084412359,359.7706477096314,17205400
2024-01-12,371.2300109863281,366.9377174545656,373.7776460956339,366.32311946752475,19310000
2024-01-16,364.2611999511719,370.39731754067816,372.3402469912931,364.0332214951215,15306900
2024-01-17,365.1632995605469,363.1113118453537,365.33183300535507,355.48825160061466,12724800
2024-01-18,372.855712890625,368.25609056029504,373.5694463469894,367.72081315695874,16354300
2024-01-19,380.112060546875,375.7007859201314,381.0141123293726,374.6797533320612,21670800
2024-01-22,378.45648193359375,384.57278342348206,386.9518846064402,377.8418840719535,17680500
2024-01-23,381.8468017578125,381.2718337835055,384.9991122312808,378.75393630536456,15506100
2024-01-24,387.2989196777344,386.60500116462015,392.70145859414,384.4340629686961,15698500
2024-01-25,389.7572937011719,386.7735168364553,392.04718233656905,382.3027674759573,15091100
2024-01-26,390.70892333984375,390.9170867647052,393.3358483504294,388.18110360172517,13163700
2024-01-29,397.5290832519531,391.5515760143711,399.42246020474215,389.6780443214767,18742400
2024-01-30,396.5774230957031,400.0766927751704,402.8225686731587,396.09169829023307,18614700
2024-01-31,386.7438049316406,385.6137142301989,394.53536828693876,383.7302599797155,20180800
2024-02-01,391.34344482421875,390.5107606418227,397.0136535202782,389.62849355752127,29727100
2024-02-02,470.85516357421875,455.5991505122071,481.7296700383125,449.0665206306807,84707600
2024-02-05,455.4107666015625,465.7896247984481,467.7920294868746,455.2224181615912,40832400
2024-02-06,450.7616271972656,459.9608428440702,463.0536781539214,449.056598724922,21655200
2024-02-07,465.5021667480469,454.0130625295491,467.41535863754694,452.20889855772646,23066000
2024-02-08,465.9085998535156,464.24323169322327,466.49346021033546,460.98186302371124,18815100
2024-02-09,464.0350341796875,468.8329280456372,469.4673410411531,463.4006211841716,18413100
2024-02-12,464.81817626953125,464.1143653554513,474.9789490756288,462.5183648227148,19382000
2024-02-13,456.1145935058594,452.892885158852,463.8169740536251,451.1283814896447,20916600
2024-02-14,469.1600341796875,463.85660058253393,469.982795609744,462.03262165462274,16858400
2024-02-15,479.81646728515625,471.1426369454391,484.3665072274175,468.1092769839316,24212300
2024-02-16,469.1996765136719,473.94795697120554,474.7905636276594,465.1254390286169,23324600
2024-02-20,467.6433410644531,465.63101374806274,472.03476994795795,462.49851842146023,18015500
2024-02-21,464.4480285644531,462.9297393124739,465.41060608263723,458.25579479701133,12921800
2024-02-22,482.4095153808594,476.56457866928184,486.2399591800924,472.41657665178604,21625800
2024-02-23,480.3255615234375,484.31478426826664,490.57648938610384,478.65842637192833,18374300
2024-02-26,478.05303955078125,479.7698100644105,482.419388801166,476.92178017882867,12101400
2024-02-27,483.32244873046875,476.3065805684811,483.5407662161046,476.2470421891275,10809600
2024-02-28,480.3155822753906,481.2880928291256,487.2917775435945,479.0553130170317,12715500
2024-02-29,486.37884521484375,484.70177703360076,487.9368366492081,478.9163793809535,17732000
2024-03-01,498.4557189941406,488.3437040291378,500.39080710945973,488.0857144887077,16273600
2024-03-04,494.377197265625,499.1503823962354,500.5595280134549,492.62075453598,12324100
2024-03-05,486.46820068359375,491.21161670016596,491.7871644614326,484.15604619661946,15325300
2024-03-06,492.29327392578125,493.8214963331061,499.12062411100493,490.5070619679342,11757900
2024-03-07,508.27001953125,499.4282074814689,515.8713680175964,497.542754953555,18586400
2024-03-08,502.07781982421875,510.2547468573878,519.5629636532714,495.52832561465306,18597100
2024-03-11,479.888916015625,493.2062214717345,493.51384651254926,472.3570085263561,20428300
2024-03-12,495.9252624511719,489.48494207040557,498.4656675759742,481.02022594568126,15448200
2024-03-13,491.7772521972656,491.59863706276775,497.14585137802413,487.27198978393096,12090700
2024-03-14,488.0658874511719,496.43139354764975,497.5130478682387,484.42399184724684,12620000
2024-03-15,480.39501953125,485.2674452189563,488.0658397573239,477.61643073962875,29153600
2024-03-18,493.1764221191406,488.14521760990164,493.61305704404583,483.08424391414707,11755300
2024-03-19,492.4421081542969,484.43389344040116,492.82913789689565,477.59661025996246,10903100
2024-03-20,501.6510925292969,495.6771763017406,504.31060469928195,491.3803284187274,11711100
2024-03-21,503.8739929199219,510.7708149111131,511.0982457279674,502.1373861162138,9712500
2024-03-22,505.6800537109375,503.11981236941114,506.0670834875513,500.4801663272367,8120600
2024-03-25,499.17022705078125,501.9190467966136,503.3380953120619,496.41150443106284,8380600
2024-03-26,492.0948181152344,501.2640919046953,506.09681547367757,491.41999934541593,11205400
2024-03-27,490.0802917480469,495.47865983348026,496.0641709946274,484.3346265696149,9989700
2024-03-28,481.86370849609375,489.06815539695725,489.11779090352536,481.4370066733091,15212800
2024-04-01,487.5895080566406,483.4712757226848,493.6229620607857,478.0927438247273,9247000
2024-04-02,493.5634765625,481.3873933760893,493.7222556696209,480.94082524456064,11081000
2024-04-03,502.8617248535156,495.11150004572073,503.3578981717305,494.9328849193272,12099200
2024-04-04,507.0097961425781,512.4676727823381,525.943758109554,506.67237161008114,26476300
2024-04-05,523.3040771484375,512.9042437043852,526.6383471527769,510.4729824465434,19263300
2024-04-08,515.2760620117188,525.2293292201076,527.4223768254514,514.9188317096773,13260600
2024-04-09,512.9440307617188,518.2331950359386,521.8453515412855,502.8617544246005,10863800
2024-04-10,515.8516235351562,505.39228040139363,518.5607107573752,501.92896968081385,11418500
2024-04-11,519.1560668945312,517.1217682967572,519.8507216900733,513.3309966786047,10369500
2024-04-12,507.9822692871094,513.7875035345007,516.2088319033819,505.4319310018834,11984500
2024-04-15,496.40155029296875,512.7653057412805,514.5615112314049,493.4741157112928,13512900
2024-04-16,495.9351806640625,494.2977844340761,500.90681687935023,493.3054377657289,9847900
2024-04-17,490.3879699707031,499.2496185150052,499.30915689281545,483.41177405310106,12193700
2024-04-18,497.9595031738281,495.99467632150186,508.28986501966875,495.2206471982187,14808700
2024-04-19,477.3882141113281,498.95188761147057,498.95188761147057,472.08908659081203,25215400
2024-04-22,478.0431823730469,485.97202274350616,488.24450514549414,469.7769174777012,17271100
2024-04-23,492.30322265625,487.49033492134237,494.9428686127563,485.22778557062543,15079200
2024-04-24,489.7231140136719,504.171680061141,506.0968351509071,480.8713678072406,37772700
2024-04-25,438.00201416015625,418.1749151567085,442.35840065292007,411.32772862601064,82890700
2024-04-26,439.8973693847656,438.0813579966591,443.023255377978,428.6540645124844,32691400
2024-04-29,429.30902099609375,436.19590946046895,436.3943909124522,425.2800958497785,21502600
2024-04-30,426.8777770996094,427.7510167239678,436.2554348890997,426.43120898791216,18429500
2024-05-01,435.8287048339844,425.3197579943867,446.5162667930731,423.8411409701157,20344900
2024-05-02,438.2996826171875,435.48142162693887,440.562231878881,428.9716297061358,15221300
2024-05-03,448.5009765625,442.5171275663126,450.694084429791,440.4530598909977,16489100
2024-05-06,462.1159973144531,452.0932897323867,462.59233462582085,449.87044284737243,15094600
2024-05-07,464.6564025878906,462.72134472049225,467.92123166453916,457.779447321688,13406800
2024-05-08,468.9830017089844,459.95264173674593,471.94017514787424,459.456468444689,11683900
2024-05-09,471.781494140625,466.4029615568522,472.4364163303215,464.0511046599766,9437700
2024-05-10,472.55548095703125,473.4386537168411,473.8455194723548,466.0059870918143,10750000
2024-05-13,464.4281921386719,469.13190584002666,469.7273199211645,459.30767949531514,14668800
2024-05-14,468.23876953125,459.82365909681533,468.9234911376046,456.55883016199584,10478600
2024-05-15,477.8546447753906,471.3448527592267,478.8072891405804,467.59378339452235,13100500
2024-05-16,469.60821533203125,471.36465799748123,474.0340729044409,469.1318780385458,16608200
2024-05-17,468.29833984375,467.2265884372279,469.1815126685142,464.83505951456476,10807300
2024-05-20,465.25177001953125,466.353290478326,469.57841688472104,463.46555827728747,11745100
2024-05-21,461.07403564453125,463.5449691486391,467.0975871671568,458.73208176825443,11742200
2024-05-22,464.199951171875,464.28925874330497,470.0944931584009,462.0862477959769,10078600
2024-05-23,462.2152099609375,469.26087705798136,470.72953068178265,458.0076699601858,11747900
2024-05-24,474.5600280761719,464.0411472655585,476.17755800168163,462.73124238654253,12024300
2024-05-28,476.24700927734375,472.93254487428226,477.17978725076165,471.2058714243165,10175800
2024-05-29,470.7295227050781,471.0272448580583,476.17752617925936,470.07460059335506,9226200
2024-05-30,463.4754638671875,468.06013056265147,468.11966893547435,461.15337647505135,10719600
2024-05-31,463.25714111328125,462.2350253461456,465.52962326344255,450.98181875095815,16919800
2024-06-03,473.83563232421875,467.25636863239123,475.9294996806374,464.6564250347683,11279400
2024-06-04,473.33941650390625,473.3493496612414,475.22489935660434,469.60821371186694,7088700
2024-06-05,491.27105712890625,480.7422752731931,492.84888443387683,480.20639968229364,15690500
2024-06-06,489.9811096191406,489.20708041502814,498.9717681761462,487.13307947431673,10667300
2024-06-07,489.1871643066406,492.11459884745994,495.0916386039483,486.4185391375969,9380700
2024-06-10,498.7534484863281,490.0803178915368,498.81298686453346,489.63378005499686,11220900
2024-06-11,503.5861511230469,496.332099600009,503.71516103182034,494.4565499121785,9673700
2024-06-12,504.94561767578125,510.05619637989713,510.07606269277613,500.6090680736091,11983200
2024-06-13,500.2419738769531,501.8396375159677,505.46169688773693,497.5229233456596,9954600
2024-06-14,500.7982177734375,499.29827689365226,503.76827047428316,497.41095233353604,10243300
2024-06-17,503.2517395019531,498.3248218231231,507.3442620321648,492.70255969673593,11266600
2024-06-18,496.1593322753906,501.19553219490325,502.6259325307895,491.71913754817786,13060400
2024-06-20,498.3547058105469,498.6526933024228,500.311571178102,493.45755572406864,11801200
2024-06-21,491.4808044433594,500.09300619870635,500.09300619870635,489.1067567329838,22359200
2024-06-24,495.5832214355469,495.8712961742398,504.4139262555408,490.9940329117928,13525300
2024-06-25,507.1952819824219,493.73561634252076,507.3045339423374,492.1959639995384,12063200
2024-06-26,509.6984558105469,503.27159725374554,510.38385724147327,501.3147322130294,8882300
2024-06-27,516.0955200195312,510.8209300507455,519.3933892059828,510.47328813668884,10121200
2024-06-28,500.8577880859375,513.7015919827431,518.4000322459863,500.48031713157917,15855100
2024-07-01,501.3147277832031,501.58294679281164,503.2020522993896,489.8814984155555,10328200
2024-07-02,506.1026306152344,497.4209190368857,507.0959625693369,496.11965660213826,7739500
2024-07-03,506.5595397949219,502.9934818232005,507.87074521081,502.6458095867641,6005600
2024-07-05,536.3097534179688,508.18856248198745,537.2633737862543,508.18856248198745,21354100
2024-07-08,525.79052734375,538.7336124129018,539.1905669814913,523.1383477493558,14917500
2024-07-09,526.4660034179688,530.1909987251714,533.8961079897183,524.6680747748195,8753200
2024-07-10,531.1246948242188,527.2506757341519,535.2867583710278,524.8368862253591,10983300
2024-07-11,509.28131103515625,527.3500219197413,531.8895562792189,504.9801666469837,16458300
2024-07-12,495.54351806640625,494.4409341236974,504.70204009860527,490.9344734606303,19750500
2024-07-15,492.8515625,495.3050935222818,503.30140324613546,490.0801579921721,12539200
2024-07-16,486.5240478515625,498.1559561053816,500.58963142634576,482.55072018571695,14075800
2024-07-17,458.909423828125,475.9748899890231,475.9748899890231,456.0585659449274,28076600
2024-07-18,472.67706298828125,471.83272468129707,476.04444288110176,461.4424799057337,19267200
2024-07-19,473.6106872558594,472.88554411371524,483.464521940826,472.5378719136713,15149400
2024-07-22,484.1499328613281,483.3353934769665,488.77886287445193,480.67327142055154,12023100
2024-07-23,485.4313049316406,486.57363040391334,491.9177601748419,484.46777190252436,9455500
2024-07-24,458.1942443847656,469.1606382402564,473.1240232513889,457.508842874167,17649700
2024-07-25,450.38665771484375,460.17098380293606,460.4590282516497,439.6983958852032,18240500
2024-07-26,462.5946960449219,461.1046981366571,466.63753399730916,456.3565726815499,14222400
2024-07-29,462.6045837402344,466.7467910394615,470.7995717926328,461.91918231436165,11339600
2024-07-30,460.1014099121094,463.88600206485654,469.57780482339075,453.6546955153981,11390400
2024-07-31,471.66375732421875,467.8791653340308,473.32263488120134,463.6376491727193,24285800
2024-08-01,494.4210205078125,517.5259306837595,523.6547716585801,488.8186442383986,43083100
2024-08-02,484.8850402832031,485.73929115246585,497.80826747717975,472.9749703834954,24044700
2024-08-05,472.55780029296875,448.34036348534045,480.2561225927905,447.79401274658,21396200
2024-08-06,490.7953796386719,475.80600414778166,499.2089024694643,475.4583319023931,20955000
2024-08-07,485.65985107421875,499.77508903606014,506.7482681354804,483.61355944940226,20105300
2024-08-08,506.2317810058594,494.1826592575275,506.5595672205357,491.42119757011926,16156800
2024-08-09,514.3175659179688,504.3246173925069,514.883772473947,502.32804054292995,13696600
2024-08-12,512.5095825195312,513.4134878308477,514.5657867339853,505.70525325253175,9767400
2024-08-13,525.0155639648438,516.5424752985086,527.9558478978068,514.6948927145733,13743800
2024-08-14,523.2476196289062,524.5389392158282,530.4393342352577,519.6418193043561,11444200
2024-08-15,533.7470703125,528.2439725420813,536.1708026803833,523.1879469001557,13482100
2024-08-16,523.903076171875,528.3532441619528,530.1014573197285,521.1614705192093,14776700
2024-08-19,525.7506713867188,523.3567078553176,528.1147452351695,519.2741288076174,9879700
2024-08-20,523.2176513671875,524.8268440690854,527.5486241898866,522.3733435694845,7944400
2024-08-21,531.5914916992188,523.6349538269176,535.8032700316064,523.4163892745524,13423300
2024-08-22,528.3831787109375,533.4193801339532,540.6011523872514,525.0654831847928,15708300
2024-08-23,524.479248046875,533.3397517008707,536.2700929585844,521.55884980876,11323900
2024-08-26,517.6451416015625,524.081913244852,524.479270276633,511.5163004380435,9584000
2024-08-27,515.6385498046875,515.5193548304624,520.5158432413665,511.87384384105246,6282700
2024-08-28,513.3340454101562,514.2180646497437,517.6153031156273,509.0329016673362,9106100
2024-08-29,514.764404296875,515.5888867116108,523.684565573268,512.2413632137636,8317400
2024-08-30,517.8338623046875,517.8735737554629,520.0489730917525,511.7646188064961,9157500
2024-09-03,508.3475646972656,516.1750252560046,521.9859928695383,505.22848784642304,12459100
2024-09-04,509.3210144042969,502.6955072728807,513.1453787891634,500.70884337263965,8335200
2024-09-05,513.4135131835938,508.307802962019,518.1517257651456,507.74159650154314,8640900
2024-09-06,496.9341125488281,518.4000295415103,521.0820376560034,494.9275931294912,14744500
2024-09-09,501.42401123046875,502.7848710640587,507.92037993887993,498.7320599932226,11047800
2024-09-10,501.42401123046875,504.7715348360927,510.7513818768451,496.6957417525211,9899000
2024-09-11,508.41705322265625,503.6292165016286,509.69845986206315,492.29529588084,10782500
2024-09-12,522.0951538085938,513.6021793048274,523.1977981501627,511.7843651907205,11970500
2024-09-13,521.121826171875,516.8703967615143,524.0621107021185,513.6618931917054,10321400
2024-09-16,530.2294311523438,521.5393768501115,531.0446869851908,514.4402669362904,9527600
2024-09-17,533.2520751953125,534.5247216049645,538.9989800805172,527.5349671432173,11690800
2024-09-18,534.8726806640625,533.9977098303668,541.0869276726933,530.845860739671,10323500
2024-09-19,555.9017944335938,546.8538728123792,558.8548369035116,543.3937986366567,15647000
2024-09-20,558.1387939453125,556.7965408444652,561.2707987619654,553.1176944195414,22066800
2024-09-23,561.1812744140625,566.2421838477487,570.6965366558616,559.1927153838685,12830700
2024-09-24,560.1075439453125,563.4383563302257,564.5022427843289,551.0198138385321,12993000
2024-09-25,565.0590209960938,560.8233803106601,573.580004208347,560.4952510598988,16543400
2024-09-26,564.5917358398438,572.436555499505,574.0970460697704,559.1330900425771,14400800
2024-09-27,564.1144409179688,566.8387572234752,567.5745750797583,561.2807684246667,9398400
2024-09-30,569.1654052734375,564.4525297734127,571.392581823153,561.5690947166503,12792300
2024-10-01,573.1722412109375,574.6736128791929,579.7046644318758,566.8386860157418,15259300
2024-10-02,569.533203125,571.5714638381036,572.7049569634005,566.0830826003516,6524700
2024-10-03,579.4362182617188,566.8884172422595,580.0228091163762,565.476496817631,11581000
2024-10-04,592.5308837890625,580.3907101459058,593.4356513652355,578.1038796024136,14169500
2024-10-07,581.4347534179688,594.7978106805275,599.5007936445444,580.698935664524,12014200
2024-10-08,589.498291015625,586.3165849982068,590.1644411797174,582.6178343057348,7857400
2024-10-09,587.1320190429688,590.5920924118491,590.9898285010107,578.2829068901802,9529700
2024-10-10,580.490234375,584.2088301034865,586.8535869486327,579.1877306195246,7740400
2024-10-11,586.5751953125,581.4844891955055,587.8279971754954,579.3766215385939,8587100
2024-10-14,587.0425415039062,590.8207918278077,596.6671607014488,586.5852117292404,8252000
2024-10-15,582.916259765625,586.7839608852024,587.2313987957768,576.8213215978997,9564200
2024-10-16,573.490478515625,578.074153352245,578.7502561624128,570.7463179400054,11268400
2024-10-17,573.6296997070312,579.9931131702996,581.6236855285798,571.9096154864388,8701200
2024-10-18,573.1722412109375,577.7757598855744,580.6293370312779,571.9592494201094,7694300
2024-10-21,571.8698120117188,572.7348910706112,573.937930513858,565.8544327374575,8171900
2024-10-22,578.6807250976562,571.004854426833,580.1920496277285,568.8472845176756,8544500
2024-10-23,560.4654541015625,576.6522939692993,581.6535493433651,559.2822589840049,14248400
2024-10-24,564.5321044921875,563.885798473118,565.6257877856776,558.3079044414983,7184700
2024-10-25,569.970703125,570.6468058786587,577.9646881740268,568.4494264147659,11337900
2024-10-28,574.8526611328125,578.67072146079,580.410710743533,570.8357934356153,10925100
2024-10-29,589.88623046875,576.8313344603039,590.2739533915471,572.1085063582906,13019100
2024-10-30,588.4146118164062,597.5420905900066,597.7608636426235,586.0084723536592,26864900
2024-10-31,564.3331909179688,581.6535232859577,586.5255172425846,559.7893261973286,26838400
2024-11-01,563.91552734375,564.3629652502584,570.3882965161611,559.3418659763402,15303200
2024-11-04,557.4727172851562,560.8731367595427,565.4369071400736,554.698698856843,12064600
2024-11-05,569.1553955078125,564.0547369200507,570.1993768247104,563.4283359927113,9775400
2024-11-06,568.777587890625,559.5308004818795,569.7221655728422,551.9941447200907,18305400
2024-11-07,588.3152465820312,573.5899682554951,591.3974890420855,571.9195858236583,14653700
2024-11-08,585.96875,588.1561165108458,589.707190216614,581.1763151778936,9415700
2024-11-11,579.833984375,583.0057385461188,583.6420920185832,573.2121093173138,10209100
2024-11-12,581.4746704101562,585.1733618219497,596.2297474017003,577.0600660465855,16287700
2024-11-13,576.68212890625,579.2771839216865,582.2898800347385,571.8797417717248,10757600
2024-11-14,573.8583984375,573.6993404002395,577.4378414789874,569.7321744285508,11053700
2024-11-15,550.9104614257812,567.9523677618081,569.2946816423462,548.3452030486293,17712900
2024-11-18,551.2286376953125,553.8534897330912,556.6971755268692,546.943295022024,14327300
2024-11-19,557.8804321289062,548.7031890906989,558.2184532479198,547.4503869397267,9522400
2024-11-20,562.2849731445312,559.7097624878369,563.1101814515828,551.0297217043255,9797300
2024-11-21,559.8688354492188,566.2620449532839,566.739279664007,545.9091133005595,11154700
2024-11-22,555.9414672851562,560.32621328156,560.6046406773982,551.4175075908335,9164000
2024-11-25,561.8772583007812,558.8844673779386,569.3145100236936,553.2071704273792,13599800
2024-11-26,570.259033203125,562.7621877433986,574.1964018053228,561.9667762936829,10356600
2024-11-27,565.9439697265625,571.601423170664,571.6908743519631,560.8731072719025,7200200
2024-11-29,571.0345458984375,565.7449722673266,575.1508771330009,563.6570098250976,7130500
2024-12-02,589.438720703125,574.1963992934365,591.0991504414684,572.2774471807156,12522400
2024-12-03,610.1396484375,591.5963112149323,610.6864900333547,587.8677630350062,14907200
2024-12-04,610.2689208984375,609.4536043990507,614.2460390304662,601.6385211482492,14697000
2024-12-05,605.4465942382812,613.5499962447583,616.3538716503245,603.5773439679037,8081200
2024-12-06,620.2017822265625,606.6099369109293,626.1873039273537,605.0489714012239,16935500
2024-12-09,610.0601196289062,620.350888846341,622.8167434326103,602.7024265777296,11426000
2024-12-10,615.7771606445312,614.0272190903004,622.0113122599781,609.2347848248279,10938900
2024-12-11,629.0608520507812,619.8041107841092,634.7481632992731,617.9746701821156,10837200
2024-12-12,627.1815185546875,627.887478818055,633.017934128409,623.6220417827839,7474700
2024-12-13,616.8013305664062,623.6320266186848,627.4699920270454,613.3611619616729,8453300
2024-12-16,621.1696166992188,626.8813743397462,628.0456633318022,615.5374825781794,10885600
2024-12-17,616.393310546875,623.0901898648054,629.2597075495864,613.507549791668,12897800
2024-12-18,594.2527465820312,617.9456355913278,624.2743396016706,593.3870305020766,17075500
2024-12-19,592.6407470703125,607.3878634532757,608.512310503509,592.0735432784724,14958100
2024-12-20,582.3714599609375,587.6752614717944,600.143601343373,577.1472819775203,48989400
2024-12-23,596.899658203125,586.7000720639313,598.1336103729398,583.3665730831542,10205800
2024-12-24,604.7608642578125,599.7555744761255,604.99967413285,596.3325519539701,4726100
2024-12-26,600.3823852539062,602.5019136601244,603.3178877600023,595.9941026607926,6081400
2024-12-27,596.8599243164062,596.4618673609139,598.8898690255031,586.8991472446073,8084200
2024-12-30,588.3319702148438,585.8542270232425,594.0039468527602,582.6998357068834,7025900
2024-12-31,582.6303100585938,589.3570722318344,591.0486625750132,580.9784403848262,6019500
2025-01-02,596.2926635742188,586.8194676993116,601.9347590067932,584.9288491785778,12682300
2025-01-03,601.6561889648438,601.7855544308446,606.5022314682295,593.4765866809927,11436800
2025-01-06,627.1004028320312,608.8207596792694,627.8864953892827,602.641281410124,14560800
2025-01-07,614.8509521484375,628.5930258941997,628.9910220723464,605.2384303850833,12071500
2025-01-08,607.7161865234375,610.3830585744919,613.4080846789525,599.8251969713253,10085800
2025-01-10,612.8308715820312,607.0295902270824,626.8117543633127,594.4020036952091,19256600
2025-01-13,605.3380126953125,604.1140210154849,605.9748187670136,595.5066015316934,10785000
2025-01-14,591.3272094726562,602.0939991024484,602.5119163465189,585.6552325061541,13598000
2025-01-15,614.084716796875,607.2087300599234,619.3984789584875,603.5169556717734,15524300
2025-01-16,608.2933349609375,608.4923634164871,613.2190007447427,606.7111893194766,8355300
2025-01-17,609.7561645507812,620.9806532892833,621.8961113451103,600.7008856525179,17280600
2025-01-21,613.427978515625,614.791235345522,618.4431675349931,606.0146090104106,11674000
2025-01-22,620.433349609375,620.2343211513619,630.5831936184607,616.3833603918935,12274000
2025-01-23,633.3196411132812,624.2743234364817,633.468866899262,618.0949061109532,9910200
2025-01-24,644.3053588867188,633.2699382382675,648.7931865048288,631.0807466276091,19065300
2025-01-27,656.6343994140625,623.5280177511174,660.6047649681485,622.0254349357211,28399200
2025-01-28,671.013427734375,662.7243805632816,679.2228513674787,656.2264682196907,20950100
2025-01-29,673.1627197265625,671.6800579089199,677.7002892439266,662.3959298804792,21377800
2025-01-30,683.6210327148438,693.3927409364592,707.294001197109,672.774619401076,29322900
2025-01-31,685.7902221679688,687.6012776839267,701.8309301836515,682.2079532641749,19303900
2025-02-03,694.0296020507812,672.5855459885331,700.5374135449807,671.9288188867163,21415700
2025-02-04,700.7264404296875,699.0447502736523,704.2291467274541,688.2082982161528,13826300
2025-02-05,701.4031372070312,700.0896222542642,714.6078889974233,695.5719738179728,17778200
2025-02-06,708.4880981445312,702.4081644926629,715.3641456188349,700.0398655613205,13080700
2025-02-07,711.0056762695312,713.2744305821955,721.4440718312758,708.249280988419,16427100
2025-02-10,713.8716430664062,715.0259111266503,717.6529414175103,707.8314897983543,12904300
2025-02-11,716.2597045898438,709.8115954275665,720.1007048878689,706.5476987131067,12998000
2025-02-12,721.812255859375,711.7818168815365,723.523766963731,709.0950845634602,12016500
2025-02-13,724.9765625,717.9712107274046,725.4144007817218,714.5082858683488,12569100
2025-02-14,733.0466918945312,722.5685149916063,737.2658278537506,722.0510531620941,16901200
2025-02-18,712.8465576171875,732.3800130970368,733.3750946365709,702.9654052178096,21938700
2025-02-19,700.30859375,700.6369269472729,703.5226878675882,691.9698051227019,17535500
2025-02-20,691.4225463867188,693.8505479928752,702.1594553078776,690.2284362839436,12587400
2025-02-21,680.18798828125,693.1539301625503,700.4080528713276,679.0038387952945,15660400
2025-02-24,664.8438110351562,682.9045646514273,683.8896856241412,659.1917553729045,15677000
2025-02-25,654.26611328125,662.6944247816905,664.7144694629277,638.703023401866,20579700
2025-02-26,670.3864135742188,656.4055307530449,679.650619839028,654.7636219966097,14488700
2025-02-27,655.00244140625,679.0933865536915,685.2629040436697,654.3357538023921,12500000
2025-02-28,664.9134521484375,654.8033903750937,666.3364113660828,639.4393300085176,17534200
2025-03-03,651.828125,670.3664982200642,677.8992724698688,647.638870751695,10843800
2025-03-04,636.8521118164062,642.3350201841677,646.5541557073593,620.5825548163266,21495200
2025-03-05,653.2411499023438,637.847267619745,656.256276123591,634.523668550264,13770000
2025-03-06,624.8416137695312,644.8129097915485,647.3603163884869,621.0403945748483,13446500
2025-03-07,622.5827026367188,622.294150848658,631.6678021460568,597.6559216844704,21375700
2025-03-10,595.0487670898438,605.0792054575583,607.1091498209839,583.9834658430217,21999900
2025-03-11,602.7308959960938,592.1232921602733,611.9055191678449,590.4117809661785,17401500
2025-03-12,616.5126953125,626.8018648059933,630.2149870827395,606.352891273559,15747000
2025-03-13,587.7349853515625,617.1993356753703,617.4481060645986,583.6252936627146,16480300
2025-03-14,605.1494750976562,600.3688460487675,606.4044031406513,592.381232702444,12364500
2025-03-17,602.46044921875,605.0101222504932,610.6273298059427,595.5882527559658,15473900
2025-03-18,580.0112915039062,597.6299490711036,597.8291546165306,572.3423339224544,20297700
2025-03-19,581.7044677734375,581.9236121177603,589.9311646960157,572.4519564790293,20537500
2025-03-20,583.6365966796875,580.4096736870833,607.7390075399582,577.1727812993547,24336500
2025-03-21,593.8451538085938,581.0668838344467,595.1299289868875,578.6068752271511,25015900
2025-03-24,616.3540649414062,612.4897086743648,620.0291850741187,609.7309218178737,15741300
2025-03-25,623.7839965820312,624.2321938231848,631.3234729455945,618.674681768664,15312500
2025-03-26,608.5158081054688,622.3697410659778,624.2222248223229,604.163437823038,12609800
2025-03-27,600.1497802734375,599.572102422941,611.7726975303846,597.6797409070035,10436500
2025-03-28,574.4140014648438,597.8889510971005,599.3231460176767,571.605367212507,17602800
2025-03-31,574.0354614257812,561.2273418254761,576.3660506926756,551.0684674021583,21124700
2025-04-01,583.6365966796875,568.5377653967017,587.5308004666896,567.7011264631773,12836600
2025-04-02,581.5748901367188,572.5912500878843,590.2696609066593,571.0475136953103,13470800
2025-04-03,529.4758911132812,544.016982785148,550.3314393515183,528.1612075786397,34777500
2025-04-04,502.6943664550781,504.5767280238223,515.9108358048159,492.2068365877987,38589800
2025-04-07,514.1679077148438,483.14354512484755,537.1946573822175,479.95643891438516,36606100
2025-04-08,508.3912658691406,541.0589647931961,545.2220987278512,500.83185110030036,28034200
2025-04-09,583.4075317382812,507.21603593950647,585.5189766353849,500.0849095170737,39216600
2025-04-10,544.0867309570312,573.1689763297147,578.9555415344041,533.141064552052,28173500
2025-04-11,541.377685546875,533.3501954996136,545.1922554454453,526.4581222037267,17642300
2025-04-14,529.3364868164062,553.926912857093,555.5204964254532,526.1494412576809,14130900
2025-04-15,519.4166259765625,529.9638803667925,535.7703838427552,515.4128199804695,15558700
2025-04-16,500.2840881347656,506.459094542153,511.29947867102186,493.6310371089192,18735100
2025-04-17,499.45751953125,503.2123040095489,505.2540241094821,496.0015129816489,14593500
2025-04-21,482.7052917480469,489.3483735420339,491.50963495584347,477.8648771062618,16166000
2025-04-22,498.2622985839844,489.886213659528,504.8356859267328,484.3984265448332,17399400
2025-04-23,518.1717529296875,526.3984497963002,533.1809824042,514.4368768066369,18173900
2025-04-24,530.999755859375,516.6378699664548,531.7467310045646,515.4128501808216,13910000
2025-04-25,545.062744140625,544.5946081566364,547.6422639879924,534.0871710746434,17098900
2025-04-28,547.5227661132812,553.3989944115831,556.2374754096683,538.409706579595,15179000
2025-04-29,552.203857421875,543.7978948573555,554.3252716550422,541.9254723342877,11835000
2025-04-30,546.7858276367188,536.2286028212618,546.8854000110363,527.3644731031741,29244000
2025-05-01,569.9022216796875,589.6920784232152,590.5585647326062,568.1990964565776,31159000
2025-05-02,594.6121826171875,581.1068737819331,601.9026676753685,575.9975586829169,24739300
2025-05-05,596.8530883789062,588.8355064073843,600.7772002962906,585.6783084359005,13887700
2025-05-06,584.9412841796875,590.140262710858,593.6261466616496,584.2142478367141,10600700
2025-05-07,594.4029541015625,587.9789559689339,600.6476855016655,584.3038359796805,13139100
2025-05-08,595.59814453125,603.8447184228645,608.8345220578558,594.2137360230962,14622800
2025-05-09,590.1004028320312,601.2850913628599,604.5219836999701,589.3235802814015,10427300
2025-05-12,636.85107421875,628.3753866174048,637.8072242767122,618.5253206919152,21965100
2025-05-13,653.3841552734375,642.9364120582926,658.254386921773,640.2373808266427,18570800
2025-05-14,656.7007446289062,658.543319934739,659.9973927569988,651.6711237576287,12348200
2025-05-15,641.2830810546875,651.6411596542983,654.658907321003,636.004469394669,14341800
2025-05-16,637.7574462890625,635.3870402976211,637.8570186595293,623.6246741050281,18519000
2025-05-19,637.8470458984375,625.7161768945482,640.4066880114517,625.2679796518272,9592400
2025-05-20,634.530517578125,633.4449476478025,636.7714432087338,629.7100715967877,6743500
2025-05-21,632.9369506835938,629.2418916838421,644.0021281038256,627.6284302053292,11464600
2025-05-22,634.0026245117188,631.492768599171,640.6556757699244,628.1662733645643,8228400
2025-05-23,624.531005859375,621.4833495575277,629.8992820739184,620.1388185495641,8454100
2025-05-27,639.7294921875,632.847326590347,640.4864367881302,630.1980812771392,9508400
2025-05-28,640.984375,640.0082861312126,648.2549209907568,639.958499945528,9042900
2025-05-29,642.448486328125,649.0219048494392,650.6851526800369,636.9208817638153,8858800
2025-05-30,644.878662109375,639.9087965132786,646.7909017255059,630.2280264669267,16241000
2025-06-02,668.194091796875,641.7910045196929,670.5445586492476,641.6615239839366,15766300
2025-06-03,664.1605224609375,668.7420068089284,672.8553550898889,662.3479161440031,11585000
2025-06-04,685.1754760742188,666.6206069146197,686.2212292149324,665.8736317013958,14031900
2025-06-05,681.8588256835938,688.8704104821669,691.5794719470881,679.4983890924821,13083100
2025-06-06,694.89599609375,693.3621683649559,699.9754022986715,689.0795234172199,11728000
2025-06-09,691.2606811523438,695.6429591747781,702.345795960264,691.1411700052762,12773200
2025-06-10,699.567138671875,698.5213248498013,700.3937473880201,688.7708312874433,10850100
2025-06-11,691.3403930664062,700.871802415462,706.0109642368116,689.199040180601,9582500
2025-06-12,690.5635986328125,690.5038430500748,692.5754712333077,684.229263706634,7322700
2025-06-13,680.1159057617188,685.1754345871889,691.768730540237,678.2634219344503,9274400
2025-06-16,699.8262939453125,697.0454302800655,704.839891030923,691.2444358848513,13720300
2025-06-17,694.9522094726562,699.7066458929623,703.6636471536132,693.7860487635145,10066100
2025-06-18,693.4970092773438,695.8991092834594,699.2980032265184,692.6298563461756,10068300
2025-06-20,680.1209106445312,698.460826828492,699.5273387091719,676.4529395748931,22538600
2025-06-23,696.2481079101562,681.4565596787132,696.7663678330139,676.5326949790629,11080100
2025-06-24,709.8734130859375,702.5872956643889,710.860169242287,699.8163481052391,13823200
2025-06-25,706.3648681640625,710.9897247556078,714.2390846812559,703.0756608117819,9320400
2025-06-26,723.7180786132812,712.026356119824,725.8410644855094,708.7271714667934,13964800
2025-06-27,731.2333374023438,724.1465793868571,733.0274448848292,723.488701447296,18775700
2025-06-30,735.6788330078125,742.1176905331245,745.4567832484664,731.851350759088,15402100
2025-07-01,716.8704223632812,734.4727647300622,735.3399177465482,713.0330238804761,13431200
2025-07-02,711.2389526367188,712.9932128907722,717.9469479430355,710.4714485666279,9336700
2025-07-03,716.6611938476562,724.2363423193813,726.6484806198991,712.0861613983789,8601700
2025-07-07,716.0032958984375,715.2557459712787,724.625062725977,711.1791411032029,9457100
2025-07-08,718.315673828125,719.2127580119818,720.5483463866185,712.4748320749653,7770700
2025-07-09,730.3861694335938,720.3589752323313,735.1206520424314,720.3589752323313,11418000
2025-07-10,724.8641967773438,729.1601141641413,733.3962299961528,717.2491410105094,9913600
2025-07-11,715.166015625,720.1397043336653,722.7909877576628,707.3815321195434,10873900
2025-07-14,718.56494140625,715.2557796061216,725.6218300844944,714.2092218260386,8939400
2025-07-15,708.0692749023438,721.5351494521201,722.1032338104419,707.5011297082585,11529500
2025-07-16,700.6137084960938,711.0395596935507,711.637575280654,696.9856458747225,13067600
2025-07-17,699.1185913085938,702.0888975460598,703.5939743779064,694.8326508122145,11803300
2025-07-18,701.979248046875,699.8960490076172,702.407835998619,689.3905035678976,12779800
2025-07-21,710.640869140625,704.4910420819451,714.657733300232,703.4544614129026,9404400
2025-07-22,702.5075073242188,713.8503357336546,714.258969568067,699.1185901916039,8921100
2025-07-23,711.2489624023438,704.0624934372183,712.295520196002,702.62719505753,8771600
2025-07-24,712.46484375,714.7074933384354,721.2560374369583,711.6674693968201,10920800
2025-07-25,710.351806640625,714.5779456568456,718.2958018452817,709.5743863825453,8271700
2025-07-28,715.28564453125,712.8635901780652,722.3724029167645,710.3518030699777,8715700
2025-07-29,697.7132568359375,717.6479213169642,722.1032896273051,697.6235240780348,13267000
2025-07-30,692.93896484375,705.7768943450448,706.1855282217244,688.9420546609523,27077300
2025-07-31,770.913330078125,772.667590247117,782.1863801577031,763.0092430876867,38831100
2025-08-01,747.5598754882812,758.2448261685668,763.497629588928,742.8752172910131,19028700
2025-08-04,773.8336791992188,757.5171630668631,774.3120916242385,755.9323306553437,15801700
2025-08-05,760.9660034179688,773.9135588479829,780.571729784316,760.5074842133715,11640300
2025-08-06,769.4680786132812,767.4845892138412,771.1127127816184,757.9757760743282,9733900
2025-08-07,759.3411865234375,770.963067577982,772.4681442766814,757.0686058784653,9019700
2025-08-08,766.786865234375,760.2582747146965,767.3849416766147,756.101914160301,7320800
2025-08-11,763.3679809570312,767.5642492447836,770.9332120184496,762.1718890596524,7612000
2025-08-12,787.419189453125,770.4747258826147,791.077183084039,769.9065806861354,14563100
2025-08-13,777.5316772460938,788.5655214330485,792.861439232817,775.687684264025,8811800
2025-08-14,779.5748901367188,775.3387743217048,785.2363270315518,769.986322264654,8116200
2025-08-15,782.664794921875,781.5883668624648,793.6488143059948,778.269228256533,13375400
2025-08-18,764.8631591796875,772.5579712024165,773.2755899130946,754.0884756033142,16513700
2025-08-19,749.0250244140625,764.613945820292,764.6637703117248,746.9119549568848,12286700
2025-08-20,745.27734375,745.1278702665168,747.7492835360712,728.611993296026,11898200
2025-08-21,736.6854248046875,742.2771438441821,743.064541108265,730.7150031484181,8876300
2025-08-22,752.32421875,736.81505282597,754.4273720053774,731.9908982789533,10612700
2025-08-25,750.839111328125,752.354165267511,756.40089964729,747.6794841015795,6861200
2025-08-26,751.636474609375,748.3472672479323,752.4039786334924,745.4966249237331,7601800
2025-08-27,744.9384765625,749.8423869559551,751.6863799088018,740.4133296583533,8315400
2025-08-28,748.65625,741.5694916361576,750.5899148175357,738.3799332684189,7468000
2025-08-29,736.2868041992188,742.8453254860702,744.6992345800578,732.9477115811937,9070500
2025-09-02,732.70849609375,723.6681190637612,733.5956032036421,719.3722015925617,9350900
2025-09-03,734.6421508789062,733.5955932459119,737.8317091036498,731.5921498947655,7699300
2025-09-04,746.204345703125,746.1245900119145,758.6734271200463,743.3835736708148,11439100
2025-09-05,749.991943359375,750.1613709772337,755.4739762141257,742.5961997057085,9663400
2025-09-08,749.8424072265625,753.5303323961845,764.0060085234048,749.5633535528676,13087800
2025-09-09,763.1986083984375,755.0154070864886,763.7966239723705,750.9686728075005,10999000
2025-09-10,749.5234375,762.6305038555339,763.1986490989516,748.5466583985636,12478300
2025-09-11,748.4469604492188,752.1847098305358,754.6266574243845,745.9251963321232,7923300
2025-09-12,753.1217041015625,746.2840677626042,755.0952164716484,741.3303327049176,8248600
2025-09-15,762.2018432617188,754.9954213012545,771.5412279036273,749.5333431691193,10533800
2025-09-16,776.4551391601562,764.494341124313,778.8074148399552,762.6005237676653,11782500
2025-09-17,773.1858520507812,777.4419223006557,780.7311297077449,763.8066193659058,9400900
2025-09-18,777.7011108398438,778.1994774600552,786.203274581819,770.8336042127465,10955000
2025-09-19,775.837158203125,783.8508708699721,788.2165669565625,766.6771780735046,23696800
2025-09-22,763.1751098632812,779.8218176027002,783.6917575585782,762.4868973227559,11706900
2025-09-23,753.4404296875,767.254476840496,768.6009504341728,749.1216451610411,10872600
2025-09-24,758.686767578125,755.5349916265823,759.1356124217834,750.5779133776451,8828200
2025-09-25,746.9672241210938,751.4954858581857,754.8068807440363,742.6185490172081,10591100
2025-09-26,741.8206176757812,748.0544043789391,749.9793904076555,735.4371957410184,9696300
2025-09-29,741.4715576171875,746.777703342028,748.8324179023273,737.2325826153279,9246800
2025-09-30,732.4749755859375,740.3245554260684,741.0426584785586,724.4159185837501,16226800
2025-10-01,715.4791259765625,719.6183236513255,719.9773751402398,708.357633728991,20419600
2025-10-02,725.1639404296875,720.7055653205383,725.8821043267139,716.2770807321521,11415300
2025-10-03,708.7167358398438,727.7372737109582,729.1037149276121,708.3377167266436,16154300
2025-10-06,713.8035278320312,703.3607165744016,715.0203947681905,688.718804278428,21654700
2025-10-07,711.230224609375,715.8581417735932,716.636147605649,703.9192222306009,12062900
2025-10-08,715.9779052734375,711.599278595462,717.7832075860277,705.9738944950672,10790600
2025-10-09,731.6072387695312,716.4167658258609,731.6072387695312,710.5918883665408,12717200
2025-10-10,703.4703979492188,729.0239332852144,733.3626856542741,702.6824691715568,16980100
2025-10-13,713.8433837890625,711.1603595995662,718.072374881022,705.8042950194317,9251800
2025-10-14,706.8117065429688,705.9439682909708,713.6937706407739,697.5158763660478,8829800
2025-10-15,715.6885986328125,715.1998794771447,722.0221626881838,707.6694770310874,10246800
2025-10-16,710.2228393554688,715.6886043056783,723.6080097298942,702.0540824517458,9017000
2025-10-17,715.0602416992188,705.2458014471516,716.6760344343375,704.2882698394852,12232400
2025-10-20,730.2706909179688,719.3191931642514,731.8665769499745,718.3118034233538,8900200
2025-10-21,731.3678588867188,734.110725168398,736.5842723709278,726.8595646449745,7647300
2025-10-22,731.5074462890625,731.9264006052239,738.6787972623451,722.1518348008319,8734500
2025-10-23,732.095947265625,732.7941435868839,740.4841042897723,731.1982575844598,9856000
2025-10-24,736.4446411132812,734.8787064697904,739.2872845910176,729.253383189777,9151300
2025-10-27,748.8722534179688,747.7850542762595,753.7894568601143,746.0695454676272,11321100
2025-10-28,749.49072265625,750.6776381609803,756.4326899204912,743.5860965317024,12193800
2025-10-29,749.7200927734375,752.7921200604676,757.1906533932021,740.5838813084906,26818600
2025-10-30,664.7411499023438,667.4142515632169,679.1936140289573,648.4834442213796,88440100
2025-10-31,646.6680908203125,672.7602632515434,673.1392823636344,643.8953340746643,56953200
2025-11-03,636.0557861328125,654.298319497033,657.6196984387726,634.5297257704245,33003600
2025-11-04,625.6926879882812,626.410791028598,640.0752642850032,624.3860886703497,27356600
2025-11-05,634.30029296875,630.6697208898194,640.5639703518489,624.9146693781357,20219900
2025-11-06,617.3344116210938,634.2005186436334,634.3501538797125,616.3968476378337,23628800
2025-11-07,620.0972290039062,614.8907386759073,620.5161224262619,599.640424749484,29946800
2025-11-10,630.1212158203125,629.4529708548182,633.3528014765299,616.5065997528014,19245000
2025-11-11,625.453369140625,626.3709656116134,627.9269165306073,617.7833145947981,13302200
2025-11-12,607.43017578125,626.5005716840028,627.3583261459861,606.1934022078184,24493300
2025-11-13,608.3079223632812,611.4796659420805,616.0478021853295,601.4357808374693,20973800
2025-11-14,607.8790283203125,600.2288811530552,612.088052043071,593.6560102918138,20724100
2025-11-17,600.4483032226562,607.4600346656293,610.1031845088386,593.8554651895852,16501300
2025-11-18,596.1395874023438,590.065358149623,602.0940719298206,582.2656968950795,25500600
2025-11-19,588.7886352539062,592.1797786556917,593.7856483585136,579.7421567881397,24744700
2025-11-20,587.6217041015625,601.9344542639864,605.1460720070379,581.8367012414765,20603000
2025-11-21,592.70849609375,586.9734117815261,596.5684523172222,580.3506215479276,21052600
2025-11-24,611.459716796875,597.1668722231478,615.1002729325323,596.0797338085368,23554900
2025-11-25,634.5695190429688,622.3812488080194,635.3973829418613,616.6960233021972,25213000
2025-11-26,631.9663696289062,636.0358029520913,636.7040478933542,629.9915253276793,15209500
2025-11-28,646.2691650390625,634.4299618769652,646.3688812783262,633.8514494094911,11033200
2025-12-01,639.20751953125,637.8909364271796,643.6459879981971,636.1056017671217,13029900
2025-12-02,645.4213256835938,640.6737247939117,646.1893476978298,636.4147821721649,11640900
2025-12-03,637.9407958984375,642.7383158920676,647.1668005690203,635.8961259576193,11134300
2025-12-04,659.8140258789062,674.246461597851,674.3461778479464,658.3378235904052,29874600
2025-12-05,671.673095703125,662.2775487290173,672.9398207362489,660.6717397649775,21207900
2025-12-08,665.0702514648438,667.603701448277,674.9545781663558,663.344758713728,13161000
2025-12-09,655.255859375,662.0481917138827,662.7563110037405,651.645254570885,12997100
2025-12-10,648.4434814453125,648.2639556943986,652.8121240146866,641.730959438269,16910900
2025-12-11,651.0167846679688,641.6211778682233,653.5801249698833,639.1376470786419,13056700
2025-12-12,642.558837890625,648.1143965293088,709.1556549538686,636.9534211280841,14016900
2025-12-15,646.3570556640625,644.5502809809109,651.8372704406642,637.5627451568915,15549100
2025-12-16,655.9799194335938,642.3541999133257,661.3602758295988,642.054746271156,14309100
2025-12-17,648.343505859375,654.4426118233187,660.0526000253047,648.0440522221027,15598500
2025-12-18,663.266845703125,655.8600753372949,669.3659511843067,655.2910830082761,20260300
2025-12-19,657.5969848632812,665.2333263832898,669.8051880946751,657.0080086354003,49977100
2025-12-22,660.3221435546875,660.4719008376494,672.3806511570199,655.4808037586267,15659400
2025-12-23,663.7559814453125,658.8746741689592,664.8140915262984,657.0778915122911,8486800
2025-12-24,666.361328125,661.3503083186049,666.9902112020924,661.0208788671576,5627500
2025-12-26,662.1089477539062,666.8704739599774,667.7589038803495,660.1424847097468,7133800
2025-12-29,657.5171508789062,656.8383689858442,659.0743707339258,653.2248195668056,8506500
2025-12-30,664.7642211914062,657.5171386037911,671.0230153954109,656.6686764849229,9187500
2025-12-31,658.9146118164062,663.5662869980947,663.8158418258488,658.2657448936569,7940400
2026-01-02,649.2518310546875,661.5499009554064,663.2069792218492,642.3541620430398,13726500
