Date,Price,Open,High,Low,Vol.
2020-01-02,5.963803291320801,5.934967621143992,5.963803291320801,5.884505079799994,237536000
2020-01-03,5.868345737457275,5.8442329639400254,5.9120968420723505,5.8193743709965,205384000
2020-01-06,5.892956733703613,5.77512766888247,5.898176996723833,5.749026353781372,262636000
2020-01-07,5.96429967880249,5.921294392039842,6.010039320802731,5.8763005694931705,314856000
2020-01-08,5.975486755371094,5.960074415808599,6.01675195985036,5.920052401950536,277108000
2020-01-09,6.04111385345459,6.061746457974927,6.113452193523961,5.987419581657777,255112000
2020-01-10,6.073428630828857,6.148252865091414,6.178580171148254,6.059259482818248,316296000
2020-01-13,6.263845443725586,6.156456910250187,6.288952489506994,6.133835297475145,319840000
2020-01-14,6.147010803222656,6.221088751738677,6.246444720752033,6.133835447619546,359088000
2020-01-15,6.104503154754639,6.15968906872303,6.182061762177155,6.0786502856138,263104000
2020-01-16,6.1880269050598145,6.1579480451360356,6.193992987350218,6.134581087056249,284192000
2020-01-17,6.196727275848389,6.207167801208955,6.214625522525774,6.149247540649398,253792000
2020-01-21,6.163416862487793,6.160185135994632,6.196975895565761,6.129360458357694,217916000
2020-01-22,6.217360496520996,6.20866005785512,6.303867986192193,6.189767541283975,239240000
2020-01-23,6.2857208251953125,6.257382526569026,6.294172814743435,6.168637584590366,244516000
2020-01-24,6.226557731628418,6.401064334103999,6.450781528296051,6.172366094269509,373512000
2020-01-27,5.971012115478516,5.922289191292471,6.021972024087734,5.772889640468227,470536000
2020-01-28,6.164163112640381,6.036887321336886,6.196478957414824,5.983689951264804,310976000
2020-01-29,6.103758335113525,6.149746442669968,6.185791393466993,6.063984285660603,258848000
2020-01-30,6.110467910766602,6.006062188703586,6.1238917135787965,5.951125209315321,290504000
2020-01-31,5.8772969245910645,6.064730001738358,6.076662168956458,5.835534813466124,370420000
2020-02-03,5.974245548248291,5.859150343527555,5.993634964765349,5.852935811266366,255564000
2020-02-04,6.143280982971191,6.115936955202383,6.1624224187891,6.065971316764821,271544000
2020-02-05,6.233518600463867,6.264094359762809,6.2742864375752365,6.15024236438546,208220000
2020-02-06,6.3202738761901855,6.267822801669854,6.3202738761901855,6.186784032913833,218284000
2020-02-07,6.254150867462158,6.2802521818150865,6.302376423964702,6.2287948985436135,189752000
2020-02-10,6.537042140960693,6.276773339325847,6.537787486553337,6.271801523877715,529608000
2020-02-11,6.659345626831055,6.645176474451545,6.7739434592052445,6.583278652712815,638556000
2020-02-12,6.774935722351074,6.712043650970629,6.781399175304886,6.673264355662587,374644000
2020-02-13,6.731184482574463,6.71701533466321,6.7983025470913026,6.6896708326441425,528016000
2020-02-14,7.203745365142822,7.140853290182661,7.332512319115875,7.10953171400664,1041924000
2020-02-18,7.372285842895508,7.10058231335741,7.390681460600546,7.081192901778724,620164000
2020-02-19,7.822969913482666,7.494589335264522,7.840619710509699,7.494589335264522,694332000
2020-02-20,7.673820495605469,7.774994505818821,7.863242082400725,7.366817815393153,810052000
2020-02-21,7.310140609741211,7.56170894332457,7.586815992154604,7.225373204609657,768180000
2020-02-24,6.793330669403076,6.716517900503646,7.0068654729747095,6.662077819566246,856916000
2020-02-25,6.5141706466674805,6.86840412228699,6.930301930876322,6.412499271487127,1055496000
2020-02-26,6.653378486633301,6.5144194445871815,6.847274989769168,6.512928279510308,747732000
2020-02-27,6.283015251159668,6.340223905891915,6.641192022148659,6.190734947968384,906416000
2020-02-28,6.717551231384277,6.030797544626237,6.77699866718428,6.014132526651322,1133252000
2020-03-02,6.875746726989746,6.887437432968634,6.90460012185315,6.491950746144979,890744000
2020-03-03,6.61358118057251,6.931462850373076,6.991158887369875,6.528265410526086,652792000
2020-03-04,7.076723098754883,6.720785207272471,7.086175006652993,6.646164806852356,597408000
2020-03-05,6.797645092010498,6.877488416985179,7.044140056322009,6.7531215361195445,540328000
2020-03-06,6.617312908172607,6.6183077710905955,6.675765493007833,6.417330754575252,515412000
2020-03-09,6.104921340942383,5.96712263032955,6.452153634610945,5.924340679442209,614160000
2020-03-10,6.493940353393555,6.381015119188688,6.493940353393555,6.118601425283802,580648000
2020-03-11,6.130539417266846,6.354151057970355,6.382506779809828,6.033533424930338,499964000
2020-03-12,5.3803606033325195,5.607951768679431,5.873101978262671,5.367675032346323,816540000
2020-03-13,5.990501403808594,5.733310699510019,5.9949785224155026,5.46244004236306,634836000
2020-03-16,4.885130405426025,5.283353073561972,5.62386990228448,4.825434365934162,726972000
2020-03-17,5.404236316680908,4.997308108726763,5.493531993435535,4.75081323317834,833632000
2020-03-18,5.0448174476623535,4.977162031994791,5.221915838198457,4.494121265098619,874268000
2020-03-19,5.297282695770264,5.023426414589291,5.3908064456390665,4.810261985939699,765512000
2020-03-20,5.117696762084961,5.447268674676942,5.728835253713744,5.102275202274465,804636000
2020-03-23,5.290316581726074,5.116700479033214,5.384587051709071,4.937860991668966,643876000
2020-03-24,6.197947025299072,5.696002435464178,6.284506733213007,5.672372901435857,1101644000
2020-03-25,6.109397888183594,6.312861800383095,6.512346261387869,6.060645815672692,793432000
2020-03-26,6.3984270095825195,6.316344419292104,6.522296211921472,6.218343548888782,696108000
2020-03-27,6.286245822906494,6.21834135690648,6.5446799796336705,6.185508522132762,638828000
2020-03-30,6.606118679046631,6.3516639125853,6.615321989617182,6.307638034053594,602252000
2020-03-31,6.556621074676514,6.646164892139033,6.850126943033816,6.411111600364291,949960000
2020-04-01,6.045971870422363,6.358879299861873,6.505134601171152,6.001448785113921,656912000
2020-04-02,6.354400157928467,6.075071934994346,6.367582918996632,6.027066607171821,675764000
2020-04-03,6.066864013671875,6.316841179647941,6.358379663037295,5.929562996468458,663212000
2020-04-06,6.67601203918457,6.348678518627495,6.712824802372779,6.291220814361921,727884000
2020-04-07,6.442948818206787,6.897385191734249,6.92101519619481,6.399917805827614,784520000
2020-04-08,6.639947891235352,6.551896114188191,6.664821363033569,6.482001890901985,542444000
2020-04-09,6.5404534339904785,6.76555762990454,6.7884408976976,6.477523735926655,525564000
2020-04-13,6.7120795249938965,6.480757091589397,6.720785167160998,6.392456735653417,398408000
2020-04-14,7.062793731689453,6.840176949824809,7.0968700332485595,6.812567493136743,530948000
2020-04-15,6.985437393188477,6.894898243400246,7.068265763838534,6.849628905717081,366148000
2020-04-16,7.330183982849121,7.140649067693381,7.4371395791524915,7.127466303217584,745620000
2020-04-17,7.2709856033325195,7.412266106685707,7.4336573208286305,7.137166809399366,539120000
2020-04-20,7.1399006843566895,7.144626875048733,7.3003340312313565,7.095626211966253,449388000
2020-04-21,6.703621864318848,7.0220011645795735,7.08318925121462,6.643925834474063,735160000
2020-04-22,7.117516040802002,6.895645491403493,7.160298464980973,6.850127550160316,483356000
2020-04-23,7.064285755157471,7.1595510947877585,7.291379655385693,7.039163692591461,424160000
2020-04-24,7.203079700469971,7.054088445216467,7.205069426004072,6.979468044624654,352328000
2020-04-27,7.389382362365723,7.337397099199471,7.54906948075769,7.312772226192204,479388000
2020-04-28,7.247104644775391,7.536630547178379,7.56647879844656,7.241632663051998,442904000
2020-04-29,7.4237060546875,7.38166990447082,7.476437571649678,7.306552316924315,379160000
2020-04-30,7.269988536834717,7.369730516188236,7.423705966666164,7.256059510755734,375916000
2020-05-01,7.03369140625,7.072742493942081,7.185916306341503,6.985437008629492,342096000
2020-05-04,7.245363712310791,6.986431845342625,7.259044141410754,6.986431845342625,317556000
2020-05-05,7.306305408477783,7.349336431311147,7.468728519073253,7.245365430153509,368896000
2020-05-06,7.407041072845459,7.385650337882286,7.511758322789601,7.34784270723366,323464000
2020-05-07,7.583146095275879,7.5460847229172225,7.646324398833657,7.494845723456758,373732000
2020-05-08,7.772929668426514,7.654781042582035,7.779147917276859,7.620953332367935,339216000
2020-05-11,8.024648666381836,7.76795505913149,8.071410544031213,7.739350734221137,469060000
2020-05-12,7.7629780769348145,8.082352226982069,8.131103816674749,7.753277573290924,493060000
2020-05-13,7.740594387054443,7.8773977576349425,8.037582066189483,7.556282400344233,625852000
2020-05-14,7.989826679229736,7.802032414632307,7.995298662838856,7.648563532216864,602312000
2020-05-15,8.447742462158203,7.849786375477367,8.457442491393842,7.834116221625606,987660000
2020-05-18,8.705931663513184,8.71612984047994,8.871339869496333,8.636535099780891,774460000
2020-05-19,8.76090145111084,8.745728485196754,9.041472752146639,8.718367616889669,717320000
2020-05-20,8.924567222595215,8.945460766522393,8.997197432107013,8.843728564013752,587536000
2020-05-21,8.730801582336426,9.005652192681852,9.006646580896131,8.693242552685641,761068000
2020-05-22,8.980531692504883,8.780549550249997,9.046944125761256,8.669117319003607,1038764000
2020-05-26,8.673593521118164,9.110370081279614,9.135244023656483,8.628075582392123,770780000
2020-05-27,8.482070922851562,8.581315266741862,8.589025573529495,7.956247166584829,1175892000
2020-05-28,8.444014549255371,8.369642255768241,8.716128787061324,8.336809405476911,734896000
2020-05-29,8.830545425415039,8.51117118789498,8.830545425415039,8.442023234926523,745256000
2020-06-01,8.76164722442627,8.788510898372245,8.795972608315418,8.645488781782156,389876000
2020-06-02,8.780548095703125,8.7516956542315,8.792487396907989,8.614145567728748,391320000
2020-06-03,8.725080490112305,8.777563885189648,8.821340689895296,8.65593255202078,365440000
2020-06-04,8.726078033447266,8.687754775208147,8.902012270046486,8.637487714854524,424280000
2020-06-05,8.878870010375977,8.753948963501875,8.955514629700385,8.667847647401274,481748000
2020-06-08,8.764403343200684,8.836319637446355,8.848761814199982,8.645702869575615,387736000
2020-06-09,9.004284858703613,8.759419922333098,9.067741148131212,8.710894803734508,468488000
2020-06-10,9.323558807373047,9.125477007268065,9.456194614625154,9.111291963518875,632180000
2020-06-11,8.755687713623047,9.107805725474394,9.218542636330282,8.745484888877396,583652000
2020-06-12,8.891310691833496,9.12025061846293,9.144886249217148,8.663117846022635,570908000
2020-06-15,9.131449699401855,8.774603216221042,9.139910604567905,8.703432128605263,400004000
2020-06-16,9.026681900024414,9.1824610425493,9.224018474780609,8.797991667513916,535716000
2020-06-17,9.193412780761719,9.071726871522655,9.256122013797047,9.028426554300834,408304000
2020-06-18,9.175496101379395,9.184454427604352,9.239698546814658,9.072472976600096,254408000
2020-06-19,9.218544960021973,9.19988217763818,9.401447821597749,9.184702291926113,524160000
2020-06-22,9.48282241821289,9.257118524157914,9.487302056324824,9.230491304611464,398468000
2020-06-23,9.406424522399902,9.506958630029597,9.598036991562761,9.364120951569074,375108000
2020-06-24,9.192915916442871,9.432555192603575,9.512435900600783,9.102334958406512,449372000
2020-06-25,9.446239471435547,9.312608836578514,9.461170645155038,9.139908819257684,376072000
2020-06-26,9.112787246704102,9.456196763382406,9.456196763382406,9.082925838512047,592084000
2020-06-29,9.15757942199707,9.127469304571116,9.162059060199192,8.858962505668218,342248000
2020-06-30,9.453953742980957,9.271050909025503,9.482321927341877,9.22377028533174,367892000
2020-07-01,9.48605728149414,9.476850244240778,9.53159694518685,9.369597135978692,326648000
2020-07-02,9.567928314208984,9.594554582855501,9.692600650706597,9.534084693053664,364056000
2020-07-06,9.793879508972168,9.696829246456272,9.863059004757494,9.667713977846143,315892000
2020-07-07,9.826231956481934,9.900388525931161,10.023567657874754,9.805328877086755,357800000
2020-07-08,10.168895721435547,9.947670485855047,10.177854998888963,9.919550999022553,365480000
2020-07-09,10.460541725158691,10.332385556783915,10.521260318665224,10.186311788352297,494548000
2020-07-10,10.430929183959961,10.539924201198593,10.606117275097947,10.330892492239586,497676000
2020-07-13,10.005899429321289,10.546147190037164,10.742487094268514,9.978774789284222,457076000
2020-07-14,10.329153060913086,10.028545492174292,10.354784490993348,9.740380097949847,542676000
2020-07-15,10.180091857910156,10.366229867151485,10.384892650763021,10.009382445924082,403984000
2020-07-16,10.088018417358398,9.968820569091442,10.159685972931204,9.84987143136345,344964000
2020-07-17,10.154459953308105,10.178349454335393,10.201243163954526,10.041234957876577,266284000
2020-07-20,10.462286949157715,10.22687761380154,10.482692610209122,10.109919077942694,284852000
2020-07-21,10.28087329864502,10.464522279095037,10.51130643491116,10.239315860666807,277036000
2020-07-22,10.390616416931152,10.319694993925742,10.553611049792725,10.244045222912812,367292000
2020-07-23,10.08304214477539,10.401815036980182,10.49836789312907,9.984996075999454,411660000
2020-07-24,10.147491455078125,9.82946475245161,10.316956343600856,9.731917071829855,473292000
2020-07-27,10.373446464538574,10.185069107587438,10.393602461072307,10.170635352239847,292132000
2020-07-28,10.168396949768066,10.326415496640456,10.33412932148868,10.162176337630433,271636000
2020-07-29,10.417243957519531,10.342838679361162,10.467759731459614,10.299290598378333,284508000
2020-07-30,10.565056800842285,10.327158564119097,10.574015125170751,10.247776248378544,308880000
2020-07-31,10.565802574157715,10.514539734909425,10.716853377958804,10.38489037384847,386080000
2020-08-03,10.959482192993164,10.683012873856836,11.047574145206553,10.665842352281864,412720000
2020-08-04,11.175980567932129,10.99905050765909,11.175980567932129,10.855714414158966,310336000
2020-08-05,11.234705924987793,11.192153640280633,11.319314022602223,11.114761945386586,249924000
2020-08-06,11.28322982788086,11.297413921234702,11.305626114488891,11.127202902435064,244316000
2020-08-07,11.147858619689941,11.260337487409021,11.451701263494748,10.986605906099884,342516000
2020-08-10,11.113515853881836,11.281985893399753,11.355644071852428,10.806438122163634,427796000
2020-08-11,10.799970626831055,11.022688071909158,11.085398252455002,10.745970061739232,354512000
2020-08-12,11.38749885559082,10.940071438029333,11.414125122757872,10.907721031284495,464412000
2020-08-13,11.39023494720459,11.492759691857554,11.66770001890963,11.303387509274067,374460000
2020-08-14,11.510680198669434,11.47683657284962,11.650781152441137,11.387749768397919,366436000
2020-08-17,12.280115127563477,11.796604678443401,12.352529775171735,11.762762003676976,621300000
2020-08-18,12.204214096069336,12.392591435062732,12.438379802232884,12.030519221573105,503448000
2020-08-19,12.082528114318848,12.239799549527746,12.258213621054422,12.042214226825553,622624000
2020-08-20,12.085017204284668,11.91978322105072,12.317938426854452,11.823976501691238,921388000
2020-08-21,12.625018119812012,12.14548892796785,12.74969046968227,12.139018655709977,999868000
2020-08-24,12.661598205566406,12.824344154765107,12.85296200879442,12.449828743725128,490564000
2020-08-25,12.691208839416504,12.572508413508759,12.702406509210157,12.515771085101091,289076000
2020-08-26,12.714101791381836,12.740230635286169,12.809161420800041,12.619290872485081,321244000
2020-08-27,12.570021629333496,12.722564739853016,12.790749404758962,12.508555946693578,317604000
2020-08-28,13.087125778198242,12.616555911556786,13.087374488755257,12.584205502883087,537160000
2020-08-31,13.31282901763916,13.121962673479885,13.512404027360901,12.977631777675004,500840000
2020-09-01,13.761388778686523,13.42185899037855,13.933393212520636,13.378546663293708,511316000
2020-09-02,14.284621238708496,14.640329615319995,14.66323112605834,13.840046302454015,874012000
2020-09-03,12.95936107635498,13.76910292266537,13.824612353112618,12.823200691803297,945128000
2020-09-04,12.5680570602417,12.72861072124861,13.118173789760052,11.654265141820803,1463684000
2020-09-08,11.861618041992188,11.683887757182136,12.495870675289437,11.653768631335238,795728000
2020-09-09,12.66015625,12.346514414990567,12.75399944583385,12.178990048023763,736200000
2020-09-10,12.258645057678223,12.933222509533438,13.008894904760485,12.114518828039719,698684000
2020-09-11,12.112031936645508,12.431647488239708,12.597926996342265,11.844440927572224,636928000
2020-09-14,12.816728591918945,13.024578926203295,13.257568885233198,12.576768855905764,1201744000
2020-09-15,12.934966087341309,13.222719102887627,13.241388418414578,12.7724202640412,727556000
2020-09-16,12.46052074432373,12.901361003410214,13.036276504289093,12.459774389516712,556384000
2020-09-17,12.409740447998047,12.079919058916289,12.53544615204914,11.982839763543263,792512000
2020-09-18,12.136675834655762,12.539431169954202,12.578013731233012,11.937041086164525,698460000
2020-09-21,12.46325969696045,11.873564364275431,12.468487029467878,11.853152604133797,721044000
2020-09-22,12.58323860168457,12.520759401296207,12.59344448097838,12.103069452829205,646452000
2020-09-23,12.07145881652832,12.521260177157716,12.67210744174115,12.027151349496169,647012000
2020-09-24,12.29473876953125,12.020178955986067,12.515283765429503,11.962179781141215,731240000
2020-09-25,12.818221092224121,12.393810139922095,12.827929401956277,12.19293055034486,588016000
2020-09-28,12.978775978088379,12.984003310472113,12.995454064553032,12.695005420616106,573808000
2020-09-29,13.168703079223633,12.881696424064717,13.384767096406364,12.877465181077447,621460000
2020-09-30,13.472139358520508,13.100748073599721,13.563742542883896,13.093529512118515,689184000
2020-10-01,13.555776596069336,13.698657963887262,13.70338677682619,13.402689348438638,525004000
2020-10-02,13.005910873413086,13.167959153584208,13.46118833485087,12.994708902423616,552496000
2020-10-05,13.58365535736084,13.178908861614774,13.585397801441708,13.165715663762136,479820000
2020-10-06,13.677249908447266,13.770346750045336,14.081001268617563,13.606058485331335,784420000
2020-10-07,13.903766632080078,13.939362813403644,14.05834751478678,13.803700028184323,418084000
2020-10-08,13.779059410095215,14.014290320495087,14.023749845653542,13.69865819405258,378900000
2020-10-09,13.703387260437012,13.707619453210627,13.764622541474697,13.601827927722326,346892000
2020-10-12,14.164640426635742,13.929160708195548,14.285118819607398,13.852493157883188,434744000
2020-10-13,14.18679428100586,14.23483636602296,14.28661212456434,13.95828434553534,344604000
2020-10-14,14.034454345703125,14.228861750713278,14.280886294295177,13.899787616295503,276100000
2020-10-15,13.909746170043945,13.751182773950996,13.945341414351493,13.708368017226269,267224000
2020-10-16,13.751927375793457,13.976206063082346,14.060590691280174,13.733009274050568,242392000
2020-10-19,13.439531326293945,13.843032985585035,13.92318542080633,13.348923276048108,298068000
2020-10-20,13.586644172668457,13.524911318681056,13.740229003199504,13.448741340593111,229212000
2020-10-21,13.466410636901855,13.566228450792456,13.73201034283519,13.419364655269343,219596000
2020-10-22,13.30337142944336,13.464174825263315,13.553039484968712,13.174678386058064,290480000
2020-10-23,13.531631469726562,13.391986202058305,13.534618788168892,13.233921352971006,233484000
2020-10-26,13.084566116333008,13.36908394809306,13.633687592176697,12.982259493481369,336896000
2020-10-27,13.33896541595459,13.248606162274928,13.384020175552658,13.134599996643855,250520000
2020-10-28,12.572534561157227,13.14107170884122,13.20280455155051,12.554612551785185,376520000
2020-10-29,12.96782398223877,12.783123951718173,13.135845925987597,12.695005654386499,320080000
2020-10-30,12.479937553405762,12.79457453694031,12.880700654470314,12.246946659369481,416820000
2020-11-02,12.52648639678955,12.603153941396506,12.781381768805504,12.341537577545923,299652000
2020-11-03,12.963342666625977,12.653684234543976,13.048473643303717,12.54839028330013,272900000
2020-11-04,13.73475170135498,13.331498827212098,13.767859091534874,13.279474284873544,410228000
2020-11-05,14.098925590515137,14.101415339384825,14.277153437233792,13.930654840153293,319028000
2020-11-06,14.499188423156738,14.048888683439944,14.525822652066411,13.835065648746761,383348000
2020-11-09,13.571955680847168,14.489729930526279,14.628130315864713,13.552042441365499,582976000
2020-11-10,12.714921951293945,13.547813246458624,13.547813246458624,12.57378300138772,644068000
2020-11-11,13.360125541687012,12.997446446842183,13.377052414591688,12.892401270410012,404744000
2020-11-12,13.398707389831543,13.4208615944081,13.706623391136638,13.258564550225856,365812000
2020-11-13,13.23964786529541,13.56847323205472,13.609794327141808,13.00292326551335,346312000
2020-11-16,13.45695686340332,13.115684649662638,13.590627511150926,13.099256295266624,413776000
2020-11-17,13.364355087280273,13.49404325215184,13.537604353680523,13.246366460979495,312028000
2020-11-18,13.370827674865723,13.40717021625731,13.547064264555475,13.128129424028948,510924000
2020-11-19,13.382279396057129,13.155760695717245,13.429325390449687,13.043496960142532,565936000
2020-11-20,13.031301498413086,13.39597185904133,13.436296866540008,13.00864877090965,341088000
2020-11-23,13.083325386047363,13.114440599717943,13.324778798429607,12.959362101310216,361356000
2020-11-24,12.901861190795898,13.085813935486797,13.105229608148392,12.829424883595962,346500000
2020-11-25,13.177665710449219,12.976288525531565,13.212265811659313,12.963842630406676,259916000
2020-11-27,13.20405101776123,13.31731084616741,13.349670932792165,13.113692699646311,167276000
2020-11-30,13.343694686889648,13.207784048659422,13.354647870792293,12.916296418336144,286952000
2020-12-01,13.332246780395508,13.434055855874425,13.47039840179349,13.171193648207254,296948000
2020-12-02,13.486082077026367,13.292918568026222,13.61452540332225,13.177169923536924,283360000
2020-12-03,13.342158317565918,13.532888346466882,13.605097180328642,13.275428168212782,199520000
2020-12-04,13.503759384155273,13.394449728247713,13.505502343250445,13.33494026054711,202244000
2020-12-07,13.552063941955566,13.546586206055725,13.676063849403539,13.445743434248142,223244000
2020-12-08,13.296344757080078,13.530399915409005,13.544094728114345,13.228119551989275,271920000
2020-12-09,12.878780364990234,13.247044338391767,13.36008781733984,12.816531556571482,401300000
2020-12-10,12.920113563537598,12.817278981162264,13.01622611811567,12.797856623609862,207764000
2020-12-11,12.960948944091797,12.91513334344989,12.967671921625609,12.77146318057453,209264000
2020-12-14,13.255260467529297,13.035397836313285,13.334938860612665,13.024940082840144,270156000
2020-12-15,13.306803703308105,13.38573457742504,13.409887145651437,13.133752090709104,193016000
2020-12-16,13.189278602600098,13.368554535432228,13.383245733797809,13.159398488926833,223116000
2020-12-17,13.287629127502441,13.313025984147043,13.325725362310642,13.12553301083175,231384000
2020-12-18,13.218656539916992,13.325225877564547,13.351121399301181,13.017966483918377,342064000
2020-12-21,13.278669357299805,13.022204514595838,13.316267888949215,12.915385323273773,302332000
2020-12-22,13.224884986877441,13.26572057425923,13.283647883438702,13.001536398216391,185580000
2020-12-23,12.956961631774902,13.202719748334621,13.221643434857638,12.95272913932163,179144000
2020-12-24,12.941526412963867,12.984851528834119,13.079718838543478,12.886748109468082,97884000
2020-12-28,12.848154067993164,13.010001354735067,13.010001354735067,12.711954400513704,212564000
2020-12-29,12.891234397888184,12.87305822585862,13.019965502559742,12.790640455843707,170372000
2020-12-30,13.092917442321777,12.938041984526887,13.160643991606976,12.844918572910682,225396000
2020-12-31,13.002531051635742,13.083703548789822,13.0981449376047,12.863093382639896,192424000
2021-01-04,13.060794830322266,13.051582318788373,13.597629030369669,12.910401695595096,560640000
2021-01-05,13.350872993469238,13.04709855703658,13.389466944056863,13.034400129063407,322760000
2021-01-06,12.563801765441895,13.169357986731624,13.191767596146791,12.53541670344203,580424000
2021-01-07,13.290369987487793,12.915383021394952,13.323984877289753,12.834709185553201,461480000
2021-01-08,13.223390579223633,13.30879652893053,13.36706075733227,12.989584240660953,292528000
2021-01-11,13.566752433776855,13.36481712213483,13.904888339693949,13.30879358227213,518344000
2021-01-12,13.43055534362793,13.697229058684814,13.69922182626303,13.291367462132946,291476000
2021-01-13,13.477363586425781,13.435781431552286,13.570239074194301,13.331203898280512,210028000
2021-01-14,13.147197723388672,13.520441735796062,13.545092022114554,13.12752745599619,283120000
2021-01-15,12.807816505432129,13.174835229375097,13.271694358141557,12.79686103451609,277780000
2021-01-19,12.972900390625,12.963935787634238,13.041373506221632,12.79237828621631,226188000
2021-01-20,13.312033653259277,13.059053812640212,13.376523143265741,13.00427550233514,258572000
2021-01-21,13.811765670776367,13.36456988189232,13.942986262976488,13.199735351672873,337780000
2021-01-22,13.657389640808105,13.684779271402295,13.786120714632485,13.572482355871044,246820000
2021-01-25,13.598374366760254,13.726357882174739,13.772920052167269,13.183299421048913,251112000
2021-01-26,13.381253242492676,13.52591884373518,13.589910611709367,13.33369468135409,163980000
2021-01-27,12.86583423614502,13.176828497975235,13.179567840926634,12.742332042000513,371272000
2021-01-28,12.998546600341797,12.944017154210293,13.28613673623266,12.90841044886563,228316000
2021-01-29,12.937544822692871,13.022452108878888,13.281158552748106,12.85960937349945,271552000
2021-02-01,13.183798789978027,13.000787159383922,13.21741272526366,12.850891747211746,217204000
2021-02-02,13.502264022827148,13.3448990521838,13.517451986494493,13.232103488617547,220440000
2021-02-03,13.476117134094238,13.581192367393399,13.875754271908116,13.462173465226437,245408000
2021-02-04,13.609333038330078,13.476618341474891,13.618545550549243,13.284145319662846,201340000
2021-02-05,13.536375999450684,13.669838214950548,13.682038927768824,13.491307924573183,169152000
2021-02-08,14.380719184875488,13.672078622183603,14.415578363671342,13.672078622183603,434624000
2021-02-09,14.205926895141602,14.283114817717069,14.524640523472257,14.165340166311495,287560000
2021-02-10,14.704910278320312,14.40512039530339,14.845094516583352,14.283859846653357,485352000
2021-02-11,15.189455032348633,14.920042971123856,15.210869206423117,14.865014860197656,450828000
2021-02-12,14.901119232177734,14.989512421221601,15.229792846310929,14.715617109549683,374756000
2021-02-16,15.268635749816895,15.003705039567253,15.310716572903681,14.889914041084145,321960000
2021-02-17,14.846092224121094,15.110026568801802,15.162316290720591,14.720598221294038,274756000
2021-02-18,14.769400596618652,14.66980213100204,14.813472286009498,14.516420797901691,233868000
2021-02-19,14.866508483886719,14.964114181705161,15.116001413378493,14.787078950270823,271724000
2021-02-22,14.298053741455078,14.71536943669712,15.07242908936118,14.267427053399269,325884000
2021-02-23,14.085163116455078,14.018680862200867,14.181524533940966,13.335686902429352,391780000
2021-02-24,14.440727233886719,14.065990089420389,14.448446595280082,13.700713365709305,448320000
2021-02-25,13.254014015197754,13.989047741668749,14.316974745337102,13.16313130162418,824436000
2021-02-26,13.659380912780762,13.69722734472465,13.798817635314652,13.307301288699822,500932000
2021-03-01,13.78611946105957,13.819235683276025,13.869034920751616,13.49877912411454,353184000
2021-03-02,13.35236930847168,13.844134511457842,13.864552302839884,13.34216041278066,264116000
2021-03-03,12.753288269042969,13.372290481495257,13.397438485265281,12.74731186627363,377592000
2021-03-04,12.320531845092773,12.749301630930296,12.922851894147273,12.035183354685007,573344000
2021-03-05,12.411415100097656,12.499559425069663,12.499559425069663,11.632308704404133,542840000
2021-03-08,11.54665756225586,12.399963861900977,12.421128231216294,11.520014506906492,543112000
2021-03-09,12.474235534667969,12.085668531876562,12.570380320180579,12.014929374310588,521824000
2021-03-10,12.42242431640625,12.793305748971898,12.932292694520745,12.411714009519088,384376000
2021-03-11,12.945744514465332,12.902404444000641,12.99830122675379,12.687696596615787,299916000
2021-03-12,12.808752059936523,12.601765255652683,12.84138182759341,12.543729858351645,243964000
2021-03-15,13.142766952514648,12.8174670258616,13.158210052490965,12.720325527727177,221988000
2021-03-16,13.242398262023926,13.30740788086485,13.462834639963356,13.06853917278474,272128000
2021-03-17,13.292216300964355,12.991824107730828,13.403804172306538,12.941758742191908,243864000
2021-03-18,12.675739288330078,13.08821817280706,13.135543248189038,12.670259662780902,293896000
2021-03-19,12.798537254333496,12.703139313327759,12.874009196386721,12.56614486370807,299208000
2021-03-22,13.137786865234375,12.8652925575449,13.34527153839692,12.859314092199842,297804000
2021-03-23,13.022711753845215,13.205536681234243,13.29545500368924,12.973393215824773,222048000
2021-03-24,12.59653091430664,13.102913101614503,13.110884070467083,12.590304455981338,245840000
2021-03-25,12.489178657531738,12.453560612717908,12.668019515314883,12.226896785999031,295144000
2021-03-26,12.792062759399414,12.508359288718777,12.809000478579916,12.328024743744802,363968000
2021-03-29,12.900660514831543,12.773130700711981,13.0144907889492,12.653322911949298,273520000
2021-03-30,12.824443817138672,12.79480328311249,12.927563800366542,12.658306699828916,200204000
2021-03-31,13.299193382263184,12.967665973766012,13.420993698216213,12.934787261773293,314776000
2021-04-01,13.76098918914795,13.522369358755661,13.819024583083182,13.46159272623592,308276000
2021-04-05,13.9360933303833,13.816534468400627,13.96249568673925,13.682528281107839,255672000
2021-04-06,13.810554504394531,13.948296742716591,14.0025960659606,13.722878585220865,191744000
2021-04-07,14.09151840209961,13.829733469793657,14.191150299741128,13.661105981821104,251284000
2021-04-08,14.264381408691406,14.200367553011299,14.418313585584368,14.196630537167836,244416000
2021-04-09,14.34707260131836,14.161756371198454,14.355043569885416,14.122900156085661,195172000
2021-04-12,15.153100967407227,14.237230012870905,15.296073878996914,14.087282859260705,869324000
2021-04-13,15.621872901916504,15.175519477903563,15.642297740883008,15.070158056314497,676212000
2021-04-14,15.220852851867676,15.56757342143402,15.66272242258447,15.171534315585967,385500000
2021-04-15,16.077939987182617,15.604934368238913,16.154656646631395,15.574048168931979,598480000
2021-04-16,15.854016304016113,15.993999034973276,16.10633564214932,15.806939219576352,335208000
2021-04-19,15.305291175842285,15.479399250455955,15.749403162911921,15.177014518006649,404420000
2021-04-20,15.115490913391113,15.266931737952133,15.440043072453125,14.908006256331758,334132000
2021-04-21,15.304045677185059,15.063183469763409,15.306038182131777,15.046744591326041,216776000
2021-04-22,14.795672416687012,15.318493605609078,15.381760632478036,14.729167212637465,277788000
2021-04-23,15.209146499633789,14.879362682597167,15.278639983279946,14.845488196208844,227500000
2021-04-26,15.421113967895508,15.129191549679522,15.422110695504312,15.069411647383998,197796000
2021-04-27,15.325218200683594,15.52124478193989,15.612906665769394,15.29806806262324,164572000
2021-04-28,15.220602989196777,15.308030914991681,15.475164740857569,15.15957836730446,209416000
2021-04-29,15.268425941467285,15.343399043611141,15.379764870090474,15.016106605297141,173196000
2021-04-30,14.954337120056152,15.118731629527714,15.308530818333795,14.94188324968784,201912000
2021-05-03,14.782220840454102,15.069411410988684,15.190713824195964,14.73315219758806,203912000
2021-05-04,14.298503875732422,14.583452977403262,14.583701921742202,13.958757564248552,405324000
2021-05-05,14.405360221862793,14.65493927929447,14.759055975565776,14.334621071122196,292024000
2021-05-06,14.469621658325195,14.441973635991896,14.517694517007266,14.165743307149034,193380000
2021-05-07,14.757811546325684,14.7538265361417,14.915728739355696,14.617827849292928,229328000
2021-05-10,14.213319778442383,14.732902772330645,14.751584051485553,14.197627731992897,268904000
2021-05-11,14.253670692443848,13.774189592576713,14.301992504029124,13.699465425742892,285584000
2021-05-12,13.707932472229004,13.958009406177771,14.207838345963491,13.65886383403718,303408000
2021-05-13,13.615025520324707,13.982170917934267,14.028999059175959,13.409533367126928,285404000
2021-05-14,14.190652847290039,13.83895053700073,14.275340485481827,13.697970119526413,258616000
2021-05-17,14.113438606262207,14.104969746666484,14.11717467222545,13.802585945986333,216980000
2021-05-18,13.964238166809082,14.214565019489333,14.351310534500186,13.952531130875531,186256000
2021-05-19,14.01405143737793,13.51663602099398,14.02775097524679,13.493471848868516,344000000
2021-05-20,14.558794021606445,14.249932964504612,14.629782114343872,14.218050986432957,321592000
2021-05-21,14.936650276184082,15.108018052622167,15.166054390870835,14.814849979402481,672992000
2021-05-24,15.554621696472168,15.156589134652451,15.687132304008871,15.120223305868196,554816000
2021-05-25,15.590240478515625,15.708055773561385,15.760362594796842,15.425597988720599,435408000
2021-05-26,15.64229965209961,15.676424035997474,15.73570510497859,15.528968196694533,370440000
2021-05-27,15.43107795715332,15.642049757647367,15.692115130559111,15.40318098520956,581476000
2021-05-28,16.184791564941406,15.444025537675882,16.21767121400857,15.444025537675882,644536000
2021-06-01,16.204721450805664,16.210202026757546,16.32801730667741,15.844799257771454,472804000
2021-06-02,16.71658706665039,16.19252112571894,16.85657172590824,16.175832350111072,594168000
2021-06-03,16.907381057739258,16.63937060204186,17.195569308836276,16.522053197728837,580008000
2021-06-04,17.513643264770508,17.04960345412486,17.596087541905547,17.032667639127915,617120000
2021-06-07,17.554243087768555,17.5066700158796,17.7470324200021,17.12956115972956,575756000
2021-06-08,17.392837524414062,17.4628288796533,17.5567321901198,17.18759340040824,323848000
2021-06-09,17.298418045043945,17.455376379612076,17.514422030951746,17.19627233755803,381656000
2021-06-10,17.36493682861328,17.29019648734641,17.43170722377166,17.116796462616325,287772000
2021-06-11,17.763803482055664,17.419244544356054,17.87741082097193,17.383618344263905,416308000
2021-06-14,17.956640243530273,17.84427977971432,17.97731876578179,17.601868346834245,321376000
2021-06-15,17.727182388305664,17.853247418996794,17.954148103362822,17.66689173938309,243032000
2021-06-16,17.748857498168945,17.729425885437355,17.892860137369315,17.523885687576584,307124000
2021-06-17,18.592937469482422,17.713230770641097,18.770074396069546,17.69504416542192,809656000
2021-06-18,18.574501037597656,18.71925067030263,19.30821305776164,18.51993932359038,968856000
2021-06-21,18.363727569580078,18.37169941417833,18.47260198225136,17.76131158192782,672384000
2021-06-22,18.82164764404297,18.407830114038756,18.898383795362612,18.32262411331532,580144000
2021-06-23,18.991561889648438,18.942232994544018,19.0867336597578,18.84257729781816,332356000
2021-06-24,19.139293670654297,19.161468094808583,19.353054663315966,19.022447418636773,320924000
2021-06-25,18.96539878845215,19.214039016111002,19.27881548823382,18.829369907690694,278364000
2021-06-28,19.916109085083008,19.294508567808425,20.00953591368963,19.252404529713022,495436000
2021-06-29,19.95771598815918,19.813962368207104,20.02946639667907,19.589239586918527,367632000
2021-06-30,19.93355369567871,19.930314776489794,20.093002037862693,19.795281878543864,326568000
2021-07-01,20.1423282623291,20.055628261505312,20.385486666849392,19.949992750888118,480136000
2021-07-02,20.4163818359375,20.369793862838424,20.434570343264514,20.21781937074688,342764000
2021-07-06,20.627153396606445,20.666018525350328,20.77015813867355,20.280104352666278,446708000
2021-07-07,20.301528930664062,20.78161883623467,20.8030443612869,20.261916799534852,418428000
2021-07-08,19.834148406982422,19.78805843161137,20.063604178875657,19.63284500333484,503300000
2021-07-09,19.98113250732422,19.893685513393702,20.011029776539825,19.686153340670238,296624000
2021-07-12,20.441791534423828,20.170229888571328,20.46197014862544,20.118160092279034,321984000
2021-07-13,20.180200576782227,20.33018116670877,20.390722726429324,20.04466967248551,290708000
2021-07-14,19.773101806640625,20.287572800347288,20.347365436416478,19.684658809651104,380100000
2021-07-15,18.9008731842041,19.743459705435733,19.778587910474652,18.793494657119066,550564000
2021-07-16,18.09839630126953,18.964900147522947,19.090963266733112,18.010700300983057,688224000
2021-07-19,18.715017318725586,17.853497190988364,18.976362343498174,17.803917401134495,749060000
2021-07-20,18.54784393310547,18.665437217414535,18.773064743639477,18.101388235116307,434687000
2021-07-21,19.343095779418945,18.81691585718277,19.45969307152444,18.67739902955173,371017000
2021-07-22,19.526458740234375,19.574293617288724,19.818448030291623,19.209554105329772,323826000
2021-07-23,19.490583419799805,19.5882451844346,19.632094138275786,19.18364454445937,195672000
2021-07-26,19.227500915527344,19.244442520120174,19.37498962491544,18.848809578937015,203943000
2021-07-27,19.14179229736328,19.19859503384595,19.55436484344968,18.676401037537744,248863000
2021-07-28,19.435773849487305,19.2524080782056,19.57828058191226,18.92952549207066,202191000
2021-07-29,19.59422492980957,19.45171630566952,19.784566529734352,19.26137470574474,190781000
2021-07-30,19.431793212890625,19.351071118815266,19.562340310545085,19.19660657485417,183497000
2021-08-02,19.681922912597656,19.632096019964017,19.892196048997913,19.29426383352367,217444000
2021-08-03,19.74669647216797,19.671954243501315,20.15229309655213,19.15374627337289,301811000
2021-08-04,20.204118728637695,19.921097238700884,20.247967690687908,19.759654974548358,231309000
2021-08-05,20.56586265563965,20.429335766295853,20.66153240927619,20.271879455166875,211435000
2021-08-06,20.295801162719727,20.453257506969045,20.49909848157322,20.14033873074639,178497000
2021-08-09,20.22504425048828,20.37552283364435,20.4373093965313,20.073567760929837,146443000
2021-08-10,19.867280960083008,20.25195008967123,20.35957761344973,19.766627375953473,179238000
2021-08-11,19.631099700927734,19.973913844041807,19.979893679889088,19.363027803581907,185925000
2021-08-12,19.83638572692871,19.801506528249956,19.95995693048754,19.55236830867384,151652000
2021-08-13,20.118410110473633,19.836386591609863,20.14432145963521,19.782571882288952,183063000
2021-08-16,19.8812313079834,20.065593064053427,20.217069532094754,19.385942869614865,210876000
2021-08-17,19.390932083129883,19.617148941747843,19.70185695099313,19.200590439736775,204585000
2021-08-18,18.9743709564209,19.432784446374054,19.566323330393175,18.934507922108054,285913000
2021-08-19,19.72975730895996,19.42680433496521,20.424355275719023,18.697327164065186,766555000
2021-08-20,20.744247436523438,19.922090443139417,20.79307832111632,19.86429170671667,675741000
2021-08-23,21.882314682006836,20.89871719014443,21.92117981464418,20.877789664818607,575807000
2021-08-24,21.717880249023438,21.678019114764727,21.8833084230163,21.46077013569365,297299000
2021-08-25,22.13642692565918,21.662067955131644,22.392540967544015,21.647120271221784,347701000
2021-08-26,21.991933822631836,22.12347879676051,22.262995617571487,21.71489219229339,237940000
2021-08-27,22.557973861694336,22.107532230785125,22.643677862471055,22.090590631749375,304722000
2021-08-30,22.60979461669922,22.751305343048546,22.963570482185514,22.473267719877327,262580000
2021-08-31,22.311769485473633,22.620754812880616,22.620754812880616,22.04763702019903,259850000
2021-09-01,22.367591857910156,22.41144855038439,22.622754957763057,22.28386700045794,201767000
2021-09-02,22.322738647460938,22.44433930541851,22.51909472765023,22.22206920355075,187834000
2021-09-03,22.768278121948242,22.25197291405603,22.910810001392324,22.127381804573318,280532000
2021-09-07,22.58786392211914,22.758304039244056,22.82408811086323,22.44832062700257,198107000
2021-09-08,22.26592254638672,22.439353122725205,22.53603592576677,21.905105352001236,254434000
2021-09-09,22.10445213317871,22.239010734032167,22.464271249955324,22.05860308506016,196856000
2021-09-10,22.404470443725586,22.2748946360381,22.55198511877038,22.197150672313043,248376000
2021-09-13,22.079538345336914,22.609797693327096,22.888882461215875,21.786499434109167,297500000
2021-09-14,22.16924285888672,22.202133951589552,22.336692569612442,22.013753027023114,199755000
2021-09-15,22.26791763305664,22.236022722228473,22.29383355511717,21.894144334606132,166538000
2021-09-16,22.16924285888672,22.110435843651945,22.20412821528791,21.855272750166648,156033000
2021-09-17,21.828357696533203,22.22704878803294,22.247979999045086,21.758586993159383,294503000
2021-09-20,21.043933868408203,21.076824957284188,21.362886747600268,20.594409012672557,349440000
2021-09-21,21.17650032043457,21.3469404733302,21.35491372577289,20.88146906785273,204688000
2021-09-22,21.86922264099121,21.296102923922355,21.888159587451916,21.126658982440958,268726000
2021-09-23,22.40845489501953,22.067572722802016,22.461281014018834,21.818390548782627,248555000
2021-09-24,22.008769989013672,21.99780629061381,22.076548344372082,21.789490317687935,217655000
2021-09-27,21.589147567749023,21.63898325171852,21.72769282238247,21.255244302712523,245215000
2021-09-28,20.63128662109375,21.144603190689022,21.348932496688196,20.58344330923957,343069000
2021-09-29,20.449888229370117,20.871504913207012,20.948252708379105,20.40005064080345,218394000
2021-09-30,20.64823341369629,20.70006335689361,20.997088873720934,20.620325128983062,221009000
2021-10-01,20.674148559570312,20.68212181172919,20.79076450155357,20.13691029679446,240978000
2021-10-04,19.66745376586914,20.436927789431792,20.474803591708355,19.491032716054217,345635000
2021-10-05,20.38409996032715,19.884739402108554,20.580456026751712,19.789052772537165,279282000
2021-10-06,20.632286071777344,20.054183467600772,20.652219202114356,20.014313404708272,297202000
2021-10-07,21.006057739257812,21.023000423462637,21.25224946522736,20.903394046211478,256919000
2021-10-08,20.762859344482422,21.03197660701689,21.136632686521562,20.707042768746597,151258000
2021-10-11,20.627302169799805,20.507695778664687,20.994098397870303,20.443904055764555,163388000
2021-10-12,20.603378295898438,20.759864289713306,20.988115251158046,20.460846442919173,162134000
2021-10-13,20.870502471923828,20.849571259430128,20.921336231312484,20.645241941754325,180652000
2021-10-14,21.67486572265625,21.2183637297649,21.683835156792203,21.052906376708478,243589000
2021-10-15,21.790483474731445,21.738653534036047,21.85925800191469,21.59113886513245,226994000
2021-10-18,22.14930534362793,21.677853093300257,22.218079867426876,21.573195134718436,189494000
2021-10-19,22.21708869934082,22.20313265408627,22.305796372358465,21.964916022213767,161473000
2021-10-20,22.030698776245117,22.232037672694034,22.359619226163996,21.91009429442329,146276000
2021-10-21,22.617769241333008,22.024716293024067,22.636708092213606,22.010762150737015,187590000
2021-10-22,22.651657104492188,22.748339913629675,23.054334844956028,22.48719785150225,249384000
2021-10-25,23.09021759033203,22.897848159028317,23.278598494667374,22.695513113631097,230235000
2021-10-26,24.636144638061523,23.9105273389636,25.17637336256749,23.84573943509634,485898000
2021-10-27,24.371013641357422,24.393939116260093,25.00792321942295,24.20256586759915,245990000
2021-10-28,24.859411239624023,24.79661760339399,24.868382573846535,24.442779360511576,234204000
2021-10-29,25.48336410522461,24.91921563206718,25.624899789420567,24.918219450808614,292503000
2021-11-01,25.742515563964844,25.565098331318534,25.80929583390009,25.144477876307487,265740000
2021-11-02,26.31463623046875,25.73753168250349,26.590730535065173,25.715602386475727,294112000
2021-11-03,26.5109920501709,26.582757025267508,26.696384427226477,26.14918053197211,239910000
2021-11-04,29.703514099121094,27.139927249878582,31.26239704427072,27.02929029769168,1153631000
2021-11-05,29.6546688079834,30.0882451975885,31.297276282190033,29.313786683628845,851260000
2021-11-08,30.703235626220703,30.050377560399664,30.998266887418577,29.80916860642571,503101000
2021-11-09,30.556711196899414,32.17639722764453,32.20430550943804,29.86597932140083,646746000
2021-11-10,29.362634658813477,29.259972850188642,30.749085226450433,28.683862559196594,636206000
2021-11-11,30.29058837890625,30.368334246239346,30.489934904320453,29.679594643475284,332172000
2021-11-12,30.29058837890625,29.911832261950494,30.579640650645906,29.53307424388538,413054000
2021-11-15,29.926782608032227,30.45205912496515,30.543757233968925,29.151327703396426,384909000
2021-11-16,30.104196548461914,29.661650656013027,30.290585092245067,29.608822634811435,264484000
2021-11-17,29.1652774810791,30.31849214904719,30.409195964278993,28.705785120196275,428508000
2021-11-18,31.57138442993164,32.261122107751916,32.65283428082638,31.218542338444994,781711000
2021-11-19,32.877098083496094,32.137524780788404,32.97976178244582,31.800631120790957,533867000
2021-11-22,31.851463317871094,33.40735581710539,34.533660369454104,31.795646751201797,754335000
2021-11-23,31.642152786254883,31.431842568314533,32.25414458908274,30.778984519657556,532163000
2021-11-24,32.56712341308594,31.35809177967249,32.74753112029503,30.826834275154358,435162000
2021-11-26,31.39995002746582,32.493359824591494,32.60300060926562,31.247450631165712,283069000
2021-11-29,33.266822814941406,32.26012831114146,33.30270435529742,31.93120595307024,454964000
2021-11-30,32.569114685058594,33.0605021002407,33.24390214799257,31.75977238456129,622066000
2021-12-01,31.33600616455078,33.114390390664795,33.184169646455935,31.281179063188567,484368000
2021-12-02,32.02482604980469,31.11569943003582,32.37571869369958,30.927293561836475,472890000
2021-12-03,30.596345901489258,31.89922925543246,32.02782463570663,30.035117209227543,544325000
2021-12-06,29.942405700683594,29.78589864714848,30.145761817550646,27.949700565814876,658938000
2021-12-07,32.324886322021484,30.859517901547957,32.346820208398555,30.554479830021183,593053000
2021-12-08,31.725772857666016,31.898228375722542,32.18831231520401,31.32204761084049,475551000
2021-12-09,30.393980026245117,31.634061878266106,32.103581165831095,30.33217500414839,488507000
2021-12-10,30.1028995513916,31.051901151200305,31.206413705262143,29.766960947879433,488825000
2021-12-13,28.072311401367188,30.15373687601913,30.198595232835125,28.027453044551194,598344000
2021-12-14,28.247760772705078,27.611769480974516,28.587686497132797,27.16418406880267,667035000
2021-12-15,30.363082885742188,28.31056675334451,30.403954139971678,27.75033624261141,698297000
2021-12-16,28.297605514526367,31.053899534566042,31.06187376372511,28.004532628837605,707366000
2021-12-17,27.71344757080078,27.896868119225253,28.83091752139496,27.672576326059648,713758000
2021-12-20,27.631710052490234,27.21901421962327,28.055370925868335,27.059518227197945,461847000
2021-12-21,28.98343276977539,28.284640266593776,29.02829112408927,27.31470313010399,524385000
2021-12-22,29.30741310119629,28.800017170257917,29.46192565947625,28.359407778692482,395184000
2021-12-23,29.546659469604492,29.66129709262339,29.964340611891693,29.338318000778614,343022000
2021-12-27,30.84754753112793,29.566594412321887,30.98910054168439,29.546656940110104,403686000
2021-12-28,30.226512908935547,31.213395052745707,31.231338018752773,29.917487766927692,420591000
2021-12-29,29.906522750854492,30.177667453136895,30.451801065304423,29.273522212886757,343139000
2021-12-30,29.492828369140625,29.73306863749012,30.36108570963226,29.44697370362588,308864000
2021-12-31,29.31838035583496,29.580552622443367,29.935432431024672,29.23863236196779,266530000
2022-01-03,30.02614402770996,29.72110791823675,30.614286167328913,29.691201708964883,391547000
2022-01-04,29.197763442993164,30.18165478340745,30.372053287940535,28.25972677192673,527154000
2022-01-05,27.51706886291504,28.857832469761814,29.323362739600288,27.446293309746405,498064000
2022-01-06,28.089258193969727,27.55295241716997,28.34843960109803,26.979764412182007,454186000
2022-01-07,27.16119384765625,28.052379478532124,28.332494693927416,26.971791660779605,409939000
2022-01-10,27.313709259033203,26.497288278632688,27.382492201861595,25.563238883232685,594681000
2022-01-11,27.72939682006836,27.236953065488187,27.976616901866414,26.754478046594247,404089000
2022-01-12,27.910823822021484,27.978608560513216,28.504945618330236,27.52105444566208,383413000
2022-01-13,26.491308212280273,28.289625832276567,28.390307586035668,26.414549141387052,540171000
2022-01-14,26.857154846191406,26.21717640732011,27.111352875878474,26.12745967935316,395832000
2022-01-18,25.82142448425293,26.177300546732358,26.554110383396345,25.688843914417376,424270000
2022-01-19,24.98805809020996,25.996872119985937,26.459409683048193,24.97310593684919,488315000
2022-01-20,24.07394790649414,25.22431503185262,25.498448638286458,24.00217414256686,435181000
2022-01-21,23.300392150878906,23.43297273498428,24.744828429105826,23.18974164646766,718958000
2022-01-24,23.29839324951172,22.25967504955575,23.306367476743638,20.82221696787781,913982000
2022-01-25,22.253694534301758,22.474995512389242,22.870746504571382,21.9307154992586,664616000
2022-01-26,22.70028305053711,23.166809579557935,23.98123602247963,22.229769407799456,755959000
2022-01-27,21.874893188476562,23.493779360509365,23.91943467808651,21.606739331750255,573353000
2022-01-28,22.76807403564453,21.942680495703392,22.786017001467613,21.228935667863265,543774000
2022-01-31,24.408885955810547,23.108991809594748,24.43181423649078,22.979402057018028,564680000
2022-02-01,24.560413360595703,25.02494549207549,25.065816744698257,23.814767780089298,518925000
2022-02-02,25.16250991821289,25.712771637079914,25.735698020360548,24.475678597564364,543419000
2022-02-03,23.872583389282227,24.380977535591192,24.998027675942943,23.70511318165473,410178000
2022-02-04,24.242414474487305,23.89650713053911,24.55741930721573,23.557577711661764,354829000
2022-02-07,24.650131225585938,24.295251385703413,25.102700132495116,24.125786646120726,376868000
2022-02-08,25.028934478759766,24.282292539079087,25.150550041052337,23.90448630257758,410359000
2022-02-09,26.62090301513672,25.541313315747384,26.64084048931407,25.27316132302811,524282000
2022-02-10,25.742677688598633,25.913140626547364,26.84021038947603,25.519384054932555,513200000
2022-02-11,23.873580932617188,25.83438755548586,26.06964442204501,23.698136487325115,605472000
2022-02-14,24.19057846069336,23.85862696314563,24.79666354683214,23.680189818886806,440424000
2022-02-15,26.41156578063965,24.870432839092235,26.46140756576052,24.705953427119574,699869000
2022-02-16,26.427509307861328,26.176304019794223,26.498286759029188,25.471529825588878,732676000
2022-02-17,24.42982292175293,25.549285582156386,25.703798143147747,24.088900885684307,810595000
2022-02-18,23.567548751831055,24.590316828988254,24.907316200447443,23.02725575627355,761255000
2022-02-22,23.31633949279785,22.962457916801178,23.98821671585555,22.927568291074294,633422000
2022-02-23,22.31649398803711,23.72703852956815,24.07892743767487,22.230766294851055,566511000
2022-02-24,23.673208236694336,20.948815630233725,23.725044515703196,20.82420930000137,735801000
2022-02-25,24.0809268951416,23.64630098063684,24.14073741705025,23.30737152091748,528866000
2022-02-28,24.308210372924805,23.916448303789124,24.58732932029643,23.63234593831366,477319000
2022-03-01,23.403064727783203,24.21450233159208,24.3002319386135,23.059151897859554,412056000
2022-03-02,24.14784049987793,23.685224100178537,24.336278491001387,23.34524043941183,389642000
2022-03-03,23.643346786499023,24.189712498581102,24.253522895989168,23.39907590712297,365095000
2022-03-04,22.867664337158203,23.314329501450473,23.609447114971164,22.41501653226553,431415000
2022-03-07,21.288381576538086,22.749016800661877,22.96437474060364,21.266447763904743,450821000
2022-03-08,21.449907302856445,21.24551809708056,22.30634749936782,20.588480936976687,557467000
2022-03-09,22.945430755615234,22.32029806776181,23.15081636408371,22.18071580003234,492742000
2022-03-10,22.590492248535156,22.463869834153396,22.720104081485786,21.816803338925023,428066000
2022-03-11,22.034160614013672,22.953412795419776,23.07604745226114,21.980320637514282,367209000
2022-03-14,21.266448974609375,21.80384262804617,22.195671367540292,21.095958926406958,385354000
2022-03-15,22.90455436706543,21.45388943534592,22.96936124008591,21.258474245006287,491996000
2022-03-16,24.42302131652832,23.42998833057086,24.523720247964146,23.10296639709602,671422000
2022-03-17,24.69221305847168,24.04813783867153,24.767984935801795,23.83477472930563,471941000
2022-03-18,26.374187469482422,24.72511591515251,26.489842995481,24.55063805480904,730719000
2022-03-21,26.654348373413086,26.42802540885607,27.07110416186951,25.889633364007818,591727000
2022-03-22,26.444976806640625,26.647371123248757,27.156850275284068,25.994323791878227,547007000
2022-03-23,25.557626724243164,26.048159533733372,26.53271160406256,25.498802493887702,502120000
2022-03-24,28.066129684448242,26.08804154718275,28.235623263570396,25.829812434294954,877379000
2022-03-25,27.6094913482666,27.8029135702572,28.273507371801568,27.189746185956608,579016000
2022-03-28,28.134925842285156,27.67330593129394,28.165833619637276,27.124943427788132,425494000
2022-03-29,28.570619583129883,28.609502941441008,28.85975453924561,27.896633131852415,488984000
2022-03-30,27.607501983642578,28.219672974520872,28.41110037401944,27.42105885059828,463487000
2022-03-31,27.20470428466797,27.699226807551824,28.163838026854247,27.188753110757293,523440000
2022-04-01,26.63241958618164,27.293444485136895,27.414084291366482,26.188745633064283,517235000
2022-04-04,27.278486251831055,26.648369216228314,27.475896299662303,26.533712066907064,397120000
2022-04-05,25.85373878479004,27.17279688323679,27.237603749312893,25.743069446541703,436615000
2022-04-06,24.334285736083984,24.859716112456148,25.22462494159722,23.93149001085727,703833000
2022-04-07,24.135873794555664,24.368179386256767,24.64834229932388,23.40804924530621,557992000
2022-04-08,23.05011749267578,23.84574022331702,23.851722863847915,22.993288112629596,524781000
2022-04-11,21.851699829101562,22.147815823189774,22.253499000395795,21.595465570939584,575207000
2022-04-12,21.439931869506836,22.46985514903304,22.65729475827579,21.218593162457935,662258000
2022-04-13,22.13684844970703,21.663265165709976,22.432964462991524,21.39107781519928,516943000
2022-04-14,21.194664001464844,22.437948470033938,22.70913934444599,21.09994772609378,569097000
2022-04-18,21.718101501464844,21.13683828693259,22.02219119866503,21.016198500677564,525701000
2022-04-19,22.13186264038086,21.655286167385736,22.3063404800413,21.25049567770769,512781000
2022-04-20,21.417997360229492,22.449913552276662,22.602457585796717,21.1368379554735,468974000
2022-04-21,20.12286949157715,21.6443221623934,22.325287868143974,19.940414139309308,656209000
2022-04-22,19.45685577392578,20.242508087919838,20.424963414737594,19.44190107394043,624713000
2022-04-25,19.842710494995117,19.144795100205567,19.885581663708464,19.039111888261125,641566000
2022-04-26,18.732025146484375,19.659254708106264,19.72904585331805,18.614376672651343,653143000
2022-04-27,18.360137939453125,18.542591397089467,19.109896444638807,18.235510346277362,499460000
2022-04-28,19.723060607910156,18.910488306653104,19.977301919519842,18.434910207307524,570327000
2022-04-29,18.491741180419922,19.344193301516768,20.068030059623467,18.461829879065967,500435000
2022-05-02,19.47480583190918,18.48576074197281,19.515682143130196,18.336208020718836,572049000
2022-05-03,19.543598175048828,19.342200337321106,19.7659352569291,19.07599562451621,475751000
2022-05-04,20.27341651916504,19.863641752299557,20.33921986356432,18.695132726502678,648855000
2022-05-05,18.787857055664062,19.807809899114023,19.86563575823811,18.444882087815973,626331000
2022-05-06,18.61935806274414,18.68017713798414,19.45386415893865,17.93639951654731,633297000
2022-05-09,16.899497985839844,17.98026782674294,18.200608121706267,16.776863370793325,644455000
2022-05-10,17.542577743530273,17.636297548198513,18.143781837571737,16.974276274336525,761474000
2022-05-11,16.580448150634766,17.295312724464573,17.700103137323826,16.518634514647008,670167000
2022-05-12,16.12680435180664,16.17067387354049,16.73797872956555,15.520617091857218,708728000
2022-05-13,17.653249740600586,16.737985372316167,17.8745884809046,16.5435666197067,670437000
2022-05-16,17.212566375732422,17.456837299175664,17.73500542241008,17.055038053763205,521446000
2022-05-17,18.12284278869629,18.020149031920944,18.31626502100498,17.58146135414091,585830000
2022-05-18,16.88753890991211,17.652254100833233,18.064023819021532,16.813759960216448,545161000
2022-05-19,17.072978973388672,16.886535872778936,17.63430122078651,16.68413969929211,621310000
2022-05-20,16.644262313842773,17.280361950120188,17.358128675360334,15.708059831340721,739105000
2022-05-23,16.847652435302734,16.225511121055842,16.864601980883076,16.130794862027443,639889000
2022-05-24,16.10586929321289,16.460809506552845,16.547550187898246,15.732984010714674,588550000
2022-05-25,16.92443084716797,15.972275924953209,17.060025375610792,15.952335049741066,781132000
2022-05-26,17.79781723022461,15.988224037593847,18.038098454950646,15.97426580795554,996575000
2022-05-27,18.754955291748047,18.1318174179565,18.82474642934616,18.046073205336302,738379000
2022-05-31,18.61636734008789,18.923448310065066,19.14279403338094,18.295326242537005,664100000
2022-06-01,18.26542091369629,18.668218552747707,18.99623696880328,18.068010839185806,544514000
2022-06-02,19.533626556396484,18.237500543404728,19.560546538437922,18.14378074438324,648656000
2022-06-03,18.664226531982422,19.025149434663984,19.274404605825605,18.466816482062402,598779000
2022-06-06,18.730030059814453,19.081979003796526,19.279389055591135,18.508691344014494,422406000
2022-06-07,18.86961555480957,18.416967656771526,18.94339449795544,18.133813364518677,388914000
2022-06-08,18.596372604370117,18.74695362356912,19.12689931949138,18.4836845843309,363252000
2022-06-09,17.99803352355957,18.42983530392258,18.880583584037574,17.991052933850728,395574000
2022-06-10,16.9270076751709,17.551274019304014,17.648005592341615,16.822296926639886,465248000
2022-06-13,15.603679656982422,15.955702020878928,16.266838484183843,15.562792805356883,604153000
2022-06-14,15.792159080505371,15.68744927445471,16.021521877799216,15.369332170298332,469680000
2022-06-15,16.481245040893555,16.050439932166825,16.821300578805904,15.881908139766276,563936000
2022-06-16,15.557808876037598,15.816091666385807,15.897865381945072,15.358362760963734,545749000
2022-06-17,15.836034774780273,15.604676739581116,15.950716157739642,15.285562995334534,630334000
2022-06-21,16.5201358795166,16.429388214877477,16.960911609240924,16.361575686273117,483089000
2022-06-22,16.314706802368164,16.181077014713374,16.61587073985761,16.135204840649315,437135000
2022-06-23,16.18008041381836,16.473265177528255,16.539082437023865,15.809109627633456,463680000
2022-06-24,17.078582763671875,16.454316515193973,17.092543941061024,16.26484203486428,472153000
2022-06-27,16.822296142578125,17.26407044859053,17.282020263994987,16.579968879448046,427968000
2022-06-28,15.937752723693848,16.853210426478878,17.15437435755345,15.900854507260869,461149000
2022-06-29,15.498969078063965,15.770216310534561,15.776199264816002,15.127999283665375,482352000
2022-06-30,15.117033004760742,15.31847343700277,15.523903457243852,14.820855311845145,686070000
2022-07-01,14.482791900634766,14.857751323588166,15.021296837715987,14.352155016267275,577610000
2022-07-05,14.92257022857666,14.135755105271844,14.929550817854716,14.016087452919178,651397000
2022-07-06,15.088112831115723,14.968445164272264,15.276589715480245,14.748056331462374,529066000
2022-07-07,15.814094543457031,15.413208065905915,15.900853564352674,15.346393177463765,492903000
2022-07-08,15.79415225982666,15.387281829188536,15.992601679207207,15.346394973873567,467972000
2022-07-11,15.110050201416016,15.483014331967349,15.484011966579512,14.996365505258906,437321000
2022-07-12,15.040243148803711,15.22572805239749,15.388276870570849,14.83581079611465,458483000
2022-07-13,15.122015953063965,14.549605743927154,15.33243221201758,14.424951823504246,521918000
2022-07-14,15.329439163208008,15.066170162964447,15.43015935632636,14.687222157849106,456235000
2022-07-15,15.718362808227539,15.615648276832916,15.73830694346338,15.40224003829484,385935000
2022-07-18,16.056421279907227,16.25686498780902,16.850216937133126,15.957696353307478,670517000
2022-07-19,16.944957733154297,16.440358091474902,17.062631077163257,16.127228231279975,702366000
2022-07-20,17.757699966430664,16.900082197018165,17.88335248572077,16.754486493931914,760538000
2022-07-21,18.00002670288086,17.835484504614854,18.093766321144624,17.496425663382336,557049000
2022-07-22,17.27105140686035,17.843461655137467,17.917256187628578,17.089554175506528,536671000
2022-07-25,16.97687339782715,16.971886173942682,17.07659695276181,16.602911493373618,480748000
2022-07-26,16.487226486206055,16.842239834616713,16.872157459195602,16.43237845884533,397865000
2022-07-27,17.74074935913086,16.984846555686445,17.88634506733334,16.866176524140016,569776000
2022-07-28,17.93421173095703,17.925237772890636,18.08977999214664,17.39171903743578,474646000
2022-07-29,18.112714767456055,17.763683382729887,18.193489890290078,17.64301808926749,435460000
2022-08-01,18.38994598388672,18.131662250640616,18.793825424102035,17.94019436661478,476469000
2022-08-02,18.474706649780273,18.071825862895118,18.885566611126666,18.041908238318054,489527000
2022-08-03,18.84069061279297,18.1336539858444,18.915483721167206,18.086783232155426,418146000
2022-08-04,19.161802291870117,18.796816360490926,19.220638962108396,18.708062062276774,409652000
2022-08-05,18.936426162719727,18.757920901412877,19.17576145516048,18.614320486775554,386068000
2022-08-08,17.743736267089844,17.453543487866224,18.188502488777342,17.19426311465401,981859000
2022-08-09,17.038694381713867,17.20423514221183,17.398694940794755,16.677697139131496,668263000
2022-08-10,18.046899795532227,17.649004232789324,18.067841567146683,17.26905848827763,597422000
2022-08-11,17.892324447631836,18.080802254514673,18.655207729285816,17.826507193274058,509327000
2022-08-12,18.657197952270508,18.1097182424687,18.666173809016254,17.90329065592447,478094000
2022-08-15,18.979307174682617,18.649224212452747,19.1109416861416,18.561468505502724,457666000
2022-08-16,18.82673454284668,18.867621402461417,19.089006932991676,18.449780750266285,451240000
2022-08-17,18.284236907958984,18.47171804037453,18.63626023321667,18.09476431039142,446799000
2022-08-18,18.721025466918945,18.250332132443727,18.812769810722802,18.13265879882492,415447000
2022-08-19,17.79958724975586,18.35504444387847,18.468729162588712,17.72080548388627,441588000
2022-08-22,16.98683738708496,17.441574209966397,17.509386725743322,16.919024871308032,409593000
2022-08-23,17.133434295654297,16.94196640912856,17.4166484395593,16.923018006184385,369986000
2022-08-24,17.174318313598633,16.964898742460186,17.35780889595624,16.848223999149923,522661000
2022-08-25,17.8634033203125,16.797362880591006,17.897309578124734,16.7863936564912,770691000
2022-08-26,16.214981079101562,17.80755957837467,17.874373512103524,16.19204404414736,769127000
2022-08-29,15.75725269317627,15.97564717969457,16.29276564803654,15.723347381626995,496132000
2022-08-30,15.42517375946045,15.91581117353894,15.994591964876042,15.139965363979472,530181000
2022-08-31,15.05221176147461,15.34140885146709,15.49697709866868,14.917585283969304,573710000
2022-09-01,13.89841365814209,14.169659947404499,14.340186988303111,13.233260527452883,1178865000
2022-09-02,13.609216690063477,14.060962564890257,14.131765139366534,13.553371026300562,743157000
2022-09-06,13.42772102355957,13.692984371926862,13.740851814141763,13.314036323816168,535751000
2022-09-07,13.680095672607422,13.529468955559182,13.803789664823167,13.313005420498245,512657000
2022-09-08,13.955412864685059,13.425725497360691,13.973368965250524,13.335948799799713,624873000
2022-09-09,14.351432800292969,14.122000907484114,14.438217613905524,14.091078359455306,486612000
2022-09-12,14.469139099121094,14.333475654409431,14.511035078989412,14.16289794182431,484159000
2022-09-13,13.09853744506836,13.767879095556324,13.887582320478687,13.06661696561573,714956000
2022-09-14,13.095544815063477,13.22123276604588,13.25714401689083,12.881076192438005,588507000
2022-09-15,12.897035598754883,12.982823422794079,13.200283922132007,12.758379308646864,523625000
2022-09-16,13.165371894836426,12.710498889536233,13.179337223190453,12.585807914194328,670751000
2022-09-19,13.348917961120605,12.979832762404735,13.429718046056754,12.977837851259611,569685000
2022-09-20,13.143425941467285,13.182330035591837,13.449667136036723,13.024720650726076,524818000
2022-09-21,13.228214263916016,13.18033355166007,13.996311035255735,13.077587561187178,807679000
2022-09-22,12.529943466186523,13.037684815715824,13.116489964270434,12.397272880013201,759162000
2022-09-23,12.485057830810547,12.389295442898492,12.579823238873681,12.22669830375946,663309000
2022-09-26,12.197769165039062,12.460119453590893,12.627704338358164,12.183803837251507,547343000
2022-09-27,12.382312774658203,12.476080251525241,12.704514210651315,12.227696230944117,553854000
2022-09-28,12.704514503479004,12.37932021781137,12.791299318139588,12.323458902869692,542414000
2022-09-29,12.189790725708008,12.417226765945308,12.469098260371657,11.916467924408922,532763000
2022-09-30,12.108989715576172,12.057118225117197,12.601768874936441,12.045147807986924,565638000
2022-10-03,12.481067657470703,12.316475611950034,12.646657634128852,12.075073310975306,547478000
2022-10-04,13.13444709777832,12.847159012438114,13.187316515119232,12.847159012438114,584182000
2022-10-05,13.17634391784668,12.879081259534201,13.288067492068219,12.589798244962582,507131000
2022-10-06,13.097539901733398,13.187317554392024,13.622239538294219,13.07060622540916,644157000
2022-10-07,12.046144485473633,12.474083761565735,12.638675790831929,11.992278089651654,672478000
2022-10-10,11.64114761352539,12.007239883816968,12.094024681790135,11.379795288609536,698699000
2022-10-11,11.557354927062988,11.532416166894459,11.8167113736007,11.255103622772118,667482000
2022-10-12,11.47157096862793,11.550376145395958,11.705989685078036,11.316954408897722,492590000
2022-10-13,11.930431365966797,10.943876148054613,12.048139665363264,10.786266778590695,850103000
2022-10-14,11.19924259185791,12.02719042306738,12.081056814485887,11.176299693003378,713432000
2022-10-17,11.85860824584961,11.489523129293081,11.918460323463654,11.488526149600807,580774000
2022-10-18,11.937414169311523,12.313481973149718,12.4611158389974,11.589277019716143,659362000
2022-10-19,12.021204948425293,11.849630266886663,12.319466443972402,11.804741448040044,523131000
2022-10-20,12.163854598999023,12.083054517539724,12.737432910817912,12.075073921985922,652398000
2022-10-21,12.4351806640625,12.068090417832614,12.467102092739703,11.85761257031653,609494000
2022-10-24,12.567852973937988,12.477078338119243,12.678578622776968,12.034175742763328,517457000
2022-10-25,13.228214263916016,12.662616631719668,13.267118353397784,12.632690116328606,505482000
2022-10-26,12.864117622375488,12.837184898566917,13.354900896725308,12.676582681545735,532953000
2022-10-27,13.143425941467285,13.596304034739564,13.803789999892798,13.08955953917814,583113000
2022-10-28,13.799798011779785,13.071603238162181,13.815759201014696,13.028709325811903,521040000
2022-10-31,13.463630676269531,13.743936087967768,13.803788166627177,13.264125332932366,486341000
2022-11-01,13.509517669677734,13.77685473939127,13.890573215216364,13.4855768377865,432817000
2022-11-02,13.186318397521973,13.815758887447336,14.174868513384318,13.178338754402183,672628000
2022-11-03,13.387818336486816,13.010753571214046,13.746928905168618,12.923968770800348,500065000
2022-11-04,14.121002197265625,13.95142241289194,14.193821673388257,13.663136398930058,612576000
2022-11-07,14.265644073486328,14.19282459299917,14.376369715229352,13.919502771881342,410061000
2022-11-08,14.565900802612305,14.764408236163073,14.854185888099915,14.18085444989022,595292000
2022-11-09,13.741941452026367,14.126986819932588,14.175866414863753,13.724983283457384,454414000
2022-11-10,15.711064338684082,14.763413029153785,15.734007244331483,14.511038213082168,700819000
2022-11-11,16.286638259887695,15.767924228372218,16.34848526583695,15.443727839760449,655487000
2022-11-14,16.25471305847168,16.177903764636575,16.499108168761815,15.882635102124247,527852000
2022-11-15,16.624794006347656,16.68065530390621,16.9559719708209,16.341495795044064,545876000
2022-11-16,15.870665550231934,16.12204333727618,16.321547735639033,15.833757322153295,649547000
2022-11-17,15.638240814208984,15.676146970970423,16.225785292694784,15.496591691851293,710894000
2022-11-18,15.370903968811035,15.926526078879489,15.962438276776751,15.082617967788815,492072000
2022-11-21,15.279131889343262,15.1095521073422,15.43873616621096,15.0427173645285,404739000
2022-11-22,15.998348236083984,15.290103580749188,16.018299245315394,15.0846125617215,472866000
2022-11-23,16.478160858154297,16.05820212549382,16.486142404800624,16.008326496462395,427241000
2022-11-25,16.229778289794922,16.277659960613633,16.44624088571978,16.1320209884095,167934000
2022-11-28,15.787872314453125,15.98637975502715,16.31656273871607,15.68612519322037,303741000
2022-11-29,15.600337028503418,15.787871978822768,15.89261289133373,15.481631739149844,298384000
2022-11-30,16.885480880737305,15.662198222921692,16.892465330806235,15.56242050073122,565298000
2022-12-01,17.09700584411621,16.961307724170528,17.22671675054564,16.598114521801012,470977000
2022-12-02,16.838584899902344,16.622066938764753,16.895459640770735,16.408540682249722,371389000
2022-12-05,16.57317543029785,16.64202269753776,16.95732209492753,16.435480895818028,352255000
2022-12-06,15.951556205749512,16.493352558842304,16.536256494140442,15.783928452332743,352694000
2022-12-07,16.08426284790039,15.737033837548465,16.150116510882306,15.632266127408133,372388000
2022-12-08,17.130937576293945,16.236924067023104,17.140915635032428,15.923619112619104,515456000
2022-12-09,16.963308334350586,17.121956228129644,17.544018774553155,16.93736690492108,465338000
2022-12-12,17.496126174926758,16.999231007459425,17.49911978299442,16.759763296368646,457328000
2022-12-13,18.031932830810547,18.48991481040543,18.748341354532826,17.67173314781312,656589000
2022-12-14,17.634817123413086,17.947122938893273,18.21153673692968,17.38138052214265,496888000
2022-12-15,16.914417266845703,17.107987414571323,17.281601445328924,16.662977044280925,478542000
2022-12-16,16.534257888793945,16.826609420854215,17.003217021729515,16.37361555870543,478232000
2022-12-19,16.21796417236328,16.53525994983705,16.57217667143344,16.109206574205285,354039000
2022-12-20,16.04933738708496,16.02838403707244,16.27383892516191,15.816855115740298,403260000
2022-12-21,16.464418411254883,16.078277218761983,16.59014043707696,16.066302786245483,325025000
2022-12-22,15.30499267578125,16.05831892986543,16.102222004625823,14.849006080737974,565045000
2022-12-23,15.172287940979004,15.162309883054668,15.304992495444772,14.850004092190744,349326000
2022-12-27,14.089693069458008,15.04058027199165,15.066522651056324,14.024836646016347,464902000
2022-12-28,14.004881858825684,13.896123310795858,14.230380640006066,13.853218422811985,351066000
2022-12-29,14.570625305175781,14.370071654140734,14.650447871616409,14.195459433216843,354923000
2022-12-30,14.5816011428833,14.302221216588292,14.59656727894766,14.201445300640174,310490000
2023-01-03,14.283263206481934,14.818075144951218,14.962754136499147,14.064748866809973,401277000
2023-01-04,14.716300964355469,14.534705251277302,14.820070487005857,14.209427782320121,431324000
2023-01-05,14.233375549316406,14.458874351118146,14.53171246808561,14.116634353930149,389168000
2023-01-06,14.826055526733398,14.441908902325604,14.976720759443683,14.002884868402322,405044000
2023-01-09,15.593351364135742,15.250114184790577,16.020401941381497,15.1074306292161,504231000
2023-01-10,15.873729705810547,15.472620524555069,15.926611700930899,15.437698272766157,384101000
2023-01-11,15.965522766113281,15.804880428301976,15.992463329246284,15.528494153741377,353285000
2023-01-12,16.474393844604492,16.064305755567425,16.60011394726638,15.457652972865747,551409000
2023-01-13,16.861534118652344,16.241910621869895,16.884483841910928,16.129162184625386,447287000
2023-01-17,17.66275405883789,16.861534824609727,17.68869739083552,16.861534824609727,511102000
2023-01-18,17.338472366333008,17.627828386104188,17.833371016829354,17.243681783190326,439624000
2023-01-19,16.727828979492188,16.998228042242104,17.158872284903268,16.693905869643526,452932000
2023-01-20,17.799453735351562,16.973288293899945,17.816416246275402,16.78770171499723,564967000
2023-01-23,19.150447845458984,18.023949346098004,19.202332601538465,17.77849636841415,655163000
2023-01-24,19.222286224365234,18.7852576049282,19.451777728959655,18.778273155345232,496204000
2023-01-25,19.280160903930664,18.87107002531869,19.327057588077132,18.538808102919397,449537000
2023-01-26,19.758098602294922,19.657322688857523,20.121291926493868,19.235260153653364,489535000
2023-01-27,20.31985092163086,19.418852978689333,20.582268342414245,19.36198013839365,542142000
2023-01-30,19.11952018737793,19.90577336731511,20.095350783793005,19.107545755024255,488611000
2023-01-31,19.493684768676758,19.127497873404206,19.64335181995639,18.907986325068734,498017000
2023-02-01,20.89657211303711,19.647346873400746,21.14501874822768,19.56752430206783,660477000
2023-02-02,21.660871505737305,20.953443700486602,21.900339205368454,20.654109551727693,564276000
2023-02-03,21.053220748901367,20.95344207269312,21.696791212168588,20.74290942748652,429366000
2023-02-06,21.04224395751953,20.759870457178742,21.522176520252494,20.73991434273434,452197000
2023-02-07,22.123844146728516,21.33459738007037,22.209653931499272,21.10311135974189,664150000
2023-02-08,22.15576934814453,22.337365045310303,22.82727757872674,21.95920561326959,559651000
2023-02-09,22.287473678588867,22.555878249188314,22.968959875402295,22.07095576094419,523876000
2023-02-10,21.21785545349121,21.641914381705053,22.029052780138088,20.764863390521825,550737000
2023-02-13,21.73969268798828,21.49024697725974,21.99911645552033,20.91552384659178,474919000
2023-02-14,22.920072555541992,21.530159368940577,22.99789874171555,21.318629492503824,675474000
2023-02-15,22.713529586791992,22.499006113761624,22.804327433692144,22.056989406086455,420575000
2023-02-16,21.95322036743164,22.083928543019674,22.50000383331045,21.878385888019974,412026000
2023-02-17,21.34058380126953,21.583045106514625,21.691802710091036,20.928499305845392,465888000
2023-02-21,20.60920524597168,20.953439640659408,21.446343845986352,20.57228662621733,410015000
2023-02-22,20.70798683166504,20.661092053593148,21.05721124102222,20.37572493019937,513184000
2023-02-23,23.611534118652344,23.388031723311734,23.83503841711281,22.97395090605858,1117995000
2023-02-24,23.234373092651367,23.17350941362294,23.421957916477858,22.89612587509221,589716000
2023-02-27,23.44889259338379,23.61751850763343,23.827051978192486,23.401997822738508,452994000
2023-02-28,23.16452980041504,23.320184085898383,23.772180806302725,23.15455174201123,455963000
2023-03-01,22.647676467895508,23.140580708274207,23.204439895549427,22.45809718193452,460026000
2023-03-02,23.262311935424805,22.438144871095187,23.328165597904217,22.382267363825353,389415000
2023-03-03,23.837034225463867,23.268298244670323,23.8470122834048,23.07871895003249,412393000
2023-03-06,23.501781463623047,23.838034225602097,24.19424120106475,23.434928663312892,437429000
2023-03-07,23.240314483642578,23.5516758916116,24.07560049580581,23.193409839893587,515154000
2023-03-08,24.13148307800293,23.438903973884155,24.15044517574278,23.376033256322696,513573000
2023-03-09,23.388011932373047,24.12549713017086,24.403927067293445,23.335119057261018,501257000
2023-03-10,22.9179744720459,23.36106553205838,23.578619542231447,22.679463555166457,474866000
2023-03-13,22.918973922729492,22.705413316762304,23.250294843227117,22.25134506080111,421890000
2023-03-14,24.013729095458984,23.447890629973315,24.169409811888126,23.411963139447696,474910000
2023-03-15,24.17839241027832,23.712347660414334,24.23627231190452,23.312169659954225,524486000
2023-03-16,25.488706588745117,23.977806480435152,25.535609338613927,23.84507746574005,583253000
2023-03-17,25.672327041625977,25.928800789668877,26.34494677671912,25.615442640620632,848547000
2023-03-20,25.846967697143555,25.56255140531931,25.970714347329455,25.07854386503028,432747000
2023-03-21,26.145355224609375,26.126395026788483,26.337960836204616,25.329031245204536,547408000
2023-03-22,26.413803100585938,26.37088997719431,27.532507969585293,26.183275210273973,797295000
2023-03-23,27.135324478149414,27.059479880369732,27.442694389660254,26.635350859477686,564889000
2023-03-24,26.72416877746582,26.975653609349873,27.111374826778054,26.301037139360137,454920000
2023-03-27,26.47667694091797,26.782050151047695,26.944716509158773,26.3110164665487,361026000
2023-03-28,26.355924606323242,26.392849502534016,26.45871435039119,25.7970717555382,356104000
2023-03-29,26.92874526977539,26.77007235480998,27.022552652943062,26.542538581113224,393694000
2023-03-30,27.326929092407227,27.1732450978703,27.4426926938408,27.046504340175957,364516000
2023-03-31,27.720125198364258,27.08442846214019,27.777007695296096,27.049500279209546,433933000
2023-04-03,27.907737731933594,27.45267208283813,27.94266591204821,27.280025990589856,398716000
2023-04-04,27.396785736083984,27.908735793018696,27.94266656976958,27.251084780335454,368592000
2023-04-05,26.825956344604492,26.774062779224042,26.942715439128293,26.340951464980066,515015000
2023-04-06,26.98164176940918,26.52956827718351,27.024552994988376,26.372890149473246,397654000
2023-04-10,27.522531509399414,26.768078927982756,27.564445330206645,26.61439491835625,395279000
2023-04-11,27.113370895385742,27.66723481289394,27.7330996597478,27.070457767266205,314378000
2023-04-12,26.440752029418945,27.313960457156856,27.4117593746922,26.39384737924561,446259000
2023-04-13,26.408811569213867,26.67925655636213,26.831943139385213,26.275087085274208,353615000
2023-04-14,26.703210830688477,26.44973120006375,26.827954885781043,26.166312310977247,395660000
2023-04-17,26.94671058654785,26.510605128627287,26.95070210668743,26.37887544680579,321471000
2023-04-18,27.6103515625,27.476627054688475,28.05244531067526,27.300986821273888,604812000
2023-04-19,27.873809814453125,27.304977218888993,27.94266877758147,27.176241641344223,358660000
2023-04-20,27.048505783081055,27.614344310836643,27.97261043062013,26.944718627373295,427713000
2023-04-21,27.0634708404541,26.896812971013922,27.127340875735126,26.66728437395246,345103000
2023-04-24,26.986629486083984,26.957689535565127,27.309965480209698,26.61638884445198,339282000
2023-04-25,26.18726921081543,27.02255529680181,27.191209883551597,26.17130312906319,378527000
2023-04-26,26.900802612304688,26.946709851264895,27.27403733509567,26.65031712353252,406337000
2023-04-27,27.170255661010742,27.30697619433551,27.438705899036655,26.57048635253724,377161000
2023-04-28,27.692184448242188,27.1692571711631,27.70116489389645,27.015571252856407,292216000
2023-05-01,28.85080337524414,27.782994624988884,28.998501044313812,27.7231180146928,570329000
2023-05-02,28.15223503112793,28.621273856351937,28.776954560836412,28.025496178380074,402730000
2023-05-03,27.745073318481445,27.782995617159955,28.30891697061435,27.415749094927655,383387000
2023-05-04,27.505563735961914,27.594380294690612,27.801954572191782,27.184222567509938,321850000
2023-05-05,28.621273040771484,27.769021662211923,28.696118323225086,27.674216876393494,361494000
2023-05-08,29.091306686401367,28.463594976478973,29.160165639021326,28.291948200428276,344979000
2023-05-09,28.512495040893555,28.83982442392339,28.91367230214077,28.391744423620203,314869000
2023-05-10,28.825857162475586,28.94561039227481,29.053390963914687,28.402725530757564,369350000
2023-05-11,28.519481658935547,28.8368313012262,28.890721581405018,28.188162647959096,322149000
2023-05-12,28.281972885131836,28.470585077894096,28.721072500751447,27.988574237391727,274222000
2023-05-15,28.89371681213379,28.449628270125718,28.90968479771039,28.09435819789657,293926000
2023-05-16,29.15318489074707,28.781946830273363,29.808841156723194,28.77296638486964,449405000
2023-05-17,30.116207122802734,29.523423532319487,30.137164031905737,29.369739532230806,432535000
2023-05-18,31.613136291503906,30.347732971846412,31.76282877397273,30.257917101676483,748725000
2023-05-19,31.19998550415039,31.471427932457345,31.515338464823536,30.85269847604877,473908000
2023-05-22,31.112167358398438,30.83772890145582,31.45546287720747,30.617182635048753,372000000
2023-05-23,30.625167846679688,30.93652931908374,31.22393976257645,30.568285342667394,356253000
2023-05-24,30.4754695892334,30.14814019154648,30.54432854642124,29.74496810397816,721419000
2023-05-25,37.9022331237793,38.44412056648187,39.39916178020132,36.55998587698389,1543911000
2023-05-26,38.86625671386719,37.812419131021514,39.08979709643769,37.47311513309701,714397000
2023-05-30,40.02886962890625,40.5118797580755,41.85212836748926,39.86720258532556,923401000
2023-05-31,37.756534576416016,39.40714734389047,40.212494220771234,37.7445581109248,1002580000
2023-06-01,39.68856430053711,38.41018533563602,39.967989732477896,38.261492175606385,635873000
2023-06-02,39.24647521972656,40.01489905431234,40.41707376526735,38.97802500871207,482731000
2023-06-05,39.09079360961914,38.82932905392205,39.48398404045427,38.627743010740026,396094000
2023-06-06,38.574859619140625,38.75050177628396,39.07982415887529,38.06989507940597,388729000
2023-06-07,37.402130126953125,38.83933255229278,39.422196626647725,37.28336203456749,511998000
2023-06-08,38.435123443603516,37.650652361661095,38.78843525380602,37.43208020342754,417772000
2023-06-09,38.694618225097656,38.96109737948555,39.6337866781629,38.492013810296655,427717000
2023-06-12,39.40522384643555,39.123774523483576,39.45313084322556,38.54290551877419,388701000
2023-06-13,40.942237854003906,40.107864800357326,41.0210866253636,39.66273283742683,613208000
2023-06-14,42.91341018676758,40.74463443107391,42.91640270965308,40.47316006488062,740465000
2023-06-15,42.570068359375,42.51916882992291,43.20483334915505,42.065051672698964,568622000
2023-06-16,42.6089973449707,43.36552302344678,43.635996039851086,42.57805557607221,655709000
2023-06-20,43.72282409667969,42.914401391724816,43.90447325497645,42.591030025374586,451153000
2023-06-21,42.96131134033203,43.41642607769267,43.530206665673255,41.9981911201456,551603000
2023-06-22,42.941349029541016,42.170846843287116,43.341566542076215,42.15188658669768,417737000
2023-06-23,42.12693405151367,42.38143932936339,42.725765968157205,41.9333109957247,358140000
2023-06-26,40.553001403808594,42.37844394803587,42.68085624285854,40.02203424973249,594322000
2023-06-27,41.79458236694336,40.71967665079335,41.85845711307234,40.36936115095312,462175000
2023-06-28,41.03705596923828,40.58094379252524,41.76364114383004,40.43922159164072,582639000
2023-06-29,40.74263000488281,41.47719909021722,41.51911724853508,40.52106150883683,380514000
2023-06-30,42.219757080078125,41.59896849845373,42.46727602955201,41.420315646901514,501148000
2023-07-03,42.330528259277344,42.434326127886784,42.81458581035407,42.11994000015232,198209000
2023-07-05,42.2347297668457,42.053080590984536,43.09305457985884,42.003178561095986,323618000
2023-07-06,42.02114486694336,41.76264953628558,42.09699732253943,41.265616640980895,303582000
2023-07-07,42.42035675048828,42.239708925322894,43.12997664792233,42.097986731680244,355881000
2023-07-10,42.09798812866211,42.57406186731793,42.72776176918797,41.56801853142634,353908000
2023-07-11,42.32253646850586,42.398388889335216,42.674850651424414,41.985196314153384,298244000
2023-07-12,43.81663513183594,42.94932537767914,43.84957190915323,42.693822639384614,481277000
2023-07-13,45.88760757446289,44.43144469055369,46.06525908080091,44.405494267990946,478204000
2023-07-14,45.3806037902832,46.492436437565786,47.99451157705396,44.97239854645831,772075000
2023-07-17,46.37066650390625,46.1990038397671,46.40559830268811,45.1740001632929,510488000
2023-07-18,47.40165328979492,46.6101959109385,47.80287207706954,45.64507706670889,569164000
2023-07-19,46.9854621887207,47.37171073363014,47.7250225002053,46.65111448328101,427502000
2023-07-20,45.431488037109375,46.41656835473567,46.99544238777774,44.974378423082534,537865000
2023-07-21,44.22283935546875,45.69896353449378,45.77681478765064,44.01424612102242,963769000
2023-07-24,44.5252571105957,44.644025212328465,45.02129240158318,43.95437069346409,382516000
2023-07-25,45.59019088745117,44.85362675642214,46.09320880823953,44.83566019898798,348081000
2023-07-26,45.36362838745117,45.93152233751283,45.96346161310325,44.54322798421179,364237000
2023-07-27,45.810760498046875,46.42855649018283,47.302852779891246,45.66105061247082,455976000
2023-07-28,46.65910720825195,46.577265904182916,46.93556908272483,46.2908251472219,331194000
2023-07-31,46.63813781738281,46.6630907290073,47.038359066996236,46.415571856481925,251055000
2023-08-01,46.41657638549805,46.369666884333206,46.8088138287661,45.93751010661882,237858000
2023-08-02,44.18292999267578,45.74189331269121,45.75087468728102,43.302644871740895,530142000
2023-08-03,44.4284553527832,43.714845270967245,45.03028366723633,43.714845270967245,324176000
2023-08-04,44.5931282043457,44.897535492129286,45.55325576078865,44.30668747221976,362666000
2023-08-07,45.328697204589844,45.02329239286848,45.45145915668349,44.47635751419299,322154000
2023-08-08,44.57715606689453,44.76578774990283,45.154031311172126,43.970336566145846,353843000
2023-08-09,42.47126770019531,44.18792110075107,44.22584923169371,42.052082281111176,586449000
2023-08-10,42.30559158325195,42.07803421130193,43.48928663606157,41.75366530069566,492705000
2023-08-11,40.77556610107422,41.66982393739307,41.936306917018776,40.55998646089097,533085000
2023-08-14,43.66792678833008,40.407280716905284,43.71483628671642,40.2326217412967,690286000
2023-08-15,43.85457229614258,44.4733696589914,45.17999337738196,43.625019909517064,676512000
2023-08-16,43.40144729614258,44.43343721611258,44.588134620821634,43.321601018047524,527451000
2023-08-17,43.259727478027344,43.88450979004493,43.97632996907339,42.91739206244817,452395000
2023-08-18,43.214813232421875,42.55210279035976,43.4932701006516,41.57900001272248,583768000
2023-08-21,46.87568283081055,44.407491420923556,46.97349186656967,44.13602090022551,692573000
2023-08-22,45.57920455932617,48.041406896438666,48.09330773941367,45.24485683130546,755293000
2023-08-23,47.0244026184082,45.776832751180166,47.10823894798695,45.120111028865615,779046000
2023-08-24,47.0713005065918,50.11836604551162,50.16826807045973,47.06731047667301,1156044000
2023-08-25,45.92852783203125,46.92059466008382,47.71205208326433,44.936457196698406,925341000
2023-08-28,46.74394226074219,46.39162792536596,46.88866080793937,44.80072902830529,685192000
2023-08-29,48.689144134521484,46.57526237156326,48.98556752704201,46.30079556232575,701397000
2023-08-30,49.168209075927734,48.94863563426867,49.829918115562,48.33083976005429,735206000
2023-08-31,49.259033203125,49.283986115794846,49.64727676684107,48.86280577339296,528570000
2023-09-01,48.4146842956543,49.665250288293905,49.70317460901009,48.04839726391632,463830000
2023-09-05,48.45360565185547,48.1292368066892,48.75601791251672,47.76694364415611,382653000
2023-09-06,46.973365783691406,48.350797071158595,48.45859385625443,46.49326248710991,468670000
2023-09-07,46.15489959716797,45.44023319735737,46.257708449088824,45.067926633125616,433330000
2023-09-08,45.48713684082031,45.8564505879392,46.51921177692775,45.18669865684588,473069000
2023-09-11,45.093875885009766,46.06206706824175,46.077038527672016,44.22948732817348,473966000
2023-09-12,44.78644561767578,44.6546914479524,45.587951736657104,44.44807617569655,349256000
2023-09-13,45.400306701660156,44.51695245570367,45.84447779885845,44.4201329496468,398355000
2023-09-14,45.496124267578125,45.864436629731664,45.90136648262812,45.04696145729557,370097000
2023-09-15,43.8182487487793,45.25656332752661,45.514082288276775,43.726417212467545,506831000
2023-09-18,43.88412857055664,42.66839815481211,44.15961559349167,41.921789942113186,500271000
2023-09-19,43.43896484375,43.751381753727316,43.88413352477652,42.92192782259573,373064000
2023-09-20,42.16034698486328,43.51881278602881,43.82124998391259,42.14437793528599,367108000
2023-09-21,40.94062042236328,41.505568360727295,42.021603947761406,40.903690569058845,450736000
2023-09-22,41.53252029418945,41.494589042058344,42.0365810200349,41.154224400495224,479236000
2023-09-25,42.14337921142578,41.51355366859355,42.4567936946112,41.1003231092512,419091000
2023-09-26,41.832950592041016,41.92278314195725,42.740258203916966,41.57742680988832,402282000
2023-09-27,42.388919830322266,42.2511801171412,42.79217068875673,41.55148521974545,444935000
2023-09-28,43.00876998901367,42.380939557902295,43.3651037098535,42.03658452900842,424663000
2023-09-29,43.41799545288086,43.74538375843628,44.06179477214428,43.22635166055895,397830000
2023-10-02,44.698612213134766,43.948009813372195,45.09087814744479,43.77932579033049,433298000
2023-10-03,43.43596649169922,44.7245629218231,45.045965740925496,43.16547120468859,470850000
2023-10-04,43.958988189697266,43.6605451941074,44.06079943552314,43.21138241263282,361821000
2023-10-05,44.60478591918945,43.967973455641534,44.816392949836604,43.80627636575413,393483000
2023-10-06,45.67679214477539,44.110713380697035,45.70374229719828,43.944024517632684,434436000
2023-10-09,45.18869400024414,44.75849682767498,45.52007649973999,44.28538045832398,409675000
2023-10-10,45.71272277832031,45.22563248789511,46.17286291728584,45.00404573819931,368582000
2023-10-11,46.71883773803711,46.109973069324404,46.77174044276166,45.964245041548175,378137000
2023-10-12,46.85758590698242,46.68989946190785,47.52035097000379,46.243733198035265,481325000
2023-10-13,45.37635040283203,46.87255982126832,47.02827139098628,45.19568766753486,474115000
2023-10-16,46.0091667175293,44.97908693457242,46.13892190023753,44.82836714020883,375099000
2023-10-17,43.8561897277832,43.91807456153945,44.670672271855,42.40090425613856,812333000
2023-10-18,42.11742401123047,42.51168892025405,43.13852165493323,41.74711648202066,627294000
2023-10-19,42.022613525390625,42.731290656514126,43.21638582989178,41.80401951663401,501233000
2023-10-20,41.3099365234375,41.81199826924351,42.39092011000652,41.00150997673177,477266000
2023-10-23,42.89497375488281,41.15222663549808,43.16746801501632,40.86875508234883,478530000
2023-10-24,43.58169174194336,42.996784415979555,43.615628825296106,42.611505424258,401463000
2023-10-25,41.701194763183594,43.31717919967115,43.56871261388239,41.47761289063423,398379000
2023-10-26,40.250911712646484,41.77506880872993,42.177318286010724,39.80574303401105,541001000
2023-10-27,40.424583435058594,41.053411354619094,41.1292700454015,39.94048596248548,416784000
2023-10-30,41.08435821533203,41.01049849985918,41.68823125867914,40.405624059194345,388028000
2023-10-31,40.70405578613281,40.374672312145435,40.802874255163,39.15694305189198,517969000
2023-11-01,42.24618911743164,40.807870455778854,42.30208459844571,40.79289899587781,437593000
2023-11-02,43.42498779296875,43.247317846401735,43.802282272530825,42.814127888386025,409172000
2023-11-03,44.92119598388672,43.93802957100558,45.22462694220357,43.64158173973637,424610000
2023-11-06,45.665802001953125,45.2006701825068,45.84946127643141,44.815387407221024,400733000
2023-11-07,45.86942672729492,45.63386613375853,46.131933661639785,45.07390997743288,343165000
2023-11-08,46.48727798461914,46.014157765591044,46.77973167159943,45.882403587242706,346719000
2023-11-09,46.862579345703125,47.37861498022088,48.14019475321026,46.662950986381574,540496000
2023-11-10,48.24500274658203,47.41155837114357,48.38174869797084,47.19496335402622,421245000
2023-11-13,48.52946472167969,48.230024106474055,49.02454332437156,48.00943495548385,384136000
2023-11-14,49.563533782958984,49.58749116388393,49.74120373030796,48.948683517262864,416954000
2023-11-15,48.79696273803711,49.8420139297863,49.86696509098912,48.11024418489581,475497000
2023-11-16,49.38786697387695,48.58835975878918,49.43278516309001,48.24001057724096,339756000
2023-11-17,49.20620346069336,49.43178055903223,49.62442196935827,48.915744960766254,325205000
2023-11-20,50.31513595581055,49.22017851068948,50.453877068941594,49.08942192234672,414120000
2023-11-21,49.85099792480469,50.03265822480747,50.42292897370047,49.130342262240724,565747000
2023-11-22,48.62528991699219,49.759176257408164,50.24127480470822,47.601199364673555,899420000
2023-11-24,47.68703842163086,48.37974638442562,48.829906801279186,47.656094105123046,294645000
2023-11-27,48.15217208862305,47.7109937696309,48.43963402417859,47.56327053938668,395662000
2023-11-28,47.73195266723633,48.146180818273855,48.233020614585215,47.38460109717888,401491000
2023-11-29,48.050357818603516,48.288914999950215,48.67120123627393,47.7708804254883,382005000
2023-11-30,46.68290710449219,47.934569759213595,48.0204119586937,46.33555556358415,526247000
2023-12-01,46.677921295166016,46.43837031596677,47.11211268040661,46.10099843511436,369317000
2023-12-04,45.425254821777344,45.99120035967438,45.99120035967438,44.926185864436995,437543000
2023-12-05,46.48338317871094,45.38533254496545,46.517319443047896,45.19067882409736,371718000
2023-12-06,45.42225646972656,47.13122044302318,47.302916124514056,45.33141833887503,380590000
2023-12-07,46.51332092285156,45.618910872891085,46.54626331215597,45.52308054469381,350823000
2023-12-08,47.421714782714844,46.512331790887266,47.656298452065116,46.467409650322935,359224000
2023-12-11,46.54426956176758,47.40673880790064,47.446664942684954,45.74868658721169,509728000
2023-12-12,47.572444915771484,45.96430321028968,47.581427820158346,45.96430321028968,372387000
2023-12-13,48.00267791748047,47.54449269431196,48.50778063121328,47.52353004634861,447792000
2023-12-14,48.26420211791992,48.3041320524151,48.58363397802505,47.33785124678629,391232000
2023-12-15,48.803253173828125,48.10848894942567,49.31634111544804,48.034618938742405,479948000
2023-12-18,49.9881477355957,49.31235079913167,50.34351507731144,49.062794375670336,412587000
2023-12-19,49.51598358154297,49.33630266590499,49.61181391094036,48.80824198487287,464444000
2023-12-20,48.025634765625,49.5668939044448,49.91028529819524,48.012657344636494,397894000
2023-12-21,48.903079986572266,48.72439672866285,49.00789323083867,48.33309014213933,300425000
2023-12-22,48.74335479736328,49.10770498591239,49.29537111268927,48.380996155276534,252507000
2023-12-26,49.19156265258789,48.88111364335506,49.51199224313979,48.87312841671405,244200000
2023-12-27,49.32931900024414,49.42315398247824,49.59185284551433,48.997907338293054,233648000
2023-12-28,49.43412780761719,49.55491529927827,49.795484989479434,49.324322381717465,246587000
2023-12-29,49.43412780761719,49.72461182444803,49.90828725509975,48.66449595698359,389293000
2024-01-02,48.08253479003906,49.156625856562634,49.20753405733888,47.510553413556266,411254000
2024-01-03,47.484596252441406,47.40074566328975,48.09850289557728,47.23603751691528,320896000
2024-01-04,47.912845611572266,47.68225263678446,48.4139538933309,47.423713267882654,306535000
2024-01-05,49.00988006591797,48.37600851565981,49.459082326064205,48.22028328844258,415039000
2024-01-08,52.16028594970703,49.424151981929796,52.18225008334284,49.39120958940494,642510000
2024-01-09,53.04571533203125,52.30802809263291,54.22861420741035,51.598287244233845,773100000
2024-01-10,54.253562927246094,53.52086794542818,54.50311934146144,53.39409057576156,533796000
2024-01-11,54.724727630615234,54.9014155282273,55.247799966123495,53.46496957614301,596759000
2024-01-12,54.6129264831543,54.523086018906326,54.87246729450568,54.23360346337735,352994000
2024-01-16,56.28196334838867,54.920385030235444,56.734158722808395,54.80259436306696,449580000
2024-01-17,55.95354461669922,56.24702168282456,56.37080221365978,54.642874592370525,474394000
2024-01-18,57.00567626953125,57.15840468720761,57.49780159403606,56.00745052096862,491650000
2024-01-19,59.38544845581055,57.88611068736901,59.394431360297894,57.12346628511491,543501000
2024-01-22,59.548160552978516,59.94246019662586,60.22396136186126,58.96519705770333,452955000
2024-01-23,59.76677322387695,59.46430941121268,59.803706328736965,58.481056408623395,294654000
2024-01-24,61.25312423706055,60.19700279855746,62.73748534909312,59.831651069260054,560271000
2024-01-25,61.50767135620117,62.239368666397,62.607717226695215,60.742030169454694,482777000
2024-01-26,60.92271041870117,60.85183724757184,61.67337885004867,60.465526677085045,390309000
2024-01-29,62.35417175292969,61.12335769472333,62.378127434562785,60.798937371656514,348733000
2024-01-30,62.66261291503906,62.78839260190601,63.38033889790534,62.14952501071203,410735000
2024-01-31,61.4178352355957,61.33098779929159,62.15851930991276,60.592302887690344,453795000
2024-02-01,62.915164947509766,61.98980787209497,63.07887540719106,61.54060940108073,369146000
2024-02-02,66.0426254272461,63.86049910404713,66.48183961937383,63.57700256861582,476578000
2024-02-05,69.208984375,68.10394628020288,69.37369252800232,67.08575942583846,680078000
2024-02-06,68.1019515991211,69.50645284574946,69.630233381063,66.18236704818828,683111000
2024-02-07,69.97461700439453,68.19777661316522,70.09540449820057,67.48005062301553,495575000
2024-02-08,69.51742553710938,69.9496558671256,70.66837949372972,69.33175856710787,414422000
2024-02-09,72.00502014160156,70.40785287358678,72.05692221360141,70.08742326576261,436637000
2024-02-12,72.11980438232422,72.47117717433613,74.4786104438433,71.12357413495056,613710000
2024-02-13,72.0000228881836,70.2750920169868,73.31967588505927,69.49647717607553,602580000
2024-02-14,73.76889038085938,73.0721307009838,74.10429279758857,71.81037331243682,504917000
2024-02-15,72.52909088134766,73.7379485382384,73.84375566502169,72.27155299901098,420122000
2024-02-16,72.48414611816406,73.96850692718213,74.2699729733596,72.37234535124092,495327000
2024-02-20,69.32877349853516,71.81934169951924,71.82832841143384,67.61381946264177,704833000
2024-02-21,67.35228729248047,67.88533642606332,68.76577530674938,66.13045996080022,673755000
2024-02-22,78.3986587524414,74.89189108055353,78.43558804957509,74.08831901858908,865100000
2024-02-23,78.6771469116211,80.64664555528343,82.24779566972408,77.43235796782388,829388000
2024-02-26,78.95166778564453,79.55858308487059,80.5029113343283,78.36570371037314,503973000
2024-02-27,78.56135559082031,79.24014935736925,79.33898034064636,77.0250924240117,391705000
2024-02-28,77.52519989013672,77.48227691873889,78.7929431019633,76.98815248522881,393110000
2024-02-29,78.97163391113281,78.95366810218512,79.84807446200602,78.2109848648127,507289000
2024-03-01,82.13300323486328,79.85804776923267,82.15396968894088,79.29404786978826,479135000
2024-03-04,85.08575439453125,83.98071640863849,87.5393930852347,83.57045019844777,615616000
2024-03-05,85.81549835205078,85.12269695886387,85.94827183043155,83.27290109267872,520639000
2024-03-06,88.54676055908203,87.86993807352297,89.56899358821315,86.87964744648528,582520000
2024-03-07,92.50891876220703,90.00225477502153,92.60674904676837,89.44721547430589,608119000
2024-03-08,87.37680053710938,94.97365533037919,97.23174889760968,86.35656281212522,1142269000
2024-03-11,85.62582397460938,86.27969121669621,88.64359662209651,84.02060015441661,678364000
2024-03-12,91.75422668457031,87.8969031445505,91.80114256968415,86.0011815049168,668075000
2024-03-13,90.73098754882812,90.89769886633881,91.34592070136199,88.28222228746216,635713000
2024-03-14,87.79208374023438,89.42226608746894,90.48941971581641,86.4504036300163,602318000
2024-03-15,87.68526458740234,86.77983369344113,89.39131202190967,86.10799973550625,642086000
2024-03-18,88.30219268798828,90.23185202169164,92.24536587684682,86.9345566695886,668976000
2024-03-19,89.24356842041016,86.55022352343148,90.38758481674583,84.86314816147532,672171000
2024-03-20,90.21588897705078,89.64187768825083,90.25382534481801,88.07059918494765,479063000
2024-03-21,91.27703857421875,92.14054972284487,92.48794810720764,90.24881917443113,480372000
2024-03-22,94.12611389160156,90.9835495525749,94.61426754269417,90.67708069798141,586719000
2024-03-25,94.837890625,93.77872640232121,96.59884339661212,93.3484711637127,552136000
2024-03-26,92.4011001586914,95.68541767838448,96.20851455285562,92.34220396856466,513648000
2024-03-27,90.09410095214844,92.95115660792449,93.07893385392306,88.96904884364167,586067000
2024-03-28,90.19991302490234,89.8445252112995,91.1422825108375,89.03892009399118,435212000
2024-04-01,90.20690155029297,90.14301673764523,92.06568455405531,89.0499070749777,452441000
2024-04-02,89.2974624633789,88.29519159294945,89.93835161134503,87.46862677190417,433064000
2024-04-03,88.81031799316406,88.33115142365672,90.21788597554938,88.24729689318218,370067000
2024-04-04,85.756591796875,90.24981545155312,90.47742601324012,85.73163346290652,434965000
2024-04-05,87.85597229003906,86.71593914747515,88.32815477151372,85.77756814573236,399678000
2024-04-08,86.98247528076172,88.54676191015398,88.67654220104028,86.58216705957724,283220000
2024-04-09,85.20654296875,87.29094090122678,87.4836082761363,82.87857850073121,501700000
2024-04-10,86.88864135742188,83.78102010903869,87.24901778988773,83.56439211342133,431929000
2024-04-11,90.45945739746094,87.2689793680449,90.58224601063488,86.77583708331596,431637000
2024-04-12,88.03366088867188,89.54404775764081,90.01923104025528,87.37879585703206,426805000
2024-04-15,85.85242462158203,88.94407438415881,90.45645646962656,85.78055040974887,443077000
2024-04-16,87.26399993896484,86.28369399477991,87.96578088273147,85.91533573267348,370453000
2024-04-17,83.88983154296875,88.18738725935935,88.62164096734257,83.80497167986917,495400000
2024-04-18,84.52471923828125,84.82320627802973,86.0410998135889,82.25964198597137,447260000
2024-04-19,76.068359375,83.00635763015296,84.17832549176838,75.47539137545536,875198000
2024-04-22,79.38063049316406,77.96907171420484,79.93467203595871,76.26802061217705,596341000
2024-04-23,82.28060913085938,80.62946711947102,82.62601207910251,80.12534225900131,438559000
2024-04-24,79.53936004638672,83.80497344877082,83.93674919660243,79.0462101404743,512208000
2024-04-25,82.48925018310547,78.73174524823247,83.17905069622672,78.08786289005887,424641000
2024-04-26,87.58345031738281,83.67321658546781,88.17842147858853,83.2429613231266,551011000
2024-04-29,87.60541534423828,87.44369261843626,87.84000240637579,85.11871327693655,388971000
2024-04-30,86.25273895263672,87.08928872900789,88.66556334587189,86.15091777999787,363709000
2024-05-01,82.89754486083984,84.93003072487383,85.85143274518,81.11462711525115,559863000
2024-05-02,85.66874694824219,84.30310641773906,86.08801954331209,83.05626359727954,377898000
2024-05-03,88.63560485839844,87.63733251164281,89.12675162372764,86.88962597555546,398341000
2024-05-06,91.98082733154297,89.23557796278553,92.06069095925291,88.90115758999175,376203000
2024-05-07,90.3975601196289,90.94061902784969,91.62243773928878,88.8572265315021,437342000
2024-05-08,90.25582122802734,89.32842516703573,91.03646805439529,89.26553046184982,325721000
2024-05-09,88.59368896484375,90.37260819958134,90.91466942223298,88.07858152551931,378013000
2024-05-10,89.72272491455078,90.14898917811553,91.24309639621146,89.07284860877868,335325000
2024-05-13,90.24283599853516,90.32169428450598,90.84080023922876,88.37606371894472,289680000
2024-05-14,91.19818115234375,89.44421267221655,91.49266969851776,88.78036057605543,296507000
2024-05-15,94.46653747558594,92.31226797545344,94.69813898318716,91.44077486128403,417735000
2024-05-16,94.19600677490234,94.74605748352667,95.65348387790415,93.94044465961885,323952000
2024-05-17,92.31924438476562,94.20598653059943,94.57634022771545,91.64741042469609,359691000
2024-05-20,94.61626434326172,93.58804490846175,95.03553695656012,93.27858287715311,318764000
2024-05-21,95.22122192382812,93.43730641374981,95.23519767784772,93.01903151729087,328946000
2024-05-22,94.78595733642578,95.29408064750574,95.85410845473368,93.08789965048524,548648000
2024-05-23,103.61969757080078,101.85175314144693,106.1363388077003,101.34462744914427,835065000
2024-05-24,106.28507232666016,104.2685576920773,106.29105867121642,102.82206339543845,429494000
2024-05-28,113.70423126220703,110.05355122917427,114.74044007562202,109.69317481392171,652728000
2024-05-29,114.62663269042969,112.8547051589029,115.29248024146612,110.70941556106891,557442000
2024-05-30,110.3091049194336,114.45193707992216,115.61891628592592,109.47355289556607,484553000
2024-05-31,109.443603515625,112.32560941345422,112.52227529514084,106.75525509489461,613263000
2024-06-03,114.80134582519531,113.42473014133537,114.80134582519531,111.80952128063097,438392000
2024-06-04,116.23585510253906,115.51610755402032,116.39857553569502,113.8479889155611,403324000
2024-06-05,122.22848510742188,118.16651413530396,122.2374646244509,117.26507420610801,528402000
2024-06-06,120.78897857666016,123.83370517037008,125.3700480295792,118.11560338652608,664696000
2024-06-07,120.67916107177734,119.56308862810559,121.481772978908,117.81811489560457,412386000
2024-06-10,121.57960510253906,120.16206002224595,122.88733960177423,116.80786391189227,313434100
2024-06-11,120.71104431152344,121.56962216023484,122.66781818606155,118.54460929253459,222551200
2024-06-12,124.99398803710938,122.85750988511934,126.67122400488891,122.36831828276222,299595000
2024-06-13,129.396728515625,129.1770893049594,129.5864183097163,126.9507630154097,260704500
2024-06-14,131.6630096435547,129.74617063783822,132.6214215295718,128.10886970168357,309320400
2024-06-17,130.76446533203125,132.7711675834259,133.50994014798042,129.36677515556565,288504400
2024-06-18,135.35690307617188,130.92420671975586,136.10566894087242,130.47495024767164,294335100
2024-06-20,130.5648193359375,139.56998250489207,140.5283944338281,129.30689796657785,517768400
2024-06-21,126.36173248291016,126.91083052082259,130.4150570517715,124.09547105255645,649445800
2024-06-24,117.91564178466797,123.03719724453093,124.2551908621237,117.8457572795687,476060900
2024-06-25,125.88251495361328,121.00056206941291,126.29184395373642,119.1236583558784,414192600
2024-06-26,126.1920166015625,125.92245660772097,127.9091800288474,122.39826626608301,362975900
2024-06-27,123.78596496582031,123.89578456364109,126.20198850103736,122.7177260189782,252571700
2024-06-28,123.33671569824219,124.3750052910358,127.49985213027985,122.54801473015355,315516700
2024-07-01,124.09546661376953,123.26683055595603,124.63457133754859,118.63446631453066,284885500
2024-07-02,122.4681396484375,120.93067286767031,123.20692743216773,120.8308389451457,218374000
2024-07-03,128.06890869140625,121.45980705227005,128.06890869140625,121.16029766804549,215749000
2024-07-05,125.6229476928711,127.17039258704797,128.63798252741702,125.47319299554034,214176700
2024-07-08,127.98902893066406,127.28019823232947,130.55480700867955,126.83094180644568,237677300
2024-07-09,131.16383361816406,130.13552958791902,133.59982130546845,128.4383145629174,285366600
2024-07-10,134.68801879882812,133.80946190177127,134.87770860466375,132.20211043348235,248978600
2024-07-11,127.19035339355469,135.5266111960585,135.92594686670037,126.84093087332322,374782700
2024-07-12,129.02734375,128.04894535138322,131.70292655352904,127.01066335258953,252680500
2024-07-15,128.22862243652344,130.3451285738783,131.173764430254,126.97069394754185,208326200
2024-07-16,126.15208435058594,128.2286636887716,128.82766729187324,124.37501443079199,214769500
2024-07-17,117.79585266113281,121.15032459946838,121.64950188056783,116.52794571855017,390086200
2024-07-18,120.8907470703125,121.64949865015035,122.19859669151471,116.36820224234275,320979500
2024-07-19,117.7359390258789,120.15195493467543,121.39989798056288,117.17686297871009,217223800
2024-07-22,123.33671569824219,120.15196240961751,123.86584236392231,119.66277083791101,258068900
2024-07-23,122.38827514648438,122.57796493987696,124.48482570104972,121.89908357161131,173911000
2024-07-24,114.06200408935547,118.9739065074374,119.75262181556741,113.25333936427286,327776900
2024-07-25,112.09524536132812,112.85399693651604,116.43808604158575,106.12508953993542,460067000
2024-07-26,112.87394714355469,115.998801321254,116.00877938122822,111.39638688236367,293399100
2024-07-29,111.4063720703125,113.50292255867154,116.08865698961546,111.1168559757427,248152100
2024-07-30,103.5593032836914,111.33647720819822,111.80570498592243,102.37125913301429,486833300
2024-07-31,116.82743072509766,112.71421539482289,118.1452582531107,110.6975352036146,473174200
2024-08-01,109.03028869628906,117.3365974252001,119.96227450650746,106.63423649015627,523462300
2024-08-02,107.09347534179688,103.58925680976456,108.54109382170915,101.20319035397925,482027500
2024-08-05,100.28470611572266,91.90851250035082,103.239842127859,90.5407717150732,552842400
2024-08-06,104.07846069335938,103.6691316762756,107.5327664843651,100.38455194570304,409012100
2024-08-07,98.74723815917969,107.6325862976113,108.6209626457341,98.52759897070796,411440400
2024-08-08,104.7972640991211,101.83215026963444,105.32639072006307,97.35951914167633,391910000
2024-08-09,104.57762908935547,105.46616394434741,106.42458330646772,103.25980151433504,290844200
2024-08-12,108.84061431884766,106.14505996593543,110.88724428013212,106.08516112777683,325559900
2024-08-13,115.94889068603516,112.25498209343158,116.03874655153282,111.39639661656214,312646700
2024-08-14,117.88569641113281,118.3349528711921,118.40483737868666,113.88229289564154,339246400
2024-08-15,122.65784454345703,118.56459228097263,123.03721654252207,117.27671395628101,318086700
2024-08-16,124.375,121.73934484458584,124.79430704362497,120.98059332504539,302589900
2024-08-19,129.7860870361328,124.0754979878485,129.7860870361328,123.21691249503145,318333600
2024-08-20,127.04061126708984,128.18871285893894,129.6662885004724,125.68284852553639,300087400
2024-08-21,128.28855895996094,127.11050029285343,129.13716641620366,126.45159025428316,257883600
2024-08-22,123.536376953125,129.80604926899383,130.5348437487765,122.89743071735391,376189100
2024-08-23,129.1571044921875,125.65288601497598,129.38673697357257,125.01393980516215,323230300
2024-08-26,126.25190734863281,129.35679802537265,131.04400430992783,124.16535012958609,331964700
2024-08-27,128.08889770507812,124.84424526829238,128.98741074794592,123.67616460225028,303134600
2024-08-28,125.40331268310547,127.90917706049713,128.118838213882,122.43819852070378,448101100
2024-08-29,117.3965072631836,121.16030816238968,124.22525631015377,116.51795800585043,453023300
2024-08-30,119.17357635498047,119.33330911013266,121.54965726206557,117.02711271158417,333751600
2024-09-03,107.8222885131836,115.8191103772934,116.01877823521122,107.1134577156826,477155100
2024-09-04,106.03524017333984,105.23656107081584,113.08362114689852,103.94868273468121,372470300
2024-09-05,107.03359985351562,104.81725133789038,109.46958760825204,104.58763403652246,306850700
2024-09-06,102.6607894897461,107.86221523834789,107.97203483673319,100.78387825686288,413638100
2024-09-09,106.2947998046875,104.7074122640328,106.37466998895037,103.5193756446925,273912000
2024-09-10,107.92211151123047,107.63258781478571,109.21997530676359,104.77729355808466,268283700
2024-09-11,116.71762084960938,109.20999122026392,116.99715887318843,107.24323176128858,441422400
2024-09-12,118.9541244506836,116.65770972299038,120.60155174511642,115.19998843977761,366052700
2024-09-13,118.91419219970703,118.89422675312926,119.77285113489948,117.4165323291377,238358300
2024-09-16,116.59781646728516,116.60780299971084,117.99563392468083,114.18159360974668,248772300
2024-09-17,115.40966796875,117.98564481894722,118.61466685067687,114.65085910577872,231925900
2024-09-18,113.19313049316406,115.70919560695407,117.51636932909096,113.04336298957726,310318900
2024-09-19,117.68611907958984,117.16692604230532,119.47332749554481,117.06708357128667,293506400
2024-09-20,115.81903839111328,116.87738233881377,118.43495389707196,115.2099893901744,382462400
2024-09-23,116.07862854003906,116.36817703420066,116.80748542405605,114.68081111279044,206228500
2024-09-24,120.68143463134766,116.33821493002908,121.60998405209612,115.19999404233639,354966800
2024-09-25,123.31731414794922,121.82963321276459,124.74508350925583,121.42027681497308,284692900
2024-09-26,123.84648895263672,126.6021852727835,127.47082313052574,121.609985658202,302582900
2024-09-27,121.21060943603516,123.7765997601264,123.83650371853182,119.07394858799772,271009200
2024-09-30,121.25053405761719,118.12541254893574,121.3104380091603,117.96566613899036,226553700
2024-10-01,116.81747436523438,121.5800295838127,122.2489901408394,115.60936293760753,302094500
2024-10-02,118.66458129882812,116.25834508658102,119.19375323018366,114.96037016184738,221845900
2024-10-03,122.65834045410156,120.73135113827638,124.16598683922703,120.15225416683853,277118000
2024-10-04,124.72511291503906,124.7450859792245,124.84492844767553,121.63993722019764,243678100
2024-10-07,127.52074432373047,124.79500006476454,130.43618698242878,124.7550615549546,346250200
2024-10-08,132.68267822265625,130.0567764001493,133.27175410957346,129.2180905372518,285722500
2024-10-09,132.44305419921875,133.9007832398008,134.31014727855833,131.1750464230449,246191600
2024-10-10,134.59967041015625,131.70420101079952,134.78937641455914,130.79561711338704,242311300
2024-10-11,134.58969116210938,133.8009151704973,135.5681579226704,133.45147037350253,170209500
2024-10-14,137.8546142578125,136.25710420849128,139.38222619629536,136.08737124143596,232347700
2024-10-15,131.3946990966797,137.654906403531,138.3538265330219,128.5391603262797,377831000
2024-10-16,135.5082550048828,133.7709642153392,136.40684475827754,131.37471471629812,264879700
2024-10-17,136.71636962890625,139.12261346955344,140.6701983777905,136.65646567187503,306435900
2024-10-18,137.7847137451172,138.45366668655112,138.6833036103306,137.06583575895257,176090200
2024-10-21,143.48580932617188,137.91451267760561,143.48580932617188,137.78471061125512,264554500
2024-10-22,143.36598205566406,142.68705023422552,144.194689003585,141.55880826832362,226311600
2024-10-23,139.34226989746094,141.80841766733155,142.20778753302577,137.24555525009052,285930000
2024-10-24,140.19094848632812,140.6003124972593,141.12948441968888,138.2439937495604,172354900
2024-10-25,141.31918334960938,140.71013437273555,143.90515439009727,140.5803475394567,205122100
2024-10-28,140.30078125,142.77690797567064,142.9166889544992,139.83151327072179,173586700
2024-10-29,141.02963256835938,140.0711235834401,142.0380513591214,138.68329276437913,157593600
2024-10-30,139.12261962890625,139.32230457284558,140.11108066863528,136.59656776236113,179418100
2024-10-31,132.55288696289062,137.38534807029694,137.39532698555524,131.9039070664443,270039600
2024-11-01,135.1887664794922,134.4898615442038,137.09579048755296,134.36007470728345,207127800
2024-11-04,135.83775329589844,136.9959472521015,138.74321710094807,135.3585064031532,187528200
2024-11-05,139.6917266845703,137.23555788662173,140.151000495864,137.11574997671616,160537400
2024-11-06,145.3828582763672,142.73699820170938,146.26149040756812,141.73855813806702,242043900
2024-11-07,148.64773559570312,146.16161478672652,148.6976454021817,145.94195679227957,207323300
2024-11-08,147.399658203125,148.53787885494532,149.53631855776948,146.03178545046896,175665800
2024-11-11,145.0333709716797,148.44803352101476,148.6177817068004,143.3460203778287,182325600
2024-11-12,148.0586395263672,146.55100082856893,149.41651833977537,145.78219787373922,198634700
2024-11-13,146.0417938232422,148.83742831045777,149.0970171738845,145.67236073742527,191903300
2024-11-14,146.53103637695312,147.40966837696516,148.7675472701728,145.32293261192063,194463300
2024-11-15,141.7584686279297,144.64395883880698,145.01339189876805,139.86143923454313,250132900
2024-11-18,139.9313507080078,139.28237084466085,141.3291757571169,136.93603090489682,221205300
2024-11-19,146.78065490722656,141.09954425974988,146.90047806374457,140.77005724054902,227834900
2024-11-20,145.6623992919922,147.18003223590216,147.32979212988033,142.50732548898966,309871700
2024-11-21,146.44117736816406,149.11700420524105,152.65147472524168,140.4804899844899,400946600
2024-11-22,141.72854614257812,145.70233282975542,146.93042492260167,140.8798813363258,236406200
2024-11-25,135.80780029296875,141.76848775116036,141.82839170792872,135.60811535874635,344941900
2024-11-26,136.70639038085938,137.4851722903331,139.08268223719327,135.45834049580736,190287700
2024-11-27,135.12884521484375,134.7993582371888,137.00591700209634,131.59437486042492,226370900
2024-11-29,138.03433227539062,136.56662423239774,139.13262238748922,135.837767286179,141863200
2024-12-02,138.41372680664062,138.6134117376161,140.23087948399635,137.60499293345052,171682800
2024-12-03,140.04119873046875,138.04431859051348,140.3207607312636,137.73480460641824,164414000
2024-12-04,144.91355895996094,141.77845844597738,145.56253876730494,140.07111960214385,231224300
2024-12-05,144.84368896484375,144.89361745373108,146.3214777724878,143.7353435501018,172621200
2024-12-06,142.22760009765625,144.38438282581114,145.482733396531,141.09928024490165,188505600
2024-12-09,138.60301208496094,138.76277715882475,139.7413115731775,136.92552451749907,189308600
2024-12-10,134.8685760498047,138.80268748950093,141.60850970621567,133.5904709096604,210020900
2024-12-11,139.1022491455078,137.155160163518,139.96096726526153,135.00837248215075,184905200
2024-12-12,137.1351776123047,136.8755708420711,138.23354324797214,135.59748095840345,159211400
2024-12-13,134.04978942871094,138.7327975455873,139.39181692680097,132.34233289302693,231514900
2024-12-16,131.8031463623047,133.9798879813558,134.19956111084232,130.22550081237128,237951100
2024-12-17,130.19554138183594,128.89747709842524,131.39374870651014,126.67080709010266,259410300
2024-12-18,128.7177734375,133.66038896461004,136.49615030817583,128.08870801614657,277444500
2024-12-19,130.485107421875,131.56349862817564,133.8301176053825,129.3568029702355,209719200
2024-12-20,134.49911499023438,129.61640819653473,135.07825184796977,128.02878306565836,306528600
2024-12-23,139.46170043945312,136.0767567466981,139.58151660116854,134.91848306333998,176053500
2024-12-24,140.01089477539062,139.79122163679293,141.6883821217358,138.44322876231024,105157000
2024-12-26,139.72132873535156,139.4916759779926,140.6399702368576,137.52461242783102,116205600
2024-12-27,136.8056640625,138.34337590905767,138.81267619141968,134.50910636621433,170582600
2024-12-30,137.28494262695312,134.628906293037,140.060795108374,133.82011682531788,167734700
2024-12-31,134.08973693847656,137.82416524884428,137.8641141320975,133.63043143330796,155659200
2025-01-02,138.10372924804688,135.79717669922962,138.6728864930968,134.42922472124587,198247200
2025-01-03,144.25454711914062,139.8011917981673,144.6838985290199,139.52161059265686,229322500
2025-01-06,149.2071533203125,148.36840963752263,151.93309314343088,147.599568879649,265377400
2025-01-07,139.93101501464844,152.80179213743568,152.90164910642062,139.80120400217487,351782200
2025-01-08,139.9010467529297,142.36736432306787,143.7353162901366,137.35484666292894,227349900
2025-01-10,135.7073211669922,137.24501786219508,139.71133557177419,134.0198390250661,207602500
2025-01-13,133.03131103515625,129.79615256902926,133.29093305056014,129.31685741876072,204808900
2025-01-14,131.56349182128906,135.84710238324766,136.1766120600162,129.85605059334506,195590500
2025-01-15,136.03684997558594,133.45070049814615,136.24652830000477,131.0942190240699,185217300
2025-01-16,133.3708038330078,138.4332346192246,138.54307117698642,133.2909213149963,209235600
2025-01-17,137.504638671875,136.4861555399997,138.29345383465838,135.25799411499426,201188800
2025-01-21,140.61997985839844,138.95247218370304,141.6184885428412,136.88555189361048,197749000
2025-01-22,146.85067749023438,144.44426793757484,147.56958971587568,143.45573886876412,237651400
2025-01-23,147.00045776367188,144.83369562852502,147.0104373660888,143.50567717742842,155915500
2025-01-24,142.40731811523438,148.14874363197046,148.74785499769604,141.66843136501245,234657600
2025-01-27,118.24340057373047,124.61389107098998,128.20851331467108,116.52596435964819,818830900
2025-01-28,128.7976531982422,121.62835222502514,128.80763280108368,116.07664583818587,579666400
2025-01-29,123.5155258178711,126.31135328562937,126.70077107762197,119.8709750783515,467120600
2025-01-30,124.464111328125,122.91641979157204,124.81358785050304,117.92387627755191,392925500
2025-01-31,119.89094543457031,123.59541198682592,127.65934229890306,119.01226047612725,388161100
2025-02-03,116.48603057861328,114.57887527254843,118.39317826666118,112.84147223806173,371235700
2025-02-04,118.47306060791016,116.78557844108887,121.01925326141507,116.52596404203554,256550000
2025-02-05,124.64383697509766,121.57841571528579,124.81358161777388,120.5799070623436,262230800
2025-02-06,128.4880828857422,127.22996749994309,128.57796024161053,125.02326434711814,251483600
2025-02-07,129.6463623046875,129.02729180363133,130.17557068191934,124.8135839892709,228186300
2025-02-10,133.3708038330078,129.89598286165247,134.79866384787866,129.76618710141213,216989100
2025-02-11,132.60195922851562,132.38228609427233,134.27944654160947,130.82461495038982,178902400
2025-02-12,130.94444274902344,129.826117774307,132.04280851778788,128.8875170693692,160278600
2025-02-13,135.08822631835938,131.36379338160384,136.29642846871295,130.97437562399168,197430000
2025-02-14,138.64292907714844,136.27645326854343,139.04232643389201,135.29791907929888,195479600
2025-02-18,139.19210815429688,141.05932980350207,143.226091877041,137.72429913092634,219176600
2025-02-19,139.02235412597656,139.3019353271886,141.14918241151278,137.01535723812603,167536000
2025-02-20,139.9010467529297,139.8211642330671,140.45022955446439,136.58599074078032,143903600
2025-02-21,134.22952270507812,139.83115735009994,141.24905316966826,133.83012530319377,228217600
2025-02-24,130.08572387695312,136.35635785611953,138.38332947991822,129.88602516626045,251381100
2025-02-25,126.44115447998047,129.78615711570163,130.00583024952502,124.25442559786755,271428700
2025-02-26,131.08421325683594,129.79614381296275,133.53055638167015,128.29838085048883,322553800
2025-02-27,119.9708251953125,134.7986782828192,134.80865788512716,119.83103458283094,443175800
2025-02-28,124.73371124267578,117.8439993429124,124.90345590188022,116.22642004317107,389091100
2025-03-03,113.88990020751953,123.32581202011416,123.51552349340123,112.11255593535711,411381400
2025-03-04,115.81702423095703,110.48499132597254,119.13207287466713,109.9457957033308,398163300
2025-03-05,117.12507629394531,117.40465751759531,118.10361057672029,114.3392360416895,284337900
2025-03-06,110.40510559082031,113.3606904001891,115.17797591196373,110.05562907278994,321181900
2025-03-07,112.5219497680664,111.08409477767312,113.31077256873955,107.39959517379882,341755500
2025-03-10,106.8204574584961,109.73610085349598,111.6831896506324,105.30272006245755,366487400
2025-03-11,108.59780883789062,106.83044416478043,112.0726148635708,104.6137536218378,354865700
2025-03-12,115.57803344726562,113.96030532134075,116.59661034457649,112.72203506897391,323857500
2025-03-13,115.41825103759766,116.86621875800482,117.59520049683546,113.63075517539951,299033100
2025-03-14,121.49972534179688,118.44401014075397,121.70943054003341,117.98465480860956,277593500
2025-03-17,119.36272430419922,122.56823120330081,122.71802281178023,117.86482345684047,255501500
2025-03-18,115.26846313476562,117.83486627342975,118.85343549406599,114.37970924440411,299686900
2025-03-19,117.35552978515625,117.10587965509883,120.2814296141779,115.51810848491796,273426200
2025-03-20,118.36412048339844,116.3868956857552,120.03178155242583,116.30700581426807,248829700
2025-03-21,117.5352783203125,116.77634740953133,117.82487338576216,115.25847035053427,266498500
2025-03-24,121.24009704589844,119.71223179694545,122.04896105750126,119.17298658297102,228452500
2025-03-25,120.5210952758789,120.38129181712452,121.12025404464302,118.75356814650013,167447200
2025-03-26,113.60079956054688,118.5638454632065,118.6736845133834,112.55226594608844,293463300
2025-03-27,111.27405548095703,111.19416561141583,114.28982567832341,110.50513643809545,236902100
2025-03-28,109.51651763916016,111.33397028810096,112.71204388720727,108.9173588485005,229872500
2025-03-31,108.22831726074219,104.98286570130954,110.80470832718389,103.50494125764943,299212700
2025-04-01,109.995849609375,108.36812587384452,110.04577506451116,106.32099936404416,222614000
2025-04-02,110.26546478271484,107.1398479774266,111.82328673498283,106.64054773013802,220601200
2025-04-03,101.65753936767578,103.36514539947606,105.48217369637304,101.45781468579652,338769400
2025-04-04,94.17801666259766,98.7715853475697,99.98987163475934,91.98109847139008,532273800
2025-04-07,97.50335693359375,87.33760304641297,101.60760579690213,86.49878224276449,611041300
2025-04-08,96.16522979736328,103.6647139576977,105.70185986228381,94.3278009423825,476243400
2025-04-09,114.17000579833984,98.75161045127601,114.9389248904037,97.39351305704149,612918300
2025-04-10,107.4194564819336,109.21694044618194,110.70485307181585,99.01124202201945,437812400
2025-04-11,110.7747573852539,108.34815778630501,111.39389245819964,107.32958859529616,313417300
2025-04-14,110.55506896972656,113.95031245540225,114.13006086401796,108.91736463288024,264705000
2025-04-15,112.04297637939453,110.81470199440513,113.46099492172469,110.3453585264742,228966900
2025-04-16,104.3437728881836,104.40369410395131,106.64055727885454,100.30942561460589,397016900
2025-04-17,101.34797668457031,104.3038336607638,104.32380994001926,99.90999694562538,292517500
2025-04-21,96.77438354492188,98.63177356997639,99.3008417327631,94.90699776234818,288501100
2025-04-22,98.75160217285156,98.6417555090913,99.67031279819463,97.14385476914264,241004800
2025-04-23,102.5662612915039,104.37372584399631,104.6533403969428,101.87722447592722,247526000
2025-04-24,106.28105163574219,103.33518320501399,106.39089830035945,102.96569827687256,220815000
2025-04-25,110.85465240478516,106.70047033928225,111.76337496991529,105.58204256681438,251064700
2025-04-28,108.57784271240234,109.53649833991803,110.21554702841466,105.8716284785824,207708500
2025-04-29,108.867431640625,107.51932238432487,110.04578062718967,107.2896485179105,170444300
2025-04-30,108.76756286621094,104.32379376082015,108.76756286621094,103.93434018163836,235044600
2025-05-01,111.45381164550781,112.92175572108304,114.77915341441685,111.14424790285813,236121500
2025-05-02,114.33976745605469,114.02021557227994,115.23850951002053,113.21135153306962,190194800
2025-05-05,113.66072082519531,112.75199823422925,114.50952981770942,112.50234808238875,133163200
2025-05-06,113.38111114501953,111.32399638135878,114.57942879752297,110.66491633937942,158525600
2025-05-07,116.89617919921875,112.89179643623137,117.51531428959993,112.12286973799952,206758800
2025-05-08,117.20574951171875,118.08451525459601,118.51391379663416,115.68787240644632,198428100
2025-05-09,116.48676300048828,117.1857803819228,118.06455379711826,115.0487756801452,132972200
2025-05-12,122.82787322998047,121.79931583574867,122.82787322998047,120.11167839159091,225023300
2025-05-13,129.7481689453125,124.8051066300396,131.03637225526788,124.29581818961599,330430100
2025-05-14,135.1505889892578,133.01358451331882,135.25045513495294,131.49570747587302,281180800
2025-05-15,134.6413116455078,134.10205882491402,136.1092556474961,132.47435031815246,226632600
2025-05-16,135.2105255126953,136.02938538145307,136.15920834538713,133.27325299959534,226542500
2025-05-19,135.38027954101562,132.20472197026768,135.67984750647184,132.20472197026768,193154600
2025-05-20,134.19192504882812,134.10203943343691,134.3916420789913,132.43437861355363,161514200
2025-05-21,131.6155548095703,132.87378601013486,137.2077087161811,130.40724144628157,270608700
2025-05-22,132.64410400390625,132.0449376190489,134.0621148614722,131.3658966044825,187344000
2025-05-23,131.1062469482422,129.8180590665907,132.49430097030302,128.97923834191374,198821300
2025-05-27,135.31036376953125,133.96224703921547,135.47014350181522,133.1234263008756,192953600
2025-05-28,134.621337890625,135.83963178227697,137.05792567392893,134.60136161311598,304021100
2025-05-29,138.99520874023438,142.0509238917618,143.28919402135628,137.71700129433316,369241900
2025-05-30,134.94090270996094,138.5258751739265,139.42460961066672,132.73398869983464,333170900
2025-06-02,137.18775939941406,135.30040481856875,137.92671411351492,135.2105191814341,197663100
2025-06-03,141.02236938476562,138.5857816307834,141.801276586457,137.75694135463795,225578800
2025-06-04,141.7213897705078,141.99101618842522,142.19073325311263,139.34471555965237,167120800
2025-06-05,139.7941131591797,141.9710553039475,143.79849635697653,138.63573272598583,231397900
2025-06-06,141.52166748046875,142.31055518995854,143.0695013401578,141.31195466595716,153986200
2025-06-09,142.43040466308594,142.98961854621228,144.7970831461155,141.74136782943543,185114500
2025-06-10,143.758544921875,142.49031793007975,144.088069701399,141.33193761060437,155881900
2025-06-11,142.6400146484375,144.41764573923192,144.79714515361243,141.6812848999734,167694000
2025-06-12,144.80712890625,141.78116046611606,144.80712890625,141.6613249598906,162365000
2025-06-13,141.78114318847656,142.29045926636147,143.38900206786707,140.6626379640278,180820600
2025-06-16,144.49754333496094,143.159329390418,145.98555166191812,143.00951976951112,183133700
2025-06-17,143.92828369140625,144.2978018718573,145.0268265438421,143.58873962374116,139108000
2025-06-18,145.28648376464844,143.81843788371728,145.4562558084884,142.92962233744194,161494100
2025-06-20,143.65866088867188,145.2565234707711,146.00552584195606,142.46024490398213,242956200
2025-06-23,143.97824096679688,142.31046402404658,144.58743022935184,141.84108794116847,154308900
2025-06-24,147.7032470703125,145.36636355778856,147.7631800544848,145.30644581210706,187566100
2025-06-25,154.10475158691406,149.0714619384952,154.24456476496755,149.06146548674553,269146500
2025-06-26,154.8137969970703,155.77251147358507,156.5115326130379,153.795149532093,198145700
2025-06-27,157.54019165039062,155.83245925466264,158.49892155015797,155.05349787794313,263234500
2025-06-30,157.7798614501953,158.1893045239527,158.4489684480595,155.7525627920192,194580300
2025-07-01,153.09609985351562,156.08211312403307,156.9909063970138,151.2885097592641,213143600
2025-07-02,157.04083251953125,152.77650803107835,157.39037305932783,152.7665268185242,171224100
2025-07-03,159.1280517578125,158.15934077500395,160.76586971787668,157.56014800239086,143716100
2025-07-07,158.02952575683594,157.98957042846925,159.09809459400483,157.1307137305003,140139000
2025-07-08,159.7871856689453,159.11807865757584,160.0068942683196,158.1793265036118,138133000
2025-07-09,162.66334533691406,161.0055497766517,164.2012901564699,160.9456320255445,183656400
2025-07-10,163.88172912597656,164.10143771292147,164.28119097215313,161.3950357038234,167704100
2025-07-11,164.7006378173828,163.50223698698784,167.66668863474402,163.25256951238498,193633300
2025-07-14,163.85177612304688,165.15003478890583,165.2698855378492,161.80449980139463,136975800
2025-07-15,170.4729461669922,170.96229989605533,172.17068192225182,168.97494134085255,230627400
2025-07-16,171.14205932617188,170.83247408910898,171.52155877211666,168.67534340451815,158831500
2025-07-17,172.7698974609375,171.79120519874627,173.92835823409905,170.60278554683865,160841100
2025-07-18,172.18069458007812,173.4090543863528,174.0182436825287,171.03221496217563,146456400
2025-07-21,171.1520538330078,172.52022673163836,173.1493936504508,170.77255439137573,123126100
2025-07-22,166.80784606933594,171.11211125862738,171.16204780548466,164.36110765827524,193114300
2025-07-23,170.55284118652344,169.30450383433347,171.03219846298632,167.74658125695927,154082200
2025-07-24,173.5089111328125,172.21063723590794,173.59878776513457,171.07215417768242,128984600
2025-07-25,173.26922607421875,173.37908037175941,174.4876045602178,172.72995103806022,122316800
2025-07-28,176.514892578125,173.78852820706248,176.7645600358027,173.7385916678285,140023500
2025-07-29,175.27655029296875,177.7233037615148,179.14141320408203,174.78721179005433,154077500
2025-07-30,179.03155517578125,176.27521653092245,179.65072563032518,175.80584046425426,174312200
2025-07-31,177.63340759277344,182.65671589592668,183.05619299307685,175.69598557745124,221685400
2025-08-01,173.4889373779297,173.85844036702034,176.3051785902702,170.66269971388826,204529000
2025-08-04,179.76058959960938,174.9270307365029,179.9603205403546,174.28788258302183,148174600
2025-08-05,178.02288818359375,179.38107983649965,180.0202279532499,175.6660266458598,156407600
2025-08-06,179.1813507080078,176.09546439011424,179.66070799076476,176.01556896990587,137192300
2025-08-07,180.52957153320312,181.32851054269395,183.6354356942093,178.5621905082108,151878400
2025-08-08,182.45700073242188,181.30853636067604,183.0562088106772,180.16005675043576,123396700
2025-08-11,181.8178253173828,181.80784410502207,183.59545638109407,180.01023537809715,138323200
2025-08-12,182.9163818359375,182.7166509044063,184.234618174838,179.22130626788388,145485700
2025-08-13,181.3484649658203,182.37709375214726,183.72530422356274,179.11145412417423,179871700
2025-08-14,181.7778778076172,179.5108931379294,182.77654758863486,179.22128560637054,129554000
2025-08-15,180.20997619628906,181.6380820439347,181.658044469753,177.8031781362909,156602200
2025-08-18,181.76788330078125,180.3597704757432,182.69665413107447,180.34977402519155,132008000
2025-08-19,175.4063720703125,182.1873336556069,182.25724785967336,175.25657768801665,185229200
2025-08-20,175.16668701171875,174.93699721113848,175.76589502196344,168.57547509149074,215142700
2025-08-21,174.7472381591797,174.61742144674352,176.66468235557974,173.57879631630271,140040900
2025-08-22,177.75326538085938,172.38041630972646,178.35245819257523,170.9722880586796,172789400
2025-08-25,179.57083129882812,178.11278178635797,181.6680441727565,176.33515059315872,163012800
2025-08-26,181.52822875976562,179.82049655621498,182.14739921043056,178.57215920342722,168688200
2025-08-27,181.35845947265625,181.7379436715125,182.24727507184866,178.86178472902657,235518900
2025-08-28,179.93035888671875,180.57950348224864,184.22464261974775,176.17536544772958,281787800
2025-08-29,173.94830322265625,177.87308356836775,177.91302365652732,172.91967451951007,243257900
2025-09-02,170.55284118652344,169.77387989783634,172.15071909272382,166.99757884564528,231164900
2025-09-03,170.39306640625,170.83248363379096,172.18069419661035,168.65539040087648,164424900
2025-09-04,171.4316864013672,170.34313981864827,171.6314173426514,169.18467902530818,141670100
2025-09-05,166.79786682128906,167.8065180303181,168.8051880252559,163.85179338392152,224441400
2025-09-08,168.08612060546875,167.32713700266137,170.73260486035574,167.12740607965867,163769100
2025-09-09,170.53285217285156,168.86507540993838,170.75256075129445,166.51821048710502,157548400
2025-09-10,177.09413146972656,176.4050468150653,179.05151589898875,175.2366048852674,226852000
2025-09-11,176.9443359375,179.45113345293117,180.0503753259473,176.25521235533765,151159300
2025-09-12,177.59349060058594,177.5435512454145,178.37249577533527,176.22522541777622,124911000
2025-09-15,177.52359008789062,175.44623766911022,178.62219505337407,174.28771156721004,147061600
2025-09-16,174.65724182128906,176.77453647764895,177.27389957504343,174.15787872389456,140737800
2025-09-17,170.0730743408203,172.42008695754546,172.97937117956877,168.1954794867923,211843800
2025-09-18,176.01551818847656,173.7583871307785,176.87442336525442,172.73969733735942,191763300
2025-09-19,176.4449462890625,175.54609885389235,177.8531538116004,174.95683884616588,237182100
2025-09-22,183.37611389160156,175.07670180251023,184.31491893588398,174.48745701577195,269637000
2025-09-23,178.2027130126953,181.73821238324945,182.18763613663097,175.9855548133895,192559600
2025-09-24,176.74456787109375,179.54100413716742,179.5509859124944,175.17656050171237,143564100
2025-09-25,177.4636688232422,174.2577508730865,180.03038734713982,172.90947958662534,191586700
2025-09-26,177.96302795410156,177.94304916264082,179.54101721374016,174.70717071687335,148573700
2025-09-29,181.61837768554688,180.20017297627672,183.7656330630971,180.09032771672483,193063500
2025-09-30,186.3423309326172,181.848063160254,187.11135435179565,181.2488213615314,236981000
2025-10-01,187.00149536132812,185.00404300205486,187.90034282726023,183.6657383394342,173844900
2025-10-02,188.64939880371094,189.35850113919957,190.80665113886596,187.82045419605362,136805800
2025-10-03,187.38101196289062,188.9490194719917,190.11752734214045,185.14387494216948,137596900
2025-10-06,185.30364990234375,185.2637075602064,186.9914995955013,183.09647356463947,157678100
2025-10-07,184.80429077148438,185.99277739696944,188.8191743935438,183.76562222076905,140088000
2025-10-08,188.86911010742188,186.33235229407293,189.35849142592937,186.30237648821537,130168900
2025-10-09,192.32470703125,191.9851285494953,195.05122522476873,190.816620752273,182997200
2025-10-10,182.92669677734375,193.26350393527704,195.37081685366852,181.81811007166195,268774400
2025-10-13,188.0801239013672,187.73056363822363,189.8678370807686,185.72312947730666,153482800
2025-10-14,179.8006591796875,184.53462639606815,184.5645869600227,179.47107773683655,205641400
2025-10-15,179.60093688964844,184.56460739230218,184.63451030281777,177.06416377208902,214450500
2025-10-16,181.5784149169922,181.99787810828644,183.0465437061986,179.5410200965125,179723300
2025-10-17,182.9866180419922,179.9504818191574,183.86550198639478,179.52103686227596,173135200
2025-10-20,182.4073486328125,182.89672994644732,184.96408521149223,181.4985041529273,128544700
2025-10-21,180.92922973632812,182.55714296878105,182.55714296878105,179.5709615871908,124240200
2025-10-22,180.05035400390625,180.9092591258601,183.20633238125785,176.53483359319367,162249600
2025-10-23,181.92796325683594,180.19017423035882,182.7968501503985,179.5609718650331,111363700
2025-10-24,186.02272033691406,183.60580497197222,187.23118563906056,183.26624175096782,131296700
2025-10-27,191.24607849121094,189.74798924630224,191.75542334831323,188.18996363054165,153452700
2025-10-28,200.77394104003906,192.80410966447576,202.89123585796654,191.66556232510956,297986200
2025-10-29,206.77627563476562,207.715080745974,211.9197249544373,204.51915980095313,308829600
2025-10-30,202.63156127929688,204.88867704045037,205.89740027142088,201.1534507471854,178864400
2025-10-31,202.23207092285156,206.18701808603035,207.70508615602077,201.81260775338424,179802200
2025-11-03,206.61647033691406,207.81493866642379,211.07078042213968,205.29814450690722,180267300
2025-11-04,198.43690490722656,202.7414122562426,203.71017785907821,197.67786326579136,188919300
2025-11-05,194.9613494873047,198.51681234435117,202.66152000582164,194.40205001057666,171350300
2025-11-06,187.84042358398438,196.169796348482,197.36826472822915,186.1425921093966,223029800
2025-11-07,187.91033935546875,184.66447901682176,188.08013622996737,178.68211848431696,264942300
2025-11-10,198.7964630126953,194.8614791513322,199.68532876518447,193.5431531870904,198897100
2025-11-11,192.91395568847656,194.91140808059743,195.17107140540628,191.05632435423007,176483300
2025-11-12,193.5531463623047,195.4706988945922,195.64048052491762,190.88654915774768,154935300
2025-11-13,186.62196350097656,190.80662838449902,191.1961309619508,183.61580336420005,207423100
2025-11-14,189.92774963378906,182.62706393415107,190.76667594021126,180.34996953708986,186591900
2025-11-17,186.3623046875,185.73310233977776,188.75924133892028,184.08521029684528,173628900
2025-11-18,181.1289825439453,183.14641371605563,184.5646030780414,179.42115405263684,213598900
2025-11-19,186.28240966796875,184.5546024199349,187.62069907956393,182.5971076589588,247246400
2025-11-20,180.40989685058594,195.70039225393623,195.7503316108911,179.62090987236718,343504800
2025-11-21,178.6521453857422,181.00913979899244,184.32490281868388,172.70971237567008,346926200
2025-11-24,182.31747436523438,179.2613745727385,183.26626122561635,176.25519889972114,256618300
2025-11-25,177.59349060058594,174.68719385821646,177.93305383278917,169.33402110596253,320600300
2025-11-26,180.03038024902344,181.3986455127995,182.67701383620675,178.01296428701193,183852000
2025-11-28,176.7745361328125,178.7819702942556,179.0616124091028,176.27517303639212,121332800
2025-12-01,179.69082641601562,174.53739527000454,180.07034727044882,173.45876908321011,188131000
2025-12-02,181.22885131835938,181.52845696763603,185.42349804109853,179.77070445469002,182632200
2025-12-03,179.36123657226562,180.8493441127912,182.21759414523953,178.88185225801445,165138000
2025-12-04,183.1566162109375,181.3987504426599,184.2952268834804,179.74078419330877,167364900
2025-12-05,182.1877899169922,183.66598269849337,184.43504894381925,180.6896172324408,143971100
2025-12-08,185.323974609375,182.41751577930148,187.7709870845105,182.17780264974235,204378100
2025-12-09,184.7446746826172,185.33395229946427,185.4937610485011,183.09669077375298,144719700
2025-12-10,183.55612182617188,184.74467463147755,185.2540478736652,181.8182359713298,162785400
2025-12-11,180.70957946777344,180.060377409269,181.09911899111663,176.40483245042134,182136600
2025-12-12,174.80679321289062,180.88937065842447,182.59729422559735,174.40727135263347,204274900
2025-12-15,176.0752410888672,177.7232402429772,178.20265125135413,174.8167814768023,164775600
2025-12-16,177.50350952148438,176.0452813318811,178.27257580423,174.68693742218818,148588100
2025-12-17,170.7317657470703,175.88548356566727,175.91544580087532,170.10252832729947,222775500
2025-12-18,173.9278564453125,174.3173807251694,175.93540231223645,171.6106906687844,176096000
2025-12-19,180.76951599121094,176.45477147838753,181.2289470656948,176.12517166919682,324925900
2025-12-22,183.4662322998047,183.6959478478248,183.935660967629,182.1278683380167,129064400
2025-12-23,188.97950744628906,182.7471036477755,189.099356383118,182.67718160782493,174873600
2025-12-24,188.38023376464844,187.71105179508496,188.67987134928,186.36269028434322,65528500
2025-12-26,190.2978973388672,189.68863982420257,192.45526970950266,187.7709805748158,139740300
2025-12-29,187.99070739746094,187.4813341773615,188.53004285167208,185.68352392965699,120006100
2025-12-30,187.31153869628906,188.01069817319677,188.75978454971104,186.70228116711607,97687300
2025-12-31,186.27281188964844,189.33907943283364,190.32786369396138,186.26282955778902,120100500
2026-01-02,188.6199493408203,189.60873357074172,192.69496568024334,188.03065649528438,148240500
