Date,Price,Open,High,Low,Vol.
2020-01-02,296.125244140625,294.91293581934144,296.1434923281095,293.99229250686125,59151200
2020-01-03,293.8829650878906,292.74356586892327,295.0041439336054,292.688876931802,77709700
2020-01-06,295.0041198730469,292.1328118215423,295.08615327203825,292.0143098616565,55653900
2020-01-07,294.1745910644531,294.43891159464124,294.9129193650481,293.72792775638845,40496400
2020-01-08,295.74237060546875,294.36596792116745,296.9546787175248,294.1198677888309,68296000
2020-01-09,297.7477722167969,297.3011366636997,297.820709338136,296.71775096243204,48473300
2020-01-10,296.89105224609375,298.33126884575927,298.48621160583457,296.42619614849633,53029300
2020-01-13,298.93280029296875,297.5108322451486,298.9418965712198,297.0824170116794,47086800
2020-01-14,298.47698974609375,298.4952101168568,299.5434516916106,297.9209485381816,62832800
2020-01-15,299.15155029296875,298.38587734482564,299.90809914567166,298.30384393795646,72056600
2020-01-16,301.63995361328125,300.5278990481638,301.63995361328125,300.30001924233943,54050300
2020-01-17,302.5788879394531,302.3510080804288,302.7885196066415,301.57621099627295,95846000
2020-01-21,301.9863586425781,301.62175645504635,302.7885001455664,301.5488471444855,77742400
2020-01-22,302.0228271484375,302.84318902456715,303.49038781097767,301.8678844320141,48914900
2020-01-23,302.36920166015625,301.3756489009387,302.77939649699647,300.2635941747511,51963000
2020-01-24,299.6802062988281,303.0254945486543,303.1075279519649,298.39496067890184,87578400
2020-01-27,294.87652587890625,294.44811064824233,296.35318285602233,294.1108529210448,84062500
2020-01-28,297.9665832519531,296.298487210109,298.84163406721996,294.9676767051918,63834000
2020-01-29,297.7204284667969,299.32471133178075,299.55259115613137,297.5198931086739,53888900
2020-01-30,298.6866760253906,295.66042488337473,298.89633550564963,294.9130001022843,75491800
2020-01-31,293.2630920410156,298.06678837146853,298.22175888029057,292.3515728105219,113845600
2020-02-03,295.4416809082031,294.7398209430448,297.3011883827756,294.62131896327486,69083000
2020-02-04,299.9445495605469,299.04215432222543,300.81050405404096,298.7231169921296,62573200
2020-02-05,303.4083557128906,302.8705625667215,303.6180152040548,301.4121536768775,65951100
2020-02-06,304.4292907714844,304.3654777307045,304.62070207645655,303.35367662683126,50359700
2020-02-07,302.8067626953125,303.37190028539015,304.4383624299263,302.2598454793981,64139400
2020-02-10,305.0672607421875,301.92253597033135,305.13107376686384,301.88606741089336,42070000
2020-02-11,305.595947265625,306.41630901268127,307.20020220152,305.06725053223005,54864500
2020-02-12,307.5647888183594,307.0269680668399,307.77442040951746,306.6623659881099,43992700
2020-02-13,307.2367248535156,306.1428904532812,308.20293318619815,305.8694457619048,54501900
2020-02-14,307.7289123535156,307.64687895696886,307.84741430987003,306.4527909338537,64582200
2020-02-18,306.93597412109375,306.73543871652276,307.7928046845001,305.5504466650149,57226200
2020-02-19,308.4034423828125,307.90211788539574,309.07795777585227,307.61954912250815,48814700
2020-02-20,307.1364440917969,307.8565243216202,308.67691395841035,304.15575813081296,74163400
2020-02-21,303.97344970703125,305.7873641141862,306.0972773213097,303.153060127596,113788200
2020-02-24,293.8921203613281,294.5484154937722,304.04643281297626,292.81650624331786,161088400
2020-02-25,284.9865417480469,295.2776038121276,295.8883062471929,284.11149089171784,218913200
2020-02-26,283.9382019042969,286.38106643552646,289.96332985080215,283.20899774544955,194773800
2020-02-27,271.1861877441406,278.4327514100049,283.9930261776727,271.1861877441406,284353500
2020-02-28,270.0467834472656,263.15569806188904,271.5325647241753,260.2752930240666,384975800
2020-03-02,281.74151611328125,271.8241810091955,281.80532914475464,268.40598340350584,238703600
2020-03-03,273.6745300292969,282.11520716459734,286.07119736155244,271.24078921564694,300139100
2020-03-04,285.177978515625,279.03434596352906,285.39676211227726,276.4911987598748,176613400
2020-03-05,275.6981201171875,277.9951665598652,281.1763600202487,273.4649145191371,186366800
2020-03-06,271.1405944824219,267.2119474918185,272.3438069509594,264.55032601369834,228667200
2020-03-09,249.96592712402344,250.9412315537288,259.04465081754387,249.25494324110963,309417300
2020-03-10,262.900390625,259.4548490211814,262.9915202948296,249.3005113667445,276444100
2020-03-11,250.08448791503906,255.8635462842316,256.99382161350735,246.91241771549264,255316300
2020-03-12,226.15704345703125,233.34892983989002,243.0657284595874,225.76508294392715,392220700
2020-03-13,245.49038696289062,239.81161165387473,247.45927200830852,226.5307825549705,329566100
2020-03-16,218.6278839111328,219.84019219766736,234.1692750182009,216.35819611440786,297240000
2020-03-17,230.43209838867188,223.35869921057358,233.50392810842425,216.09390266325667,262070500
2020-03-18,218.76466369628906,215.34646582603455,226.39407689191867,207.84466479454713,327597100
2020-03-19,219.22950744628906,218.08099810602204,225.49165465544974,211.6730183757266,289322000
2020-03-20,209.78201293945312,222.37076338943308,224.149511692918,209.50694631687315,347158800
2020-03-23,204.4182586669922,209.22271174158334,210.58885308857097,200.1180920586079,326025200
2020-03-24,222.939208984375,214.9348561536564,223.81025556170377,214.3663954320049,235494500
2020-03-25,226.27664184570312,224.5162352253458,235.04201992086357,219.82181757105965,299430300
2020-03-26,239.48895263671875,228.77979208422354,240.95593755024464,228.3488575711158,257632800
2020-03-27,232.3555450439453,232.21801874837786,239.13128235143066,230.18254563117415,224341200
2020-03-30,239.9014892578125,234.44605962945386,240.61665407010992,232.45643301160396,171369500
2020-03-31,236.3256378173828,238.90206639274638,241.44181196172076,234.92281361805342,194881100
2020-04-01,225.68983459472656,227.36772539626958,236.24312431481496,223.62685616519354,189554600
2020-04-02,230.897705078125,224.80962736839078,231.67704405266247,224.2594942177443,177660400
2020-04-03,227.56028747558594,229.91666012342145,232.26388300481995,224.83715469449982,135561200
2020-04-06,242.84463500976562,236.40815247528656,244.80677011871967,227.54193143111638,188061200
2020-04-07,243.09219360351562,251.41744466183374,252.16929234238347,242.87215154323118,201427200
2020-04-08,251.25244140625,245.6869771638037,253.0586948036147,243.20224201687972,153774500
2020-04-09,255.07579040527344,254.50730182899804,257.82642785185396,252.57270025574996,189999200
2020-04-13,252.7469940185547,254.1039856856062,254.443226607134,248.85025633333169,114839100
2020-04-14,260.20123291015625,257.6248038351175,261.2189556921162,252.60947200950213,134143400
2020-04-15,254.67245483398438,254.49824549327255,260.3387633386726,252.56361522887224,121775000
2020-04-16,255.9010467529297,255.94687953066466,256.75373788155946,252.83867290726175,131798300
2020-04-17,262.8142395019531,261.658962878332,263.4193550866855,258.9266530783905,146684800
2020-04-20,258.18402099609375,259.1192277447229,262.95180422099605,257.9639789331066,100109300
2020-04-21,250.34471130371094,253.72799788074695,254.9291074264228,249.40947658688037,126385700
2020-04-22,255.9010467529297,255.21338720127235,257.64311202094046,253.89307862361522,92951600
2020-04-23,255.88265991210938,257.1754630685727,260.3387078110824,255.5801020580558,104709700
2020-04-24,259.4493103027344,257.3955098331214,260.1186421969253,255.35085912854342,85063200
2020-04-27,263.1902770996094,261.4207061930067,264.308871327073,260.9622663945535,77896600
2020-04-28,261.9799499511719,266.8302216256885,267.1786402598977,261.67736409264813,105270000
2020-04-29,268.8382873535156,267.2979361823903,270.36948875474167,266.27103540164006,118745600
2020-04-30,266.3351745605469,267.4629184687706,268.93910905447325,264.6022588270189,122901700
2020-05-01,259.28436279296875,261.594889070107,266.50020001311435,258.11990791498647,125180000
2020-05-04,259.99957275390625,257.4047876382704,260.3021307310815,255.92862481168595,80873200
2020-05-05,262.4017639160156,262.81437091102384,265.2074131354292,260.1278925305998,79569900
2020-05-06,260.6228942871094,264.0978740455981,264.4829476132183,260.19195997415204,73632600
2020-05-07,263.7678527832031,263.8320410550969,265.6933050734505,263.2635803176103,75250400
2020-05-08,268.13214111328125,266.89434866344646,268.59975843411314,265.7665772347648,76452400
2020-05-11,268.1871643066406,266.20670188943353,269.5624830979567,265.7849452947577,79514200
2020-05-12,262.8417663574219,269.36994163003214,269.78252047171196,262.70421209592996,95870800
2020-05-13,258.19317626953125,262.28244947607476,263.31852740068314,255.77260186362162,144721100
2020-05-14,261.2831115722656,255.7635079143885,261.41146013220174,250.29888679853764,121977900
2020-05-15,262.4842529296875,258.89925085277906,262.53008571070245,257.954866120157,111146300
2020-05-18,270.4794006347656,268.6914747602291,272.08393945209053,268.3705893815132,119703800
2020-05-19,267.70123291015625,269.88340997902395,271.58879193513707,267.6829053984864,95189300
2020-05-20,272.2489929199219,271.23127021904025,273.1108617924765,271.00205036955106,85861700
2020-05-21,270.369384765625,272.1206276660374,272.92748596370774,269.278296110494,78293900
2020-05-22,270.8828430175781,270.08516244349306,271.0570523361643,268.8473696991475,63958200
2020-05-26,274.22027587890625,276.8333877387792,277.07178533427884,270.9011769612808,88951400
2020-05-27,278.30047607421875,277.00767242380675,278.3371590944921,272.1940543126953,104817400
2020-05-28,277.7869567871094,279.32730748503195,281.3352756373356,277.1176247426951,90405200
2020-05-29,279.0247497558594,277.3193394971249,279.61153803025144,274.577879005406,119090800
2020-06-01,280.1524658203125,278.38289544316814,280.7576095309241,277.86944526100126,55758300
2020-06-02,282.47222900390625,281.06940446353366,282.5180897682759,279.7399459537755,74267200
2020-06-03,286.2313537597656,284.4526057998422,287.1849160018017,284.17755322085765,92567600
2020-06-04,285.4795837402344,285.2503638684051,286.98327953028644,283.3890996283888,75794400
2020-06-05,292.7962646484375,290.8616625425781,294.565835177491,290.7974742690629,150524700
2020-06-08,296.33544921875,293.60313838658124,296.52798606844794,293.062182869184,73641200
2020-06-09,294.125732421875,293.67644251654445,296.40875303318035,292.814573695221,77479200
2020-06-10,292.4845275878906,294.70338803982554,295.5927621739855,291.7693627776029,95000800
2020-06-11,275.6231994628906,285.57135003062865,286.20399927651175,275.0730940151214,209243600
2020-06-12,278.923828125,282.6188503742168,283.3890255846192,273.78014897594073,194678900
2020-06-15,281.52777099609375,273.24835223856235,282.6555425806839,272.07474788246594,135782700
2020-06-16,286.94659423828125,289.2571484357814,289.4038525103005,282.0963219351536,137627500
2020-06-17,285.7546081542969,287.96429064170104,288.25769873534205,285.0210879201945,83398900
2020-06-18,285.8646545410156,284.2417880969982,286.3414217497539,283.7833484028866,80828700
2020-06-19,284.2309875488281,289.32364222607004,289.5170263493881,282.2878438676283,135549600
2020-06-22,286.05438232421875,283.6323733290194,286.45036871018254,282.4904486423991,74649400
2020-06-23,287.37127685546875,288.6973956071107,289.627527981212,286.9660723422408,68471200
2020-06-24,280.0407409667969,285.3359965817493,285.95302134093265,278.2081310603143,132813500
2020-06-25,283.0430603027344,279.4699077593408,283.3101333609369,277.45310287638495,89468000
2020-06-26,276.3202819824219,281.94708210428337,282.1589024781775,275.7401296700566,127961000
2020-06-29,280.3814697265625,277.572693256611,280.51960120631884,275.2888164097337,79773300
2020-06-30,283.9731140136719,279.94872310498295,285.66762102118946,279.7921834155964,113394800
2020-07-01,285.962158203125,285.08730690922806,287.22383378335286,284.62684998484224,72396500
2020-07-02,287.53704833984375,289.38806675534465,290.7326217108491,286.8739889973159,69344200
2020-07-06,291.9757995605469,291.3495847273951,292.5559799310515,290.6036465664798,61713800
2020-07-07,288.9644775390625,290.4379459868934,292.4086879039096,288.5868993171508,82910000
2020-07-08,291.1746520996094,289.7288100254336,291.28515730964824,287.9698885921955,54638600
2020-07-09,289.5169372558594,291.7823777440841,292.0218243686505,286.10954433852584,83354200
2020-07-10,292.4731140136719,289.45251680342045,292.74018697945144,288.02511114921197,57550400
2020-07-13,289.9405517578125,294.81219454195264,297.18814022544717,289.2867107064114,102997500
2020-07-14,293.6980285644531,288.52246610391046,294.4715932767716,287.3252886428625,93657000
2020-07-15,296.3962097167969,296.9119193662305,297.4920997478603,294.02023559241456,87196500
2020-07-16,295.4200744628906,294.4991602617193,295.87131342816184,293.85450907927094,54622500
2020-07-17,296.2765197753906,296.4238694209868,297.0593024720893,294.45309952821765,62774900
2020-07-20,298.6709289550781,296.0094731698983,299.4168672808463,295.26353484413016,56308800
2020-07-21,299.3062744140625,300.6323928502155,301.07441359288947,298.3208896684092,57292200
2020-07-22,301.00994873046875,298.94711028029644,301.323084234717,298.8366050924752,57792900
2020-07-23,297.4184875488281,300.6509058773969,301.35080976950474,296.0555523114501,75738000
2020-07-24,295.5029602050781,295.56743094562876,296.5251615020732,294.0018655257891,73766600
2020-07-27,297.65789794921875,296.193647698937,297.8328739008944,295.40164684860423,48293000
2020-07-28,295.77008056640625,296.9304135617862,298.0447401843748,295.4753812230402,57495000
2020-07-29,299.4075927734375,296.64485042658015,299.9693649980808,296.60800599281623,48454200
2020-07-30,298.33929443359375,296.4422138237154,298.7537169791964,294.3609672745089,61861700
2020-07-31,300.6968994140625,300.1259370973195,300.79821459184643,295.9173523890963,84986800
2020-08-03,302.78741455078125,302.35458371421714,303.55176103880365,301.81124766050027,53077900
2020-08-04,303.95684814453125,301.93082626585755,303.95684814453125,301.93082626585755,41917900
2020-08-05,305.84478759765625,305.2554171505095,306.10267054186585,304.98834417548517,42697700
2020-08-06,307.88916015625,305.26457778295924,308.008883470918,304.94225226748324,43679400
2020-08-07,308.1101989746094,306.92221206378724,308.3956800618827,306.0197062402385,57308300
2020-08-10,309.03118896484375,308.5615137232704,309.21535494485994,306.6275882566364,44282100
2020-08-11,306.480224609375,310.2099438612299,310.84537688701096,305.7527226498275,69601100
2020-08-12,310.7533264160156,308.9114977995642,311.52689106243633,308.8838714944804,53774400
2020-08-13,310.1915283203125,309.98892606516085,311.49923889521347,309.2706140885454,41816100
2020-08-14,310.2006530761719,309.8046668206931,310.73479890808306,309.07713692746546,47260400
2020-08-17,311.1861572265625,311.2137835316429,311.58214363407274,310.2099903082899,35481000
2020-08-18,311.8584289550781,311.5821378053685,312.2820416597443,309.98894596467176,38733900
2020-08-19,310.5599365234375,312.23597917424223,312.7516889289628,309.998164191715,68054200
2020-08-20,311.5268859863281,308.83780388433297,312.005751301336,308.70889049740055,42207800
2020-08-21,312.6319580078125,311.1953341258538,312.85296841916903,310.85457226958493,55106600
2020-08-24,315.7999267578125,315.0631784958775,315.8735875319697,312.60435318835533,48588700
2020-08-25,316.9049987792969,316.3616627587458,316.9878776871024,315.2013018413242,38463400
2020-08-26,320.08203125,317.49426559873876,320.3490760296247,316.95092980369725,50790200
2020-08-27,320.78204345703125,320.94782937860447,322.22788555251475,319.1244090738759,58034100
2020-08-28,322.8540954589844,321.80426786042483,322.9830369399693,320.616280645361,48588900
2020-08-31,321.6844787597656,322.64223722364346,323.517088692937,321.4542502514148,66099200
2020-09-01,324.71429443359375,322.5132963995055,324.81558148751446,321.6200086611954,54908700
2020-09-02,329.41094970703125,326.62058140555735,330.3778981673585,325.47862893248646,69540000
2020-09-03,318.0745544433594,327.72571683022153,328.19539204398836,315.4959779391516,148011100
2020-09-04,315.4776306152344,318.7560834008521,320.3216209085487,308.3865789911979,139156300
2020-09-08,306.8577575683594,310.0809566891278,315.5419982728342,306.5538683027617,114465300
2020-09-09,312.9174499511719,310.8545829924272,315.37627517454166,309.98892137932586,91462300
2020-09-10,307.4840393066406,314.78688177765224,315.4407229555937,306.5262807206502,90569500
2020-09-11,307.6405334472656,309.2613511061483,310.32039660205055,304.8225388111135,84680200
2020-09-14,311.6925964355469,310.79930858274395,313.46076397555305,307.78792941912315,65605700
2020-09-15,313.2674865722656,314.14233845337617,314.9711558527733,311.7019207368985,52920900
2020-09-16,312.0241394042969,314.5014007189514,315.92880641145365,311.74784829653964,82096000
2020-09-17,309.27984619140625,307.18016277231743,310.9927613539666,306.65523489152685,91523300
2020-09-18,305.7190856933594,310.08320026859406,310.1941477907214,303.2411636439755,105877900
2020-09-21,302.31658935546875,301.14235702314835,302.4645288032245,297.47169236186676,99450800
2020-09-22,305.39556884765625,303.7960278580259,305.9503348545205,301.2903399000604,63612100
2020-09-23,298.3131408691406,305.9503223752341,306.22771947563723,297.8138486616711,93112200
2020-09-24,299.1083068847656,297.0002185553226,302.1594777085532,295.68727323191223,76681300
2020-09-25,303.9439697265625,298.257653382287,304.729857674503,297.3885547651494,71069400
2020-09-28,308.99224853515625,308.09538490645014,309.70418077413325,307.10605558287943,64584600
2020-09-29,307.30950927734375,308.78887594020625,309.5285451633514,306.6160587994306,51304000
2020-09-30,309.6395568847656,307.9752586146386,312.7831937729049,307.78110035892524,104081100
2020-10-01,311.62738037109375,312.22836509125534,313.1991843917802,309.7504423645945,88698700
2020-10-02,308.6686096191406,306.68997933659404,311.59960544931795,306.21842407966096,89431100
2020-10-05,314.14227294921875,310.72123983393703,314.32717611812427,310.67502109585257,45713100
2020-10-06,309.676513671875,314.28103543468586,316.37064209992303,309.16799456037955,90128900
2020-10-07,315.0668640136719,312.6259052380061,315.87126190492677,312.598168352672,56999600
2020-10-08,317.8592834472656,316.99941141694194,317.92401227963296,316.08403737560405,45242500
2020-10-09,320.69769287109375,319.5049503113114,321.15999312657567,318.8854837702439,59528600
2020-10-12,325.85693359375,323.23107167134015,327.3270449402805,322.74103455582997,80388500
2020-10-13,323.73040771484375,325.71829333157706,325.89396970025575,322.76881520469266,73255500
2020-10-14,321.6962585449219,324.30363883511666,325.39466069842285,320.96584443553525,57727900
2020-10-15,321.2987060546875,317.7944619067174,321.7794882050628,317.25820597808996,60357700
2020-10-16,321.1044616699219,322.64852844457636,324.30357096252817,320.9287853470718,89501900
2020-10-19,316.2226257324219,322.36195837394564,322.99067994136914,315.3257621196153,68425600
2020-10-20,317.4893798828125,317.5633355204922,320.72548220032826,316.8051844221268,60051900
2020-10-21,316.88836669921875,317.4431044735385,319.6066946596672,316.58323270677243,63575000
2020-10-22,318.6266174316406,317.1010319977672,319.2091203575822,314.9652067470299,55399300
2020-10-23,319.70831298828125,319.84699739967823,319.902471164237,317.2581276650549,49143900
2020-10-26,313.8002014160156,316.33359795190205,317.1195140807674,310.31443920384794,91473000
2020-10-27,312.7184143066406,314.14230712329396,314.475149793473,312.5057460118679,65994100
2020-10-28,302.0299987792969,307.059827691063,312.7461150486337,301.5399616493468,127094300
2020-10-29,305.0997314453125,302.2612006889962,308.26184985459844,300.5784207406355,90597700
2020-10-30,301.9190673828125,303.5278632885841,304.8315534323046,298.27613900813606,120287300
2020-11-02,305.3030700683594,305.3030700683594,307.300182145621,302.56623250835605,86068300
2020-11-03,310.69342041015625,308.5298592144072,312.7460340907223,305.38622401246147,93294200
2020-11-04,317.6372985839844,315.15934752702685,321.70553558783416,313.9851149209246,126959700
2020-11-05,323.8321228027344,322.90752215223176,325.63510535784354,322.5561693903892,82039700
2020-11-06,323.7580871582031,323.5454189031764,325.00630337123437,321.43733106964845,74973000
2020-11-09,327.826416015625,336.5269118315226,336.90600149766686,327.36411567397204,172304200
2020-11-10,327.34564208984375,326.8370947712311,328.39967222282814,324.0818027239641,85552000
2020-11-11,329.7773132324219,329.5276530081711,330.6001931058199,328.28869157206935,58649000
2020-11-12,326.578125,328.76942360523407,329.82348168786507,324.7751710085161,67546200
2020-11-13,331.0995178222656,328.48288202805907,331.83918709900695,327.9651078910253,62892200
2020-11-16,335.2324523925781,333.76234079790987,335.4266106214588,332.4771323966517,74541100
2020-11-17,333.4294128417969,332.82842818706325,334.6314103678308,331.32132492500256,66111000
2020-11-18,329.4166564941406,333.697561213107,334.2430721080145,329.379664574458,70591300
2020-11-19,330.80352783203125,328.787905745115,331.1733623463131,327.4472238872078,59940900
2020-11-20,328.538330078125,330.5447258643978,330.7481391320541,328.4643744428736,70417300
2020-11-23,330.5077209472656,330.34129961206247,331.7651924296882,328.1130087910506,63230600
2020-11-24,335.8334045410156,333.0503479254816,336.37891546594994,332.1997312419318,62415900
2020-11-25,335.315673828125,335.7502372606201,335.7779741513508,334.2246518372895,45330900
2020-11-27,336.2495422363281,336.4067085508926,336.721069396595,335.2417026629686,28514100
2020-11-30,334.7608642578125,335.47279650501997,335.7409385582566,332.08878340971694,83872700
2020-12-01,338.4222717285156,338.00621842500254,339.95711197569057,337.4144605490259,74231400
2020-12-02,339.1341552734375,337.31269153585873,339.2913215247088,336.73944385887,45927000
2020-12-03,339.0417785644531,339.03252352963375,340.4286793920205,337.94150165059074,62882000
2020-12-04,341.9635009765625,339.6242628374325,341.9635009765625,339.5317971440086,50749900
2020-12-07,341.26080322265625,341.1960744141505,341.75084037057263,339.99410502237635,48944300
2020-12-08,342.2593994140625,339.99411677063375,342.8233922079248,339.9478980295718,42458900
2020-12-09,339.189697265625,342.915836132159,343.0730024150456,338.35756246336115,74098300
2020-12-10,339.0787353515625,337.8212640589187,340.1235101648178,336.9521373730438,57735400
2020-12-11,338.68115234375,337.38671728522763,339.0879788216525,335.8703871356922,57698600
2020-12-14,337.164794921875,340.8447147774003,341.91722644158915,336.98911858351033,69216200
2020-12-15,341.7231140136719,339.6982365511047,341.7231140136719,338.329845795208,63865300
2020-12-16,342.2593994140625,341.93578357691985,343.17474493301853,341.05740176418556,58420500
2020-12-17,344.17327880859375,343.8959099470601,344.3766920459077,343.0730019635639,64119500
2020-12-18,342.7991027832031,344.4612007715748,344.6283315180656,340.79344881476123,136542300
2020-12-21,341.5733337402344,338.8898629814059,351.41588135786776,336.15994813580005,96386700
2020-12-22,340.9976501464844,341.8983367429737,342.0097572148125,339.87412260631737,47949000
2020-12-23,341.30413818359375,341.96339496968784,343.20763766131074,340.9791428653168,46201400
2020-12-24,342.6318664550781,341.77759567483866,342.6597215709097,341.1926382423749,26457900
2020-12-28,345.575439453125,345.1761449139129,345.9654111690172,344.5540377310399,39000400
2020-12-29,344.9161071777344,347.0981859364546,347.2746111341923,344.33112134700883,53680500
2020-12-30,345.40826416015625,345.733259466037,346.4389603203097,345.0182924625775,49455300
2020-12-31,347.1632385253906,345.2132949330659,347.8875000497571,344.7026082398412,78520700
2021-01-04,342.4369812011719,348.49106429337866,348.62107376333165,338.75066866047587,110210800
2021-01-05,344.79541015625,341.7962383123607,345.88181651795514,341.74979422078724,66426200
2021-01-06,346.8567199707031,343.2911234562188,350.0416393473608,342.743287286381,107997700
2021-01-07,352.01019287109375,349.22456754371,352.7530149569909,349.04814233936133,68766800
2021-01-08,354.015869140625,353.3937336428552,354.22941562712896,350.1531317059406,71677200
2021-01-11,351.6295471191406,350.8495752953006,353.384476638568,350.72886031003054,51034700
2021-01-12,351.7038269042969,351.815275742109,352.71593423715626,349.46603738716954,52547700
2021-01-13,352.65087890625,351.6294773146356,353.6443970420134,350.84950564563337,45303600
2021-01-14,351.4158935546875,353.3936919642144,353.8951124303812,351.0816321351394,49989100
2021-01-15,348.8530578613281,349.8001600035775,350.5986921032869,346.99597483483575,107160000
2021-01-19,351.59234619140625,351.3045005009363,352.13091630295105,349.8281224423444,51233300
2021-01-20,356.4579772949219,353.876603510318,357.2936593696755,353.4866317659634,61836100
2021-01-21,356.78289794921875,357.0150334029827,357.44218304043847,355.86365062010475,47840100
2021-01-22,355.52001953125,354.93503377752586,356.6806965547213,354.5543283134063,52860500
2021-01-25,356.92218017578125,356.25362897614195,357.2750022410849,351.415906011499,70402000
2021-01-26,356.3651123046875,357.8693456849632,358.2779063977357,356.1329768241054,42665300
2021-01-27,347.6552734375,353.0500980152295,353.14295784515673,345.4267792034528,123351100
2021-01-28,350.6452941894531,349.4660278006509,354.6380131608825,349.0296402961442,94198100
2021-01-29,343.62548828125,348.7881786860428,349.75387014169314,341.95409595375736,126765100
2021-02-01,349.3453063964844,347.0146573120808,350.37597423640665,343.91333096928156,75817600
2021-02-02,354.28509521484375,352.52087154806475,355.8357724135965,349.42883997274356,64450700
2021-02-03,354.563720703125,355.11155700905664,356.28152883956943,353.29162286803046,52427100
2021-02-04,358.5935363769531,355.59433635934124,358.63995212915546,354.67508910571235,47142600
2021-02-05,360.0050048828125,360.4600097242856,360.7107058588383,358.5472155031286,48669800
2021-02-08,362.6048583984375,361.4534473259199,362.6512741525483,360.59920475972706,38365200
2021-02-09,362.3634338378906,361.769153490128,362.95771418565323,361.3606211720995,35551100
2021-02-10,362.20562744140625,364.09986093308623,364.24843104388964,359.81000170472225,59154400
2021-02-11,362.79058837890625,363.28271443963257,363.70056961850463,360.36710768462626,42913300
2021-02-12,364.5826721191406,361.9920325190132,364.82407372216704,361.91773330512245,50593300
2021-02-16,364.2669372558594,365.8083200461877,366.0033342269587,363.55197027023985,50972400
2021-02-17,364.35052490234375,362.52129645099154,364.6012209832248,361.5091609681263,52290600
2021-02-18,362.7998352050781,361.7505784893111,363.54265727343494,360.0327705772848,59712800
2021-02-19,362.1591491699219,364.05338233465426,364.34122801938736,361.71343891444184,83241000
2021-02-22,359.37359619140625,359.4014513169295,361.7785164844223,359.1043110867799,67414200
2021-02-23,359.8099670410156,357.1729115862207,361.15636405887625,353.0316228676275,107284100
2021-02-24,363.7747802734375,358.7235110381606,364.2019298681405,357.7392590796617,72433900
2021-02-25,355.00933837890625,362.5119712403062,363.8769286831077,353.5701100677541,146670500
2021-02-26,353.1801452636719,356.8850463128118,358.0271345906392,351.20237503364604,152701600
2021-03-01,361.7413024902344,358.03642977075657,362.9855734404292,353.37516012939244,105348800
2021-03-02,358.9185485839844,361.9641644974679,362.19629994312015,358.41712808705853,79595300
2021-03-03,354.1644592285156,358.22218274333903,359.18784590388924,354.0623048857202,119940200
2021-03-04,349.7817687988281,353.97876827034526,356.5601137940259,345.3061897362982,183433000
2021-03-05,356.2165222167969,353.2730320198999,357.265779064072,346.01185613057277,152039600
2021-03-08,354.4430236816406,357.17293919990277,359.97712560372787,354.1644724397162,123149200
2021-03-09,359.5035705566406,358.27788847962165,362.04776622878813,357.77646793232316,113633600
2021-03-10,361.7413024902344,361.84345682354007,363.431255369481,360.4320834867978,109899400
2021-03-11,365.4090576171875,364.201964598063,367.3775617218999,363.7469598417814,86245000
2021-03-12,365.9011535644531,364.0533645809201,366.04042915723414,363.2455378059453,64653600
2021-03-15,368.0832214355469,366.151838816547,368.3432119800072,364.0162042253978,73427200
2021-03-16,367.61895751953125,368.6960693202915,369.401741761804,366.84825201962127,73722500
2021-03-17,368.8724365234375,366.33750781300245,369.67096867922254,365.1953914702446,97959300
2021-03-18,363.5055236816406,366.291148848804,368.37107323916246,362.8276780230335,115349100
2021-03-19,362.83294677734375,363.205574280837,364.77995178052817,360.66234252833834,113624500
2021-03-22,365.7301330566406,363.34528306947146,367.1088860050199,363.2893903689639,73778600
2021-03-23,362.8515930175781,365.09671154896347,366.54065388487237,362.06906667782835,90686600
2021-03-24,361.0070495605469,364.248968775631,365.87923909623805,360.9604817803928,97588600
2021-03-25,363.03790283203125,359.5724129695901,363.82972563036685,357.63470442840975,116128600
2021-03-26,368.88824462890625,364.18373344592686,369.28881849367565,363.5875351124933,114409100
2021-03-29,368.7019348144531,367.4163456691813,369.60557150137186,365.9351320456119,108107600
2021-03-30,367.7237243652344,367.4349359437374,368.3944651831491,366.1306971541533,76262200
2021-03-31,369.21417236328125,368.2919145543434,370.7699280377111,368.26396820951646,112734200
2021-04-01,373.201416015625,371.1426257443496,373.2573371455199,370.93767636691575,99682900
2021-04-05,378.5579528808594,375.85636859009725,379.09828679680146,375.7818544790963,91684800
2021-04-06,378.33447265625,377.9991164320186,379.3778410378448,377.663731778131,62021000
2021-04-07,378.7723083496094,378.16678511784755,379.1169894924743,377.7103185696919,55836300
2021-04-08,380.5703125,380.02068189018087,380.6262052108521,379.089098803099,57863100
2021-04-09,383.3371276855469,380.44924276681104,383.5048342531352,380.3281324128653,61104600
2021-04-12,383.4768981933594,382.74093955092366,383.7470368351651,382.1354161945966,56704900
2021-04-13,384.61334228515625,383.37434940887186,385.2375154018544,382.9923969687516,56551000
2021-04-14,383.2999267578125,384.58548771887484,385.6381813048944,382.75959257028177,61659900
2021-04-15,387.4174499511719,385.4331734470441,387.68761700399335,385.3866056650256,60229800
2021-04-16,388.7123107910156,388.70298586402646,389.31783402254797,387.28699001478793,82037300
2021-04-19,386.8025207519531,387.78069983654575,388.22784142524785,385.4796889791716,78498500
2021-04-20,383.9705810546875,385.59152639170094,386.6907875184191,382.4986639809094,81851800
2021-04-21,387.603759765625,383.35574340510965,387.808709170284,383.2159832062883,66793000
2021-04-22,384.0636901855469,387.43604432459205,388.2651383615414,383.0017004125384,97582800
2021-04-23,388.2279052734375,384.62268347334305,389.6346047551007,384.54816933952253,73209200
2021-04-26,389.038330078125,388.87997690212677,389.60661044348035,388.29307511302295,52182400
2021-04-27,388.9545593261719,389.3365118024942,389.5321647196547,387.81802682554365,51303100
2021-04-28,388.8427429199219,389.2246953658085,390.342606350338,388.3769514146441,51238900
2021-04-29,391.32073974609375,391.56296041556226,391.9355879172904,387.9484139465216,78544300
2021-04-30,388.74957275390625,389.057011063111,389.90475500080083,387.8552610382918,85527000
2021-05-03,389.5880126953125,390.7338415630485,391.1157939955126,389.0942748542552,68128300
2021-05-04,387.1845397949219,387.60376353614816,388.09750141176715,383.5048038327527,101591200
2021-05-05,387.3056640625,388.82414902597037,389.0570447951,386.74670853065714,60162200
2021-05-06,390.3985900878906,387.38024109771965,390.52899695635426,385.37734284393053,74321400
2021-05-07,393.2398681640625,391.1624559692286,393.8919877300399,390.4823900464042,67733800
2021-05-10,389.3458251953125,393.59384166171475,393.81741249794896,389.22471484913274,81852400
2021-05-11,385.8709411621094,384.8368977997584,386.85841675179097,382.0048778519801,116888000
2021-05-12,377.67303466796875,383.0948540805935,384.36179320441613,376.3594993403955,134811000
2021-05-13,382.2098693847656,379.21949593633536,384.1382530041698,379.1728997288725,106394000
2021-05-14,388.0788269042969,384.9393967974584,388.9265708311616,384.9114504451291,82201600
2021-05-17,387.09136962890625,386.97028771615726,387.90187074432333,385.0791468765085,65129200
2021-05-18,383.75634765625,387.352244805697,387.59446551118776,383.5979660188922,59810200
2021-05-19,382.7501525878906,379.07974196431326,382.92715562063444,377.5985000735296,106467100
2021-05-20,386.86773681640625,383.62581816312553,388.1253793888649,383.50473626977606,78022200
2021-05-21,386.55108642578125,388.34903495141754,389.5880563714277,386.09461981296676,76578700
2021-05-24,390.4916687011719,388.7868558465473,391.5629834929008,388.54463516280316,51376700
2021-05-25,389.62530517578125,391.5723104358726,391.92631656128196,389.047728204707,57451400
2021-05-26,390.3985900878906,390.21226207046954,390.9016245615325,389.17821833387507,43088600
2021-05-27,390.6033935546875,391.4231910374945,391.93555024942225,390.3239016330106,56707700
2021-05-28,391.30206298828125,392.1684282039611,392.42927026125136,391.06916727892735,58520200
2021-06-01,390.9574279785156,393.65901283958925,393.7987445957446,390.5195828561252,54216600
2021-06-02,391.5721740722656,391.60944534345015,392.4106213108425,390.60334845866794,49097100
2021-06-03,390.11895751953125,389.26191717934057,391.2554897851653,387.7993252155161,58138800
2021-06-04,393.6869812011719,391.96354696648706,393.9850945840739,390.18422002621526,55938800
2021-06-07,393.30499267578125,393.6776201553933,393.85462318339853,392.37340976192394,51555000
2021-06-08,393.38885498046875,394.1620563356279,394.25522031845156,391.56296032167944,47134300
2021-06-09,392.8019714355469,394.2272923071258,394.3018348687151,392.57840061009364,48436300
2021-06-10,394.6278991699219,394.0223758472598,395.5781321168516,392.70884027859677,51020100
2021-06-11,395.2799377441406,395.17747727144723,395.39172314331665,393.89188832161483,45570800
2021-06-14,396.1649169921875,395.3916873351566,396.2673774556017,394.1526947002913,42358500
2021-06-15,395.4383544921875,396.3140447697688,396.3512876197017,394.56266421460623,51508500
2021-06-16,393.2304992675781,395.5781066988787,395.8016775286566,391.19035858653814,80386100
2021-06-17,393.10009765625,392.82063411530976,394.07824847919915,390.63140827908353,90949700
2021-06-18,387.7970275878906,389.8251604695109,390.5167781405025,387.5914076691271,118676300
2021-06-21,393.34869384765625,389.5540951870982,393.53563141151994,388.74097097735967,72822000
2021-06-22,395.4516296386719,393.33938339648705,396.28346475320944,392.61969941589416,57700300
2021-06-23,394.97491455078125,395.5263432061953,396.33011186649463,394.89080121581947,49445400
2021-06-24,397.3116149902344,397.11535048081697,397.73218179612877,396.86298187460784,45110300
2021-06-25,398.7227783203125,398.0591985278256,399.17141131218983,397.73207208724824,58129500
2021-06-28,399.52655029296875,399.24617251742296,399.6947769582962,398.04984647065635,53159600
2021-06-29,399.7415771484375,399.9098038354574,400.5453458904214,399.20883078354126,35970500
2021-06-30,400.0780944824219,399.28365252537725,400.75102986074927,399.25561473972493,64827900
2021-07-01,402.2930908203125,400.83506919032,402.4519905914438,400.76963819499144,53441000
2021-07-02,405.36810302734375,403.4521211484216,405.72326732240344,402.3772728272661,57697700
2021-07-06,404.6296081542969,405.4240498479031,405.63902514839896,401.9005028468746,68710400
2021-07-07,406.0597229003906,405.3120296077387,406.3401292771382,403.3025789263996,63549500
2021-07-08,402.7510681152344,400.75094475455643,403.5081166897468,399.57330096190816,97595200
2021-07-09,407.0503845214844,404.25584763381096,407.349473214676,402.55481277928465,76238600
2021-07-12,408.5083923339844,406.9662573135737,408.76076088893643,406.5363351584208,52889600
2021-07-13,407.11578369140625,407.72328794262097,409.2187027689948,406.85408823599073,52911300
2021-07-14,407.7232971191406,408.8074721795963,409.29349840963926,406.4802508086064,64130400
2021-07-15,406.3307800292969,406.3868556009662,407.0597909836697,404.4334804606937,55126400
2021-07-16,403.1435852050781,407.5083229344722,407.5550430583768,402.7510563008199,75874700
2021-07-19,397.1900329589844,398.3302836206056,403.20905730096297,394.38614069493224,147987000
2021-07-20,402.8819580078125,397.8536396448114,404.1530707517098,397.0591977452092,99608200
2021-07-21,406.1438293457031,404.0783031286955,406.2840467930264,402.8352566332123,64724400
2021-07-22,406.9942626953125,406.3213274734552,407.23727579624176,405.33997668113454,47878500
2021-07-23,411.18145751953125,408.91963853760046,411.5179109011736,408.2373763394922,63766600
2021-07-26,412.1908264160156,410.59261588453984,412.20018185039044,410.5458957579973,43719200
2021-07-27,410.3122863769531,411.15344841239045,411.18148619614936,407.4896830394306,67397100
2021-07-28,410.14398193359375,410.9384237416545,411.51789021824817,408.72335352250394,52472400
2021-07-29,411.844970703125,411.0692398503543,412.919790195163,411.0598844170451,47435300
2021-07-30,409.84490966796875,409.28412555399376,411.29357581662805,409.1532635675781,68951200
2021-08-02,408.9850769042969,411.5553115323718,412.10674026622047,408.62991264660883,58783300
2021-08-03,412.3124084472656,409.77956673996874,412.4339150257173,407.5925338958521,58053900
2021-08-04,410.2841796875,411.03187281061224,412.28427447929056,410.0505220211944,46732200
2021-08-05,412.88250732421875,411.4431679198543,412.96662067268136,411.1253968736616,38969700
2021-08-06,413.5647277832031,413.20023664333985,413.9853230057107,412.9198303207797,46930000
2021-08-09,413.2283020019531,413.53671760242094,413.8544886377314,412.4618979342041,41222600
2021-08-10,413.7423400878906,413.67690908891893,414.4526685963435,412.9946468851688,43339300
2021-08-11,414.77044677734375,414.80783999492405,414.8639155599606,413.6862716488568,44034300
2021-08-12,416.01348876953125,414.62089804805976,416.15370620330873,413.72366049428854,38909400
2021-08-13,416.7705993652344,416.4621552133837,416.7892817139917,415.9761574416634,39470300
2021-08-16,417.7518005371094,415.4712998090323,417.8826339768333,413.9198097384449,73740000
2021-08-17,415.01348876953125,415.2003978250957,415.87333317500145,412.032014089514,92673900
2021-08-18,410.4711608886719,414.00406428357036,415.5649103189403,410.22817626839674,89351900
2021-08-19,411.10662841796875,407.7513077712783,412.30298304453,407.6111188768107,92812200
2021-08-20,414.3778076171875,411.4524378088694,414.70493403052956,410.96641164413415,72008700
2021-08-23,418.02294921875,416.0602189821948,418.9295421673049,414.45265298648917,54973000
2021-08-24,418.6866149902344,418.6866149902344,419.2193614608607,418.1725793925458,38744700
2021-08-25,419.5650634765625,418.87344589815075,420.07909894332823,418.4995708066867,40529700
2021-08-26,417.0883483886719,419.2847079423929,419.5183656415265,416.99487960448477,57829600
2021-08-27,420.8175048828125,417.8921060042868,421.19135148689224,417.83603043980827,77235100
2021-08-30,422.6680603027344,421.4904164695936,423.4531466839395,421.2474033554113,48357400
2021-08-31,422.0419006347656,422.57464706002395,422.91110047218524,421.4437517278113,59300200
2021-09-01,422.2661437988281,422.9764722664043,423.4905077483613,422.03248612109024,48721400
2021-09-02,423.5653381347656,423.68684470342555,424.369106938718,422.36901184150173,42501000
2021-09-03,423.4624938964844,422.4344228744772,423.9765579301553,422.0325099688313,47170500
2021-09-07,421.9483947753906,423.1166832249812,423.2101520054819,421.27545948751975,51671500
2021-09-08,421.4343566894531,421.4156743425341,422.14468518971387,419.5183465302411,56181900
2021-09-09,419.6304931640625,421.23805907529504,422.98581388405796,419.38748005990004,57970400
2021-09-10,416.3219299316406,421.55586791625456,421.97643464658915,416.2004233686548,89948200
2021-09-13,417.3873291015625,419.3126944167152,419.5743898490149,415.0787903327298,83738600
2021-09-14,415.1349792480469,418.8267538323482,419.032373751366,414.24706856986353,78197100
2021-09-15,418.6023864746094,415.55548138185304,419.09773958576324,414.4526240434599,78792200
2021-09-16,417.9388427734375,418.07903168064803,419.0510271190857,414.99473310868217,77786700
2021-09-17,413.8677062988281,417.1681649070518,417.59007902636665,413.5114041887088,118425000
2021-09-20,406.9667663574219,407.75436793021106,409.3295710757895,402.10984707082173,166445500
2021-09-21,406.5823059082031,409.30141250201683,410.59533949300106,406.0572382327374,92526100
2021-09-22,410.5484619140625,408.85136298150707,412.5831207202877,406.69483696311266,102350100
2021-09-23,415.5365905761719,412.41431229246786,417.1399497351395,412.179906070705,76396000
2021-09-24,416.2210998535156,413.90516505538227,416.9337039803391,413.6895010133059,62094800
2021-09-27,415.0302734375,415.18965363663966,416.35229928321826,414.33641159747526,61371100
2021-09-28,406.666748046875,412.2643708805607,412.5925453791143,405.93540163406385,130436300
2021-09-29,407.3511962890625,408.045029638689,409.77964162679973,406.7886155612909,82329200
2021-09-30,402.37237548828125,408.8232109595568,409.52642965582174,402.0348156347722,140506000
2021-10-01,407.15423583984375,404.0975980601775,408.83259245748525,400.5815046124614,129240100
2021-10-04,401.9035949707031,405.9916262485337,406.89173823936943,399.7657824946463,128570000
2021-10-05,406.0854187011719,403.4037961536202,408.32632771246665,402.60683774485324,90682500
2021-10-06,407.7731018066406,402.49426854273986,407.97938044868795,400.8721956255004,113032200
2021-10-07,411.2986145019531,411.04546603542565,414.1302318975777,410.867314983928,72437500
2021-10-08,410.5484619140625,412.06743842451107,412.45186810178103,409.92026919841044,74557400
2021-10-11,407.5762634277344,409.89219860577384,412.79884218436496,407.5106228023292,65233300
2021-10-12,406.5729064941406,408.4950547167105,408.89822655825884,405.78530500807835,71181200
2021-10-13,408.03564453125,407.59495963247764,408.8513737107969,404.62270437794365,72974000
2021-10-14,414.8990478515625,411.69235787459854,415.0490712799511,411.2235453911505,70236800
2021-10-15,418.0588684082031,417.0087329506892,418.42455590539737,416.38989699593026,66260200
2021-10-18,419.2965087890625,416.27735526871015,419.6340400404351,415.621006350095,62213200
2021-10-19,422.5312805175781,420.9185646143034,422.596892511088,420.3090855642555,46996800
2021-10-20,424.19091796875,422.99075914645675,424.4909648278342,422.878248727811,49571600
2021-10-21,425.29730224609375,423.59081795122904,425.5223230800388,423.15951848148666,41305400
2021-10-22,424.8566589355469,424.8660443425605,426.3099949344086,422.9157682107572,58845100
2021-10-25,427.1350402832031,425.9442668817109,427.4632147429343,424.17217058163135,45214500
2021-10-26,427.5195007324219,428.68217522735085,429.89169091412384,427.1444564431734,56075100
2021-10-27,425.6254577636719,427.97890546543795,428.6446111455954,425.5504317463337,72438000
2021-10-28,429.7322998046875,427.050677407055,429.80729721502064,427.0413206145411,51437900
2021-10-29,430.604248046875,427.4350712129975,430.8949094853391,427.1444097745334,70162400
2021-11-01,431.34503173828125,431.5887947913139,431.9638676988326,429.6198050970678,48433600
2021-11-02,433.0889892578125,431.51378609797507,433.398421537022,431.38250486096626,48908400
2021-11-03,435.7330627441406,432.5263728629684,436.1362346004919,432.0856879971298,52509800
2021-11-04,437.7864685058594,436.33313266603705,437.87085131761023,435.9862160130472,52847100
2021-11-05,439.3054504394531,440.0086692059953,441.2932109079652,437.7958878886841,66390600
2021-11-08,439.6805114746094,440.40250108208477,440.8994412181432,438.9960634954237,50405200
2021-11-09,438.2271423339844,440.0461369788913,440.28054321030675,436.8207049454919,51149100
2021-11-10,434.70166015625,436.53939698466087,438.2271390064617,433.2202253751318,69429700
2021-11-11,434.84228515625,436.19246728766257,436.26749330276374,434.8235429594951,34848500
2021-11-12,438.1240234375,436.1081354103615,438.6772187538003,435.1611250038921,53466700
2021-11-15,438.2740783691406,439.40862530276064,439.56800554034606,437.14894545673525,46980500
2021-11-16,440.0086669921875,438.01152112700873,441.1431852512349,437.9365237158013,48857500
2021-11-17,438.9398498535156,439.7461937448289,439.9243448118025,438.32101382308866,47858300
2021-11-18,440.4305725097656,439.9711168325113,440.6931063478928,437.25201023461375,50625600
2021-11-19,439.6429748535156,440.31803734544474,441.5650945480242,439.2772873896782,57315600
2021-11-22,438.4053649902344,441.51828711942284,444.0029878555942,438.1990863283232,72762000
2021-11-23,438.9866027832031,438.0771054886185,439.83984487309516,435.47989482517465,73206500
2021-11-24,440.15863037109375,436.98945366666055,440.28052618496287,436.17372459112534,61858800
2021-11-26,430.34173583984375,433.50152742675596,434.96422009835896,429.21657442443677,112669600
2021-11-29,435.6205139160156,435.12357388678817,437.4582506222478,432.92953515695143,86268800
2021-11-30,427.1443786621094,433.1826850458105,435.08606236584416,426.9005870421709,148559600
2021-12-01,422.40008544921875,432.8452422514508,435.68624501124225,422.2031922004538,131939200
2021-12-02,428.8697204589844,422.6157769864965,430.4355669860337,422.22196184931875,127637800
2021-12-03,425.1379699707031,430.52931409962997,431.5888063882985,420.9186571741517,137331600
2021-12-06,430.1729431152344,427.6788574056175,432.04819294676213,425.2691545047344,98977500
2021-12-07,439.0710144042969,435.4424103932935,439.633595102183,430.0416814760553,95484700
2021-12-08,440.2337341308594,439.4649032824723,440.68380448756346,437.71152027988126,72238800
2021-12-09,437.261474609375,438.9491883572712,440.3368838174408,437.0645813487315,61272600
2021-12-10,441.3775329589844,439.9617388281514,441.52755637554407,437.4113979747184,77159800
2021-12-13,437.4677429199219,440.8619411504924,441.2088578538092,437.1864382259011,87724700
2021-12-14,434.4578857421875,434.2047373052017,436.6894377150197,431.5418858646757,97264100
2021-12-15,441.246337890625,434.5141971486355,441.49010093703475,432.00134036114184,116899300
2021-12-16,437.35516357421875,443.09342361388826,443.37469964954175,435.8080595359977,116568600
2021-12-17,432.700439453125,434.28117656754216,437.2827106378424,430.99737826772844,135511600
2021-12-20,428.0993957519531,427.62893618734074,428.4945657060667,424.4862697414786,107134800
2021-12-21,435.7019348144531,431.5148339230484,435.8430669166713,429.350731783521,69806300
2021-12-22,440.0584411621094,435.44794347232624,440.17134685592566,435.25032979357655,58890200
2021-12-23,442.7965087890625,441.0558028110541,444.2925666264492,440.9523154989883,56439700
2021-12-27,449.06304931640625,444.17025861450196,449.11008378457836,444.12322414632985,56808600
2021-12-28,448.69610595703125,449.4958929694086,450.5214913868531,447.93396375035627,47274600
2021-12-29,449.2701110839844,448.79965148280036,450.28629118812887,447.8022794254561,54503000
2021-12-30,448.0280456542969,449.6934621372565,450.70025247373695,447.56700448030426,55329000
2021-12-31,446.8989562988281,447.53880315085513,448.6866969603346,446.6261104168571,65237400
2022-01-03,449.4864807128906,448.15978126090016,449.6182231773568,445.8545465639054,72668200
2022-01-04,449.3358459472656,450.9071932731494,451.6223008842784,447.48223441413006,71178700
2022-01-05,440.7076416015625,448.9689091940095,449.7404696581306,440.61354395954817,104538900
2022-01-06,440.2936706542969,440.2466361867598,443.0035221624816,437.9319546066855,86858900
2022-01-07,438.5530090332031,440.30313360714865,441.4792825603523,437.1980831419466,85111600
2022-01-10,438.0072937011719,435.36331312046167,438.2236867337772,429.6237004184561,119362000
2022-01-11,441.99676513671875,437.7438209696161,442.0908627934465,434.751676287286,74303100
2022-01-12,443.1916809082031,443.7280116585806,445.2429062617321,441.2345819172256,67605400
2022-01-13,437.08514404296875,444.29258772329274,444.9418241930247,436.05954567988096,91173100
2022-01-14,437.2638854980469,433.9424425259686,437.6120209390258,432.7286489573756,95890900
2022-01-18,429.5201416015625,432.578128611285,432.7851319574491,428.4098639787604,109709100
2022-01-19,425.0601806640625,431.0632487949444,432.455790611051,424.7873060995941,109357600
2022-01-20,420.3555908203125,426.94202425230395,431.6372011815895,418.2385229314581,122379700
2022-01-21,412.103759765625,419.2359139440063,421.58821170548157,412.0755333410702,202271200
2022-01-24,413.85382080078125,406.50524550753806,414.3619251147175,395.901098425589,251783900
2022-01-25,408.8011474609375,407.4744480032651,413.7409730372485,401.9136123373261,167997300
2022-01-26,407.7754821777344,414.68182421507754,417.80568219701877,403.5225099061903,186391100
2022-01-27,405.761962890625,412.36723366568094,415.50048178403745,404.07773829561154,149878300
2022-01-28,415.8392028808594,407.11686454826264,415.886237349482,402.54401155859085,164457400
2022-01-31,423.3288879394531,415.1711072435179,423.67702338927,413.82559991033423,152251400
2022-02-01,426.1893005371094,424.053395889453,426.8291186076498,420.5343677869096,123155400
2022-02-02,430.3293762207031,428.58867006151223,431.05387362428513,426.28340667304684,117361000
2022-02-03,420.2144775390625,424.3074813838875,426.20812763649417,419.37704575360794,118024400
2022-02-04,422.1904296875,419.97926396514714,426.0293671450485,417.6081293545503,118454400
2022-02-07,420.8354797363281,422.95254768054906,424.3450895509773,419.50878037886775,84472900
2022-02-08,424.298095703125,420.3368340105605,425.2202068332441,418.9160368655322,81012000
2022-02-09,430.5081481933594,428.3252089130967,430.8280572528607,428.1276239352286,92589900
2022-02-10,422.7738342285156,424.6744807309833,430.66813161634667,420.77909006037453,140103700
2022-02-11,414.43719482421875,422.858431768966,424.9284364407401,413.00700821201644,153214600
2022-02-14,413.0822448730469,413.92909493615394,415.5098319487012,409.6196698794952,123006300
2022-02-15,419.7440185546875,417.5140448697904,419.9133771021189,416.99652213320917,88482700
2022-02-16,420.2144775390625,417.70221089727113,421.588211390658,415.82979106919817,84863600
2022-02-17,411.23809814453125,417.0341632264874,420.186247943638,410.63592485416507,102259100
2022-02-18,408.5753479003906,411.4921744012356,412.7436129970205,406.3077292195654,132642900
2022-02-22,404.19061279296875,406.37355193227506,409.7702560003978,400.6997823601273,124391800
2022-02-23,397.0208740234375,407.0981107701267,407.66266804171244,396.4563167518518,132578000
2022-02-24,402.9956359863281,386.7365552102814,403.42847944353576,386.3790300752348,213942900
2022-02-25,411.8873596191406,404.2282639234101,411.97203889724267,402.5816554040874,121804500
2022-02-28,410.83343505859375,406.505202258136,412.31068466320824,405.25379272155976,145615000
2022-03-01,404.5764465332031,409.3374953713261,411.3416578546236,401.8759843184385,137785900
2022-03-02,412.0190734863281,406.8251817399771,413.740942784039,406.0724579549326,117726500
2022-03-03,409.9678955078125,414.446680076633,415.04885343146157,408.17073639481583,105501700
2022-03-04,406.63702392578125,406.2418252656333,407.7661096277124,402.60047290853925,113978200
2022-03-07,394.6496887207031,406.0536235461076,406.7593128666358,394.5838174926232,137896600
2022-03-08,391.6576232910156,394.82851645161617,401.97008984857894,390.5943799836052,164772700
2022-03-09,402.1581726074219,400.0222969242245,404.13410814898197,397.83935806469975,116990800
2022-03-10,400.3422546386719,397.55711352812676,401.2361105228519,395.6000145047704,93972700
2022-03-11,395.2518310546875,402.82621713239433,403.4378087082755,394.743726780533,95636300
2022-03-14,392.3632507324219,396.0234396841189,399.4671781987032,391.2247467020312,95729200
2022-03-15,400.991455078125,394.96955062340055,401.6218547157255,393.6993329697204,106219100
2022-03-16,409.8831481933594,404.49170046381727,409.939601038674,399.7023972745846,144954800
2022-03-17,415.01123046875,407.9731446506093,415.01123046875,407.5967827207491,102676900
2022-03-18,419.55670166015625,413.40286121868064,419.8776045343294,412.6666654946888,106345500
2022-03-21,419.4340515136719,419.3868421211315,421.3877829881189,415.9323761926658,88349800
2022-03-22,424.3419494628906,420.82140820007544,425.276343887646,420.82140820007544,74650400
2022-03-23,418.8771667480469,421.8125310374547,423.3037890750717,418.79222440449075,79426100
2022-03-24,425.1914367675781,420.8969665486931,425.200884406194,419.7832397355188,64736900
2022-03-25,427.2679138183594,425.8238364518409,427.5416361124458,423.2471369609336,77101300
2022-03-28,430.3070983886719,426.6733001787727,430.3070983886719,424.7856157896072,68529800
2022-03-29,435.63037109375,434.18629362949696,436.1211874892994,431.50578514438973,86581500
2022-03-30,432.9403991699219,434.4882852945164,435.30000450918726,430.83562083793777,79666900
2022-03-31,426.27685546875,432.1758685328461,432.9970065427643,425.8238008960685,121699900
2022-04-01,427.4848937988281,427.85297716856473,427.99454769538653,423.91717250407186,89048800
2022-04-04,431.1471252441406,427.6832403411355,431.2509628688752,426.8621021980193,59601000
2022-04-05,425.701171875,429.6558732347616,432.1192876988634,424.5591308094842,74214500
2022-04-06,421.4443664550781,421.793612229182,423.71902938512,418.5656595556562,106898000
2022-04-07,423.5680236816406,420.5666126114327,425.3802132507673,418.62230012164184,78097200
2022-04-08,422.4354553222656,422.8129864370016,425.32361011547357,420.89698794603316,79272700
2022-04-11,415.2150573730469,419.16972953989875,420.0097628914947,414.7148221783834,89770500
2022-04-12,413.67657470703125,418.1975577653763,420.71762892299597,412.12865978994853,84363600
2022-04-13,418.4146423339844,413.4311571589825,419.16970449840653,413.25182485427155,74070400
2022-04-14,413.2046813964844,418.64119283709516,419.7549485147844,413.1008437773758,97869500
2022-04-18,413.37451171875,412.2796514632989,415.0545494478205,411.14702946006696,66002500
2022-04-19,420.04754638671875,413.27073740895713,420.76484688177004,413.1008527235854,77821000
2022-04-20,419.736083984375,421.8219961207023,422.4354878298303,418.57517643732126,65224400
2022-04-21,413.4595947265625,423.35107333516925,424.7385227995047,412.5535140979507,85417300
2022-04-22,402.11456298828125,412.37412370691203,413.4784030168014,401.54825187367607,132471800
2022-04-25,404.4458312988281,399.87763849644267,404.61571598232445,395.31886452951045,119647700
2022-04-26,392.73272705078125,401.9162927984164,402.1145203899857,392.70441293823944,103996300
2022-04-27,393.8370056152344,393.80869150273776,399.169736833569,391.70394193167726,122030000
2022-04-28,403.7850646972656,398.5750669559005,405.5123117771295,394.1484454415817,105449100
2022-04-29,388.86297607421875,399.8021034252902,401.9540624319965,388.11733269096055,145491100
2022-05-02,391.20367431640625,388.92901145512707,392.5628092111438,382.2749075321882,158312500
2022-05-03,392.9970397949219,391.7039805238848,395.4038260055901,390.14661777180356,100028200
2022-05-04,404.96490478515625,393.65766562044956,405.53121582781534,390.47692222902697,144247900
2022-05-05,390.5714111328125,400.7082690292883,401.13300961981093,386.4468245601506,172929100
2022-05-06,388.2400207519531,388.01350785652954,391.50570647733946,382.9450801949944,151770800
2022-05-09,375.8096923828125,382.3505124543199,383.5869435337957,374.23346310540126,155586100
2022-05-10,376.6780090332031,381.7747515433738,383.27545730002635,372.64781289944233,132497200
2022-05-11,370.69403076171875,375.7152782695393,381.35001745771194,369.94838734516037,142361000
2022-05-12,370.30706787109375,367.5038552140162,373.57275401716174,363.5208397349999,125090800
2022-05-13,379.1602783203125,374.43161982347493,380.53827982576547,373.3933876739787,104174400
2022-05-16,377.621826171875,377.5180173546355,381.2839385536254,375.27166828724563,78622400
2022-05-17,385.3896484375,383.70016285890136,385.62560898408395,379.9719747013643,83029700
2022-05-18,369.85400390625,380.84034133335325,381.12348248197793,368.6175728842904,117674500
2022-05-19,367.5887756347656,366.79595164216687,372.005979027499,365.3707407010665,98510700
2022-05-20,367.749267578125,371.1659719805041,374.7336946022532,359.1697448163897,131432200
2022-05-23,374.6298522949219,370.7695124155736,375.3943621595535,368.45711634736125,76414900
2022-05-24,371.7699890136719,370.5146628553773,372.9592105064328,365.2291411864955,91448800
2022-05-25,375.0545959472656,370.2787563943249,377.0178039870792,369.8823587734453,91472900
2022-05-26,382.54864501953125,376.28154835892093,384.18150224653084,376.07390194163645,82168300
2022-05-27,391.93988037109375,385.0026351628093,392.0531368146943,384.80443638650837,84768700
2022-05-31,389.7407531738281,390.3259307298854,393.0725149914447,387.00361655148845,95937000
2022-06-01,386.58831787109375,391.8549734040455,392.8648626531449,384.07769419751776,86585800
2022-06-02,393.9502868652344,386.4278638148007,393.9974674509903,384.1815149003103,79609600
2022-06-03,387.48492431640625,389.24045670832646,390.78837150030967,386.512768154437,71874300
2022-06-06,388.6648254394531,391.48690467497266,393.21412339545446,387.49444141094756,57508900
2022-06-07,392.39288330078125,385.18194504153405,392.84593785258215,384.7194428520581,59272400
2022-06-08,388.1268005371094,390.6846048993001,392.4684805286195,387.33397652533813,64350000
2022-06-09,378.89599609375,386.3523433395128,388.6175587452947,378.89599609375,86289800
2022-06-10,367.9096374511719,372.70437142833873,373.55382355387263,367.862456867888,132893900
2022-06-13,353.9408264160156,358.5184668650851,360.3683895194282,352.3362831480851,170004900
2022-06-14,352.874267578125,355.6869276147928,356.7157121238985,349.7784664118968,104011800
2022-06-15,357.9049377441406,356.1682429235863,362.3409783554577,351.22251951050276,125666800
2022-06-16,346.0596923828125,349.70293778443306,350.1087829653544,343.63401132773026,134473300
2022-06-17,346.8057556152344,346.474006989018,350.14245020385545,343.30795986691686,111113900
2022-06-21,355.5360412597656,352.5216653163301,356.91999511391333,352.4458155848116,76811900
2022-06-22,354.8915710449219,351.3178962620308,358.9960494687862,350.9008093965039,90059400
2022-06-23,358.3703308105469,357.02430174493765,359.1002181811548,353.4696047412398,79292100
2022-06-24,369.7643127441406,361.5363809433128,369.77380119326506,361.507944524138,98050300
2022-06-27,368.3519287109375,370.68380190795756,370.9776545538821,367.2618273862305,66009600
2022-06-28,360.82550048828125,369.90658420443964,372.68398100101825,360.71175479299797,86548900
2022-06-29,360.5316162109375,361.3752782573753,362.36109348225904,358.7116273894593,65676000
2022-06-30,357.6025695800781,356.64516179349505,360.834977987892,353.156825579061,112508300
2022-07-01,361.3847351074219,356.9484798436387,361.82079880218214,354.33221338787916,74839700
2022-07-05,362.0672607421875,356.3039239194396,362.08623764291843,353.4791138897527,81438000
2022-07-06,363.2900085449219,362.2093668453206,365.7735520504945,359.83010948727616,70426200
2022-07-07,368.7310791015625,365.06263643850446,369.5273277554807,363.30898013880693,64525900
2022-07-08,368.4278564453125,367.100746104859,370.2952588737565,365.57460971282467,72397800
2022-07-11,364.21905517578125,365.7546798643806,366.72154716840924,363.52706364959664,58366900
2022-07-12,360.9960632324219,363.6692023712076,366.04848886653093,359.2518953418649,62219200
2022-07-13,359.10028076171875,355.5645600399159,362.02937706003513,355.14747320454023,84224600
2022-07-14,358.22821044921875,354.1521398256336,359.30882348190096,351.71600904471353,89704800
2022-07-15,365.0721740722656,362.6265260152687,365.185919762693,360.72122784420594,79060400
2022-07-18,362.05780029296875,368.1529146526756,368.82592927824663,360.83497625525047,63203600
2022-07-19,371.84027099609375,365.97264856832055,372.4090283274704,365.31861090466685,78506000
2022-07-20,374.2100830078125,372.02988023942527,375.62250240338216,370.6648741646818,71843800
2022-07-21,378.0207214355469,373.6318507302927,378.068105826219,371.2336162126565,64903900
2022-07-22,374.5134582519531,378.1440056178114,379.3383643459128,372.29533041038957,72197300
2022-07-25,374.9683837890625,375.139002292695,375.82150523542174,372.7312795602707,53631500
2022-07-26,370.5322265625,373.3285714235852,373.537114847819,369.64118001606494,52946400
2022-07-27,380.1535339355469,373.8214115297532,381.8977018374365,373.52755888438156,82342100
2022-07-28,384.9216613769531,380.9593649840049,385.61362406746434,377.41412653876154,73966600
2022-07-29,390.53326416015625,386.352936564959,391.51910833460266,385.585124244229,87003700
2022-08-01,389.3768310546875,387.84120629648845,391.8793520889404,387.1302667656035,69997500
2022-08-02,386.8080139160156,387.81280623295083,391.4907383794108,385.63260303844,63435400
2022-08-03,392.86517333984375,388.931285023342,394.0310955881913,388.6469207989162,67820600
2022-08-04,392.59979248046875,392.7893590044414,393.4718621327927,390.9598814965707,45656600
2022-08-05,391.9361877441406,388.3246175842232,392.5807659148732,388.26774474140564,56814900
2022-08-08,391.48114013671875,393.6234467801919,395.8700106498597,390.3815503961838,53886100
2022-08-09,389.92657470703125,390.7512597952123,391.25365582181684,388.85542136603334,44931800
2022-08-10,398.11663818359375,396.96966387104465,398.2588492285253,395.01695232609546,68665700
2022-08-11,398.11663818359375,400.9603962309802,402.81833898357877,397.37726224840134,59489700
2022-08-12,404.8563232421875,400.0503656332881,404.9605804756404,399.10244636975136,61694500
2022-08-15,406.524658203125,402.64767172710765,407.04603117644456,402.59079888321116,54048300
2022-08-16,407.32098388671875,405.4535814834621,409.24525914057574,404.64784419568446,59289000
2022-08-17,404.4297180175781,403.7282670715911,407.13129350400095,402.4296224053403,63563400
2022-08-18,405.6051940917969,404.628809463559,406.28766820146114,403.33965312992564,49023200
2022-08-19,400.1546630859375,402.84675039895933,403.11216664311075,399.28256461046794,68016900
2022-08-22,391.8224792480469,395.3297635768896,395.5004110497399,390.921944270961,77695600
2022-08-23,390.8745422363281,391.3958862975145,393.7846615275958,390.32473282411485,49105200
2022-08-24,392.125732421875,390.64695191540625,393.4907094010359,389.96447788992435,49177800
2022-08-25,397.66162109375,393.6139873082117,397.70900548583626,392.5238859364247,50942300
2022-08-26,384.201171875,397.547891912805,398.0881839321778,384.1442990308555,103087000
2022-08-29,381.6607360839844,381.25313774516417,384.70354880710715,380.3052184856568,65370800
2022-08-30,377.4709777832031,382.81725710753153,383.05423695854176,375.3760840001701,85652400
2022-08-31,374.5987243652344,379.10134082789193,380.3431127380741,374.46603071215685,76029700
2022-09-01,375.774169921875,372.4280160542996,376.1154069737023,369.7264403478649,78740100
2022-09-02,371.81182861328125,379.43310730382876,380.6464427581479,370.00129941700374,99632100
2022-09-06,370.40899658203125,372.6555609471726,373.5939919026862,368.19086864195987,76637400
2022-09-07,377.0633850097656,370.0961715004415,377.8311974242417,369.87816854830936,70964200
2022-09-08,379.52789306640625,374.79778552612436,379.98287576733065,373.59390963079943,80821700
2022-09-09,385.4239501953125,381.7649670625823,386.2865601335256,381.49955084530114,76706900
2022-09-12,389.5664367675781,387.49049096842776,390.2868647682197,387.18714981782034,69256300
2022-09-13,372.6271057128906,380.9024232007864,382.1062993004574,371.5085678123265,122947100
2022-09-14,374.0489196777344,373.92568555402255,375.56559617352946,370.7501504689949,85023700
2022-09-15,369.80224609375,372.4943332407687,375.3380909362644,368.53203779447915,87633800
2022-09-16,366.9810791015625,365.6295206827052,367.63783250475103,363.6973120856197,103084800
2022-09-19,369.8269958496094,363.84011191988435,369.8269958496094,363.7639505998914,73278500
2022-09-20,365.5819091796875,366.5051690967704,367.51408871168167,362.83118428153335,77274900
2022-09-21,359.2048034667969,367.504586823731,370.5504007332188,359.19527603958755,106746600
2022-09-22,356.1875305175781,358.4337956869669,360.07091552367,355.44511739669144,89472600
2022-09-23,350.2197265625,352.7229712221048,352.76105188849385,345.7842729569001,122346900
2022-09-26,346.7550354003906,348.753848761664,352.37072699861113,345.53671576875286,92581200
2022-09-27,345.8698425292969,350.2862401271678,352.5515599107997,343.48078239742836,108294100
2022-09-28,352.6753234863281,346.821678453464,354.3600222961964,345.1274522170946,110802200
2022-09-29,345.3082580566406,349.13453598884,349.42006827966514,342.36715927302765,112952300
2022-09-30,339.9686279296875,344.36600021604005,348.2779675279083,339.8353891876637,153711200
2022-10-03,348.94415283203125,343.6806280610039,350.79067239084634,341.90074238401866,89756500
2022-10-04,359.7568664550781,354.45525951637643,359.78541969158493,348.90620087696135,103602800
2022-10-05,358.9191589355469,355.3974682809226,361.1749510870313,353.07504224847634,88065700
2022-10-06,355.216796875,357.52016919472294,360.470796746613,354.72183528292857,82333500
2022-10-07,345.3082580566406,351.19045562386657,355.3022948939197,343.5473981378096,107789500
2022-10-10,342.6717224121094,346.4218681376383,346.65982139917173,340.43498499131846,76042800
2022-10-11,340.5016174316406,340.9775239932869,345.5367169870272,338.5694379532379,92482800
2022-10-12,339.3785095214844,340.91094386553914,342.4814298234217,339.13102879643657,76991800
2022-10-13,348.3350830078125,332.3826842498608,349.8008834901985,331.3356839052994,147254500
2022-10-14,340.3968811035156,350.7906625915619,352.4182837032228,339.7591536254395,123737000
2022-10-17,349.14404296875,346.4694508288709,350.24814950699954,340.0637390408717,93168200
2022-10-18,353.2464294433594,357.0536821558411,357.35826934412756,349.81036876588746,97162900
2022-10-19,350.7431335449219,351.2095126771094,353.9317132956456,347.9352732315164,79746900
2022-10-20,347.80206298828125,350.2958089110657,354.7122360773966,347.0405950042413,88283100
2022-10-21,356.254150390625,347.5260110650035,356.7395553428867,346.0221590756883,131038400
2022-10-24,360.6134338378906,357.77704931693273,361.7460937798273,355.1309809456278,85436900
2022-10-25,366.3719177246094,360.53729867069814,366.68600327248134,360.4230857441992,78846300
2022-10-26,363.61163330078125,363.2309138667366,368.90371186098525,362.9739347843384,104087300
2022-10-27,361.66998291015625,364.6110821532887,366.44807462100994,361.05128110498777,81971800
2022-10-28,370.2742919921875,361.5652086354592,370.7501985039981,361.3843618372089,100302000
2022-10-31,367.5997619628906,367.81868945232327,369.68423516133385,366.69555686556424,96631300
2022-11-01,365.9912109375,371.3404256632253,371.57837896955164,364.8204992604764,85407600
2022-11-02,356.80615234375,365.4010229977816,369.9031091678092,356.70146685113565,126990400
2022-11-03,353.1321716308594,353.56999750398336,356.1684576069525,351.0191454820897,87100100
2022-11-04,358.2149353027344,358.8336081280306,360.61349432188257,352.170915138916,103505200
2022-11-07,361.6414489746094,359.50936758378657,362.23156853069116,357.43442171013305,68286900
2022-11-08,363.5926208496094,362.745493209243,366.5622732100706,359.5188617569453,84641100
2022-11-09,356.1018981933594,361.622403460563,362.77411841444257,355.6069367100275,78495500
2022-11-10,375.6711730957031,369.351119187772,376.0043135418382,367.0572748219786,141455800
2022-11-11,379.30712890625,376.5278212790889,380.106648595616,374.64322048105964,93839900
2022-11-14,376.0804443359375,377.5462448649226,380.89661702699635,375.80441036199727,71903500
2022-11-15,379.2881164550781,381.8199436113178,382.92405065256037,375.48086281508586,93194500
2022-11-16,376.39453125,377.6604299906343,378.61224316456577,375.76633106956126,68508500
2022-11-17,375.2428283691406,371.6449756187588,375.9186366580597,371.3404174691277,74496300
2022-11-18,376.94659423828125,378.5741867367159,378.6408206344442,374.1006819611119,92922500
2022-11-21,375.575927734375,375.62353581760493,376.7466683045898,373.73893542221714,51243200
2022-11-22,380.6300354003906,377.51761716325757,380.7918564006526,376.10892338301994,60429000
2022-11-23,383.0286560058594,380.29692789864373,383.51406095455076,380.06850204043604,68261600
2022-11-25,382.9429626464844,382.4670560829331,383.4950305265415,382.191051189936,30545400
2022-11-28,376.83233642578125,379.8590951809206,381.4962149118125,376.0708685003482,67881600
2022-11-29,376.18511962890625,376.96558433179973,378.1553507626501,374.34809818392904,52310000
2022-11-30,388.0352478027344,376.4326410939259,388.0352478027344,374.5195160703624,144566700
2022-12-01,387.7496337890625,389.07263892248426,390.2433795179694,385.24636063389784,76398200
2022-12-02,387.3022766113281,382.8668240269508,388.20648163885994,382.7621385272809,85342700
2022-12-05,380.33502197265625,384.48494250767516,385.4177008262784,378.98346353454565,77289800
2022-12-06,374.8525695800781,380.17323078475664,380.7157422182558,372.7681254520418,77972200
2022-12-07,374.2148742675781,374.0054742055746,376.5753814167961,373.0822142567911,65927900
2022-12-08,377.14642333984375,376.0994521400108,378.212449392276,374.3195371968257,60737900
2022-12-09,374.3291015625,375.90911499149865,378.459967446831,374.20536119651905,81447700
2022-12-12,379.7258605957031,375.119059475854,379.7258605957031,374.4528077117335,75405800
2022-12-13,382.6003112792969,390.45276931962,390.70974839855415,379.84005911089247,123782500
2022-12-14,380.1541748046875,382.257673780074,385.9602409589763,377.21307559103866,108111300
2022-12-15,370.85491943359375,375.29987006418787,376.2041040710259,369.19877403899443,117705900
2022-12-16,366.4765930175781,368.302907769073,369.6415593936089,364.34432159505855,119858000
2022-12-19,363.3690185546875,366.6678648941245,367.0025351167428,361.70526779936387,79878100
2022-12-20,363.8662109375,362.6136124267533,365.4821639806004,361.29407404311723,74427200
2022-12-21,369.30694580078125,366.4575070608886,370.4352358837999,365.92204637130624,78167400
2022-12-22,364.0382995605469,366.26619498775557,369.2877393144812,358.34899424622876,100120900
2022-12-23,366.1324462890625,363.0152768784984,366.27586806369106,361.46626335166565,59857300
2022-12-27,364.6885986328125,366.01770849733794,366.36192075609665,363.0152765095284,51638200
2022-12-28,360.1562194824219,364.6215818081712,366.59134742365524,359.92674469166934,70911500
2022-12-29,366.6391906738281,362.9961320141737,367.5093216045126,362.4702133125497,66970900
2022-12-30,365.6733703613281,363.9618223377231,365.8167920978852,361.8486350909296,84022200
2023-01-03,364.1340026855469,367.52844425814527,369.4981809896888,361.2749926451564,74850700
2023-01-04,366.9452209472656,366.39061782612254,368.97232657809616,363.34995937987674,85934100
2023-01-05,362.757080078125,364.9945470716449,365.10928447945327,362.1642506841692,76970500
2023-01-06,371.0758361816406,365.8455090657922,372.19458418736764,362.7857380848977,104189600
2023-01-09,370.8655090332031,373.2655401902277,376.44964922378716,370.6838609207569,73978100
2023-01-10,373.4662780761719,370.28219867133123,373.53321794947027,369.3451279864,65358100
2023-01-11,378.1899108886719,375.0440863246855,378.2664219549091,374.2313240333408,68881100
2023-01-12,379.5667724609375,379.289500125456,381.02973273660194,375.22571833967487,90157700
2023-01-13,381.0393371582031,376.37315440820146,381.6130534140989,376.10542404617286,63903900
2023-01-17,380.3412780761719,381.0201896884126,382.6935115955875,379.6623956443495,62677300
2023-01-18,374.3363952636719,381.5269162830095,382.58826631918953,374.1356048315,99632300
2023-01-19,371.611328125,372.2997525257694,373.94439001524745,370.29178966269103,86958900
2023-01-20,378.5340881347656,373.00734634342695,378.68708106087394,371.36270886328373,91806400
2023-01-23,383.0760192871094,379.3373361629709,385.00750055643533,378.38115211629884,84178800
2023-01-24,382.664794921875,381.4026252152029,383.57315208650715,380.21696655885887,59524900
2023-01-25,382.8082580566406,378.6010544265812,383.14292828207675,376.3157607326886,84800300
2023-01-26,387.01544189453125,385.46642861189923,387.17800600043023,382.5022526217131,72287400
2023-01-27,387.9046630859375,385.97318218490153,390.2760095744735,385.762820567528,68346200
2023-01-30,383.0376892089844,385.1508473703547,387.37877210654403,382.7412745466371,74202000
2023-01-31,388.6696472167969,383.5540574493801,388.7174447402499,383.20981606709955,86811800
2023-02-01,392.80029296875,387.4552290338302,395.5445649835094,384.7205573752073,101459200
2023-02-02,398.51837158203125,396.6824854385565,399.981331954011,394.7892597691829,101654500
2023-02-03,394.282470703125,393.5557615392747,398.70003602985804,393.0776695484089,94736800
2023-02-06,391.872802734375,391.8345763914126,393.2688521236934,390.21862339860974,60295300
2023-02-07,396.9980163574219,390.9549267928235,398.24104381969875,389.7118993305467,90990700
2023-02-08,392.6568603515625,395.0282066123747,396.366858057828,391.96840686812754,76227500
2023-02-09,389.2528991699219,396.25217230001425,396.40516522520073,388.028984948847,78694900
2023-02-10,390.1612854003906,388.07678232835883,390.54375312300726,387.26404936045475,70769700
2023-02-13,394.74139404296875,390.81149214644563,394.875273798094,390.3525133608386,64913500
2023-02-14,394.559814453125,393.22113339110297,396.86419241693784,390.6107695170896,88389300
2023-02-15,395.8410339355469,392.3700815999979,395.91751581058026,391.5286350725414,61555700
2023-02-16,390.39080810546875,390.87847129038914,394.8179447595729,390.25695751731473,76431500
2023-02-17,389.4154357910156,388.26800352329917,389.65448174842203,386.34606468801917,89257800
2023-02-21,381.6034240722656,385.39947527197734,386.4512833840668,381.3452649276504,82655900
2023-02-22,381.0775146484375,382.0145561334285,383.55402728513724,379.62409654042705,83742300
2023-02-23,383.10467529296875,383.96523503521115,384.5772067863999,378.88790045751995,96242400
2023-02-24,379.01214599609375,378.0942177024235,379.8440212478962,376.3922116756281,108194400
2023-02-27,380.30303955078125,382.3492579579314,383.7070519585176,379.365968807818,80444700
2023-02-28,378.8974914550781,379.82499112745273,381.785156708453,378.79229603840645,96438600
2023-03-01,377.4440002441406,378.08465625730815,379.3085704071732,376.14360422634064,99706800
2023-03-02,380.3795166015625,375.4742885040699,381.2209631061389,375.13961830151106,85127800
2023-03-03,386.4800109863281,382.1962961869598,386.7286281625777,381.54609807414363,90120000
2023-03-06,386.74774169921875,387.3023155770407,389.5971805098177,386.30790523195174,72795900
2023-03-07,380.8193359375,386.69989002886615,386.9389359941927,380.2073934400801,108310600
2023-03-08,381.4408874511719,380.9341111603913,382.19625170885286,379.212962662717,74746600
2023-03-09,374.40338134765625,382.2249589763906,383.88873887527785,373.41851305631604,111945300
2023-03-10,369.00091552734375,373.8583166785041,375.9332484862883,367.48058669730784,189253000
2023-03-13,368.4749755859375,365.0805347641921,373.28460811867615,363.9713580532645,157790000
2023-03-14,374.5659484863281,373.3898317252391,376.21058604424246,370.0909854321958,149752400
2023-03-15,372.2232971191406,368.9818486133687,372.42408758364206,366.8973453679593,172996900
2023-03-16,378.7539978027344,369.87107021323396,379.0982391870772,369.36429390384325,143254200
2023-03-17,374.3253173828125,377.4255889740926,378.55818505074,372.9431553160695,140553400
2023-03-20,377.92462158203125,375.10271032669414,378.33737201798544,374.4020510102493,93055800
2023-03-21,382.8870544433594,381.28412015653794,383.36697102971766,379.69079357481445,91524200
2023-03-22,376.3601379394531,382.7142575848104,386.32321007597335,376.3217657060295,111746600
2023-03-23,377.3775939941406,379.2204571484992,383.25176789780386,374.6708576136584,119351300
2023-03-24,379.8539733886719,376.1010222149094,379.9403548581303,373.75902695920195,107682400
2023-03-27,380.5642395019531,382.1287722364247,382.89665633801565,379.67160169490063,74010400
2023-03-28,379.7100830078125,379.87323827558174,380.5643194663322,377.87679777551904,62871700
2023-03-29,385.2290344238281,383.8660584843338,385.46899270747423,382.6662670661032,77497900
2023-03-30,387.4846496582031,387.8589693504225,388.1085353397573,385.6225710265115,69840000
2023-03-31,392.94610595703125,388.4060846284512,393.2436518891425,388.3004877505952,112062600
2023-04-03,394.4434814453125,392.4278257842298,394.84659500245755,392.03429064106433,67391100
2023-04-04,392.2550354003906,395.0865256835199,395.3744932102715,390.8824517022873,66601500
2023-04-05,391.2280578613281,391.52560384016596,392.28388034677903,389.5771434182015,65200200
2023-04-06,392.754150390625,390.4313411526847,393.0325102209904,389.3851264771968,63743300
2023-04-10,393.1572265625,390.2777272293107,393.23402961478297,389.66344926995697,63681000
2023-04-11,393.2628479003906,393.78116601430696,394.6641961280183,392.4949930804865,59297900
2023-04-12,391.6598815917969,395.32645103436823,395.61441853712375,391.0743974655557,86420400
2023-04-13,396.8622741699219,392.744581127332,397.21740780284637,391.602377161458,85814800
2023-04-14,395.892822265625,396.2287697684171,398.4171884519207,393.5892282764297,78161500
2023-04-17,397.3133544921875,395.8064093482449,397.3325406110166,394.577824032139,66436400
2023-04-18,397.5725402832031,398.8875072085601,399.0218979297028,396.1999857035815,63560000
2023-04-19,397.50537109375,395.6624782963843,398.4075874340768,395.60489064257166,55227300
2023-04-20,395.3360290527344,394.69292804080766,397.0829321795522,393.7906826584634,75840400
2023-04-21,395.6432800292969,395.63367232336066,396.10398124565415,393.6948196903557,73457400
2023-04-24,396.0559387207031,395.4416314735753,396.4782676301581,394.10747868962846,64332100
2023-04-25,389.7690734863281,394.0883231137075,394.6450428024144,389.7114858346393,97766700
2023-04-26,388.1181335449219,390.3833550986097,391.4583635816679,387.56144318468967,80447000
2023-04-27,395.8448486328125,390.65214704527966,396.11360078097556,390.4025810177756,92968400
2023-04-28,399.22344970703125,394.9617875942257,399.23305741321724,394.90419994068407,89433100
2023-05-01,398.8203430175781,398.78194148395835,400.8455772162606,398.589963107647,62122300
2023-05-02,394.337890625,398.11002828382885,398.1580375216088,391.4392047424731,103998500
2023-05-03,391.6311340332031,394.83697342513307,397.24616414474065,391.39117573178515,91531800
2023-05-04,388.8572082519531,390.58489620304397,390.91123595861524,387.52302611509293,94901900
2023-05-05,396.0559387207031,392.4853583991723,397.10215328992234,392.2262140059175,87891800
2023-05-08,396.16162109375,396.3823933168665,396.64153778521086,394.76027255638553,50046800
2023-05-09,394.4242858886719,394.61626426292884,395.53769601743005,394.19393527299343,49220100
2023-05-10,396.26715087890625,397.25577792419296,397.88927136463667,392.44700411687967,96142900
2023-05-11,395.5760498046875,395.4032868637811,395.8639880395315,393.5028066384593,70157100
2023-05-12,395.0577392578125,396.8142503993596,397.0254148728848,392.63897016343816,70481500
2023-05-15,396.42071533203125,395.6624389099318,396.8238288685914,393.75238023444746,54289400
2023-05-16,393.7715148925781,395.31683206708055,396.23829289950714,393.76190718855895,57705500
2023-05-17,398.551513671875,395.78718962241436,399.15618392738526,394.1458832024653,87287000
2023-05-18,402.390869140625,398.23477512417634,402.8131980774416,398.01403224251106,97177200
2023-05-19,401.8053894042969,403.29314851307697,403.8210450825171,400.5864117249465,103793300
2023-05-22,401.968505859375,401.8245367549846,403.504244653695,400.58634387366504,60745400
2023-05-23,397.457275390625,400.32716691785123,401.9013072243869,397.06374031399105,86383500
2023-05-24,394.5777587890625,395.85435312883413,396.2382804844256,393.41636901857,89213700
2023-05-25,397.994873046875,398.0812545290906,399.44423070710803,395.84485582251955,90961600
2023-05-26,403.14910888671875,398.64748907245814,403.8689837488059,398.57071530888675,93830000
2023-05-30,403.3027038574219,405.07840112218025,405.6062976614237,401.9205417166639,72216000
2023-05-31,401.06634521484375,401.47906649861943,402.3813121326053,399.5018122688516,110811800
2023-06-01,404.8768615722656,401.2966730663804,405.9326839874396,400.0489015795839,88865000
2023-06-02,410.7318420410156,407.44919955900986,411.5188830151562,406.92130300774403,91426200
2023-06-05,409.9447937011719,411.0773899248413,412.3635629860605,409.2441048720611,65460200
2023-06-06,410.83734130859375,409.5319824140115,411.3652377720656,408.8792736749402,64022200
2023-06-07,409.41680908203125,411.2309077542299,412.36350381538136,408.99448016231673,85373300
2023-06-08,411.89324951171875,409.48405866767195,412.34437231335727,408.71620378018724,61952800
2023-06-09,412.6322937011719,412.6898813507892,414.63834160760314,411.64366666036057,85742800
2023-06-12,416.3757019042969,413.61140641897026,416.4525049768777,412.89153139542077,76104300
2023-06-13,419.1207580566406,417.8345851160925,419.76382988102273,417.1722978814529,95899700
2023-06-14,419.619873046875,419.45671780561304,421.4243641568749,416.1740753599218,100612100
2023-06-15,424.82220458984375,418.8040313332803,426.06997610483035,418.7080714411939,110303100
2023-06-16,423.37518310546875,426.80488011436864,427.3732818174655,422.90312715218045,114165800
2023-06-20,421.1786193847656,421.4387558395076,422.32506614292663,419.1073181445954,76160400
2023-06-21,419.02056884765625,420.19591625792975,420.9955241203809,418.43288044222425,76982300
2023-06-22,420.53314208984375,418.0668439684426,420.6391018260277,417.72964857046975,70637200
2023-06-23,417.3538513183594,417.08410091737835,419.1361444036858,416.6409458444642,92074500
2023-06-26,415.64874267578125,416.78554609984883,418.7027001286234,415.40789299777055,72823600
2023-06-27,420.2055969238281,416.52540707007813,420.8221567639146,416.0726085341393,72813700
2023-06-28,420.4175109863281,419.1265310456325,421.4290677123489,418.509971256602,75636000
2023-06-29,422.0745544433594,420.00325329466176,422.2383451446893,419.5986423394109,67882300
2023-06-30,427.0552978515625,425.28264809004037,428.0379537648419,424.9647101118157,104964000
2023-07-03,427.54669189453125,426.70853977944085,427.82605633249915,426.4291459408796,32793400
2023-07-05,426.9108581542969,425.7355105986345,427.6430505530816,425.725867203726,58418400
2023-07-06,423.5678405761719,423.3366343156822,423.991738320798,421.06299828536083,80658300
2023-07-07,422.4984436035156,422.5755319557256,426.438769743823,422.2575939538954,86134200
2023-07-10,423.5678405761719,422.1420000351028,423.7412452715391,421.57359837767063,62443500
2023-07-11,426.2654113769531,424.3289998424092,426.756754157654,423.3559576768949,64463800
2023-07-12,429.6950378417969,430.0515200243212,431.1016209821125,428.62567949600117,91924500
2023-07-13,433.1054992675781,431.506253963796,433.89549322497544,431.0727422071223,72425200
2023-07-14,432.8357849121094,433.99187516083117,434.8396413558847,432.07469167502427,69815800
2023-07-17,434.338623046875,432.6912196663996,435.3887239970372,432.6430320958501,52680200
2023-07-18,437.5660095214844,434.0110663595222,438.2114701147798,433.5775252322227,80668200
2023-07-19,438.5390930175781,438.35604491544507,439.72405458332963,437.48896257877516,65891700
2023-07-20,435.62957763671875,437.5467608684042,438.44271452207744,434.91667207150675,70591600
2023-07-21,435.62957763671875,437.3444259913096,437.5467608684042,435.61996364299455,71275600
2023-07-24,437.5756530761719,436.7760157789645,438.38490436691495,435.74517222742827,54023400
2023-07-25,438.7702941894531,437.3059387900186,440.0227007047043,437.2577512159894,55191200
2023-07-26,438.837646484375,437.8357038433955,440.26345740361967,436.78560303915054,71052900
2023-07-27,435.92822265625,442.2192143317386,442.6238546795818,435.02262562113657,92194400
2023-07-28,440.1961364746094,439.1941936182639,441.024645224626,435.9282579906258,80011800
2023-07-31,441.03424072265625,440.66814456102355,441.39069349037516,439.35790721415856,62040400
2023-08-01,439.7721862792969,439.5698514127993,440.51399258801536,438.8184017102693,55291500
2023-08-02,433.6545715332031,436.660370149276,436.92047716007846,432.90312187918494,93933400
2023-08-03,432.4118347167969,431.64112757810364,434.2904737931767,430.9956375639887,64276100
2023-08-04,430.4561462402344,434.2230384704291,436.3232404604835,429.9359027397443,100128900
2023-08-07,434.21337890625,432.28658168791264,434.36752621178806,431.59293351328745,58357500
2023-08-08,432.3251037597656,431.6796137883657,434.2037427118271,428.9724661870649,71361300
2023-08-09,429.4349060058594,432.5948520910791,432.7586427817327,428.67381291504086,78789600
2023-08-10,429.5890197753906,431.7855671339231,435.1671052071516,428.42331584667255,93005500
2023-08-11,429.338623046875,427.720120293532,430.3502093181606,427.1228178060312,68690900
2023-08-14,431.7085266113281,428.4233633029166,431.7085266113281,428.1150686990038,47867400
2023-08-15,426.67962646484375,429.9358890851779,430.2923712690211,426.1111954097984,75707500
2023-08-16,423.5486145019531,426.26537646534126,427.9224233894094,423.4426253576642,80107200
2023-08-17,420.3211975097656,425.01294414487614,425.27305119137833,419.8009540161682,95711300
2023-08-18,420.52349853515625,417.5080561439708,421.5543421169173,417.1612467523088,98852000
2023-08-21,423.2595520019531,421.5350602162778,424.00135836533855,419.3867000805202,68719000
2023-08-22,422.1130676269531,425.0321640493009,425.0321640493009,421.5543094057689,64994200
2023-08-23,426.814453125,423.17280782729074,427.431042301619,423.0283039267051,68441000
2023-08-24,420.89923095703125,428.41372832126285,428.9243284062607,420.8703007742917,88517300
2023-08-25,423.866455078125,422.62366273446645,425.14776219480035,419.07836317797603,102325100
2023-08-28,426.5544128417969,426.0534267072631,427.17097271429145,423.8665222680011,61595400
2023-08-29,432.7201232910156,426.4483889303442,432.999517120143,426.26534084235647,83081900
2023-08-30,434.50244140625,433.05734340842935,435.1382880533624,432.3540517986095,69053900
2023-08-31,433.86651611328125,435.1189223908011,436.2557255535454,433.68346804802377,66084600
2023-09-01,434.6758117675781,436.5833515582069,437.06505085275637,433.2210704898494,58944100
2023-09-05,432.79718017578125,434.23266409054196,434.55057269413254,432.72976461783867,55166200
2023-09-06,429.88775634765625,431.987958395261,432.0939475374288,427.5659620214055,70758500
2023-09-07,428.56793212890625,426.89159834157476,429.2422936014499,426.54478891008307,70355400
2023-09-08,429.2133483886719,428.61604594030854,430.74514868706615,428.25959315019446,61659700
2023-09-11,432.03607177734375,431.8337369226589,432.344336954817,430.12853215124545,60180100
2023-09-12,429.6661071777344,430.5909909482861,432.1131477113599,429.08809157187744,67565400
2023-09-13,430.1670837402344,429.88768993651144,431.32314432701645,428.78940150844926,60199300
2023-09-14,433.8761291503906,432.63336626870154,434.56977723810513,431.33277242916336,83430800
2023-09-15,428.6487121582031,432.2935551441486,432.6222625307114,428.2136712808251,111848900
2023-09-18,428.90008544921875,428.3393267614431,430.1955896700722,427.86560575276553,55752200
2023-09-19,428.0106201171875,427.981617392204,428.57137880593234,425.3326034960519,66514600
2023-09-20,424.0758056640625,429.2675002876334,429.6832158729015,423.8727570723084,82562600
2023-09-21,417.0664978027344,421.233389771168,421.49441429318694,416.91180676973505,104095800
2023-09-22,416.1287841796875,418.09138093997245,419.68659011386745,415.7130390399654,100829700
2023-09-25,417.8786315917969,414.92023546020613,417.91728222441265,414.4851650567311,70874500
2023-09-26,411.73944091796875,414.84285049792544,415.54862280920696,410.90798029741677,96168400
2023-09-27,411.90374755859375,412.9092244496163,413.4699830924983,408.2686118060124,104705800
2023-09-28,414.291748046875,411.35270706101295,415.964317107926,410.762945679416,92258300
2023-09-29,413.28631591796875,417.3371969608053,417.5112133076614,411.7684378270295,115111300
2023-10-02,413.1220397949219,412.45494747860386,414.36921623468663,410.3666623367783,83798600
2023-10-03,407.5919494628906,410.9467362805822,413.1800350218719,406.2287621330651,103760600
2023-10-04,410.5599670410156,408.0559666596498,411.3043900178651,406.59609392791054,87453000
2023-10-05,410.4052429199219,410.269877205424,411.2463514179395,407.1858225474584,70142700
2023-10-06,415.2779541015625,407.95929439211045,416.81515765208843,406.63478734252965,113273300
2023-10-09,417.9366455078125,413.3830108074734,418.5070521455923,412.8319589906931,80374400
2023-10-10,420.1119384765625,418.5650575162268,422.70294712015226,418.1686672417201,78607300
2023-10-11,421.8327941894531,421.17537943505704,422.08414129890025,418.79703802262225,62451700
2023-10-12,419.2610778808594,422.4418474172078,422.81888280363904,416.91176888328704,81154200
2023-10-13,417.1728210449219,420.7596289275812,421.9584770278049,415.60661494268294,95143100
2023-10-16,421.5621032714844,419.4158131019472,422.6255856986061,419.1741138914331,75433200
2023-10-17,421.5427551269531,418.4393454760135,423.5923892481788,418.09131276942526,75324700
2023-10-18,415.9256591796875,419.77352121429993,420.73064064200355,414.8428514424272,93559800
2023-10-19,412.2711486816406,416.64108906158174,418.44899434083845,411.5944086302288,121323000
2023-10-20,407.2051696777344,411.8361348739324,412.3775387523352,407.09880668145956,123919900
2023-10-23,406.4993591308594,405.67757598059893,410.3568982821464,403.9276761980999,92035100
2023-10-24,409.56414794921875,408.61667642933105,410.7146385432617,406.7700909338865,78564200
2023-10-25,403.6860046386719,407.88192884542195,407.91093157015536,403.17360349885,94223200
2023-10-26,398.85205078125,402.6225823087564,403.47333880031834,397.93361142540357,115156800
2023-10-27,397.0441589355469,400.43762562519,400.83401590980566,395.6229662582375,107367700
2023-10-30,401.7911071777344,399.82851071417565,402.84491222424634,398.53300645045545,86562700
2023-10-31,404.314453125,402.361504611754,404.63348310254605,400.45691364342605,79665200
2023-11-01,408.6263427734375,405.28123407598383,409.43844855236455,404.74947812853236,98068100
2023-11-02,416.4573669433594,412.416134207257,416.61205795996426,412.3968088942919,94938900
2023-11-03,420.2569274902344,418.75840416588386,421.80380835994043,418.63271585397734,100167800
2023-11-06,421.22369384765625,421.0109973746679,421.66841210779677,419.2804228673673,67831700
2023-11-07,422.4224853515625,421.223666855701,423.0605747296388,420.08285380291056,64256100
2023-11-08,422.73193359375,423.02196085453033,423.5440394282341,420.43095231056213,61746000
2023-11-09,419.4351501464844,423.8727442351021,423.91142437106953,419.00975716373983,83174400
2023-11-10,425.9803161621094,421.5040718428815,426.2896982135309,419.4254351571336,89462200
2023-11-13,425.57427978515625,424.64616313137293,426.6764127794683,423.86306009469695,52236100
2023-11-14,433.830810546875,431.50082633241226,435.1166375219735,431.2784524100305,97176900
2023-11-15,434.7491760253906,435.16489156652574,436.39274237985995,433.8983901244557,77327600
2023-11-16,435.2809753417969,434.3045010394223,435.60000533429076,433.2410185572766,66665800
2023-11-17,435.82232666015625,435.29057073108856,436.43141334936854,434.3721314970017,83133200
2023-11-20,439.1771545410156,435.57099160312566,440.0182630951851,435.5613141930735,69936200
2023-11-21,438.2200012207031,438.13299304399567,439.0514618608499,436.9534996970191,49244600
2023-11-22,439.9118347167969,439.87318409093035,441.2266936036218,438.81937920232434,59394900
2023-11-24,440.1825866699219,439.9602422808771,440.3759578384197,439.6315348978691,29737400
2023-11-27,439.389892578125,439.55423153875734,440.36633744385705,439.003150191057,50506000
2023-11-28,439.82489013671875,439.00310690168646,441.1203943936042,438.4423777026132,62115000
2023-11-29,439.51544189453125,441.9711138199376,443.10227896211006,439.1190812038522,63146000
2023-11-30,441.2460632324219,440.35662667945024,441.59412543023933,438.28766732031204,79752700
2023-12-01,443.85638427734375,440.63693464669717,444.3881106766868,440.04720280394565,89183400
2023-12-04,441.5264587402344,440.47265370720123,443.8757680204174,439.25448022667734,72430900
2023-12-05,441.439453125,440.14394887033336,442.3965725770802,439.76688393206007,69793500
2023-12-06,439.6605224609375,443.57603770145914,443.60504042530386,439.2254520989698,69124700
2023-12-07,443.01531982421875,441.7391409339485,443.66305717468333,441.13973162302386,66995400
2023-12-08,444.9198913574219,442.2708481089666,445.4516177863762,442.02914891320626,83194400
2023-12-11,446.6504211425781,444.42680041904015,446.82446698086267,444.2141039538438,65002200
2023-12-12,448.6904602050781,446.30247061264276,448.7871457987425,445.30667095693167,68327600
2023-12-13,454.8778991699219,449.0674408996175,455.12927578193285,448.709730800554,93278000
2023-12-14,456.3377380371094,456.81145899765846,458.0006296077065,453.6693695971455,119026000
2023-12-15,455.58648681640625,455.7418050538591,456.9163936701103,453.7421308855315,141553700
2023-12-18,458.1491394042969,457.1881393985243,459.12957270241793,456.13006180277284,70375300
2023-12-19,460.93511962890625,458.6927663957653,461.01279355520546,458.6151220933891,55761800
2023-12-20,454.54779052734375,460.0808576886502,461.96405036999886,454.1206728290634,102921000
2023-12-21,458.85772705078125,457.5278204873464,459.1295265010188,455.1107457468796,86667500
2023-12-22,459.7798767089844,459.98371888478914,461.4592269639175,457.88699725724837,67160400
2023-12-26,461.72137451171875,460.18765521976536,462.62413389794295,460.109981297383,55387000
2023-12-27,462.55621337890625,461.5175394244562,462.70181495571654,460.9836571015111,68000300
2023-12-28,462.7309265136719,462.91536504878167,463.5657286208665,462.3135254600746,77158100
2023-12-29,461.3913269042969,462.5367654374911,463.06096072132885,459.4401769650659,122283100
2024-01-02,458.8092346191406,458.33359292378987,459.79938459581,456.7124830275094,123623700
2024-01-03,455.062255859375,456.6542157231931,457.3919698393569,454.4604162904711,103585900
2024-01-04,453.5964660644531,454.5865863632777,457.16869615612853,453.37319057475315,84232200
2024-01-05,454.21771240234375,453.80028176128866,456.6639075045455,452.77132456262234,86118900
2024-01-08,460.7021179199219,454.71278328613425,460.84771948944723,454.5865853845721,74879100
2024-01-09,460.0032043457031,458.05205442710235,461.02244496424106,457.54729244084217,65931400
2024-01-10,462.604736328125,460.275022232607,463.4686883884697,459.99350610212235,67310600
2024-01-11,462.40087890625,463.60455806414546,464.119036700077,458.4306513904914,77940700
2024-01-12,462.7212219238281,463.847256832393,464.5850109920546,461.31370050606375,58026400
2024-01-16,461.0224304199219,461.34278348918724,462.6532272077025,459.2071951071508,85014900
2024-01-17,458.4597473144531,458.0035093314712,458.9451056102245,456.11060012839494,68843900
2024-01-18,462.5367736816406,460.1294153145847,463.0900892897804,458.58597937392244,91856200
2024-01-19,468.3028564453125,463.6628317450775,468.5843725866021,462.58535041381515,110834500
2024-01-22,469.29296875,469.83656769535,471.0111265282756,468.6425755704272,75844900
2024-01-23,470.66168212890625,469.8365966379768,470.9043613024555,468.74939868030367,49945300
2024-01-24,471.1761779785156,473.525295727068,474.45717543420074,470.68110299788805,81765000
2024-01-25,473.7388610839844,473.3020267275593,474.01066056996024,471.17618444820096,72525000
2024-01-26,473.13702392578125,473.3117458196852,474.7969411657135,472.2925051479898,76641600
2024-01-29,476.88397216796875,473.4476564539632,477.0296033689382,472.90405748370506,61322800
2024-01-30,476.5151062011719,476.19475312019154,477.2237103899132,475.7579187820987,58618400
2024-01-31,468.7396545410156,474.31155855924624,474.75807991768903,468.7202212489611,126011100
2024-02-01,474.87457275390625,470.43839078044346,474.9036930669608,469.6326794127357,91891600
2024-02-02,479.8737487792969,475.31136898916844,481.523949196212,474.97161226030033,99228200
2024-02-05,478.12646484375,479.2428126687566,479.90289286822576,475.87442477356564,75757100
2024-02-06,479.5146484375,479.06809742412736,479.8446885622171,477.64114268330553,55918600
2024-02-07,483.51397705078125,481.756982255993,483.93137810723994,480.854193242822,70556500
2024-02-08,483.72747802734375,483.51391920150996,484.1060420771884,482.6985208548494,52343600
2024-02-09,486.523193359375,484.2322866772762,486.9599980744067,483.8925299274153,63979400
2024-02-12,486.3096008300781,486.4940393494017,488.7557959365899,485.59125041968997,56502300
2024-02-13,479.61163330078125,480.04846760997253,482.5334996770295,476.35003982173856,113099200
2024-02-14,483.97021484375,482.2423403647749,484.4555731763151,479.92231331563113,68387800
2024-02-15,487.3094787597656,484.66912826614583,487.49391729462275,484.1934569596569,61683000
2024-02-16,484.8826904296875,487.00856229426716,488.1442842020213,484.144936285217,75532900
2024-02-20,482.2132263183594,483.14510603430045,483.8149029118612,479.97087316267243,71736700
2024-02-21,482.6500244140625,480.9124629140013,482.8053426352379,479.1069145137689,59293400
2024-02-22,492.6387023925781,489.25091074641995,493.59970240133447,488.2898811137423,76402500
2024-02-23,492.97845458984375,494.35685563775104,495.1916873577398,492.25041710535265,61321800
2024-02-26,491.1728820800781,493.4152350521733,493.8520693709636,491.0466841824756,50386700
2024-02-27,492.08538818359375,491.86214231163,492.30866367947897,489.9692329795254,48854500
2024-02-28,491.43499755859375,490.53220860244136,492.0174038220213,490.17304819868775,56506600
2024-02-29,493.20166015625,493.19197313484807,494.8130532117829,490.55162288856457,83924800
2024-03-01,497.8320007324219,494.0753617325155,498.25911842016706,493.6676477127876,76844800
2024-03-04,497.2981262207031,497.03607301464484,499.1425115484434,497.00692307628157,49799300
2024-03-05,492.32806396484375,495.2984545471132,495.745005535815,490.1245478315941,72855600
2024-03-06,494.8227844238281,495.5993458504527,497.0748540345267,493.53174438668293,68382400
2024-03-07,499.734619140625,498.1135389799133,500.7830096761973,494.8810360564722,58652100
2024-03-08,496.7350769042969,500.3655769656846,503.04470489035225,496.16235769149256,86532500
2024-03-11,496.3079833984375,495.5314219659159,496.89041928478855,493.6093924281333,62557200
2024-03-12,501.6470031738281,498.41449998303995,502.2294094929587,495.9003176684613,73114400
2024-03-13,500.8606262207031,501.9672573875113,502.14197926945354,499.4239845817287,55104100
2024-03-14,499.8705749511719,501.8313823905043,501.98673024081194,496.832226949847,110171800
2024-03-15,496.4381408691406,496.80816405826874,498.2590460217431,494.77306623402836,107646300
2024-03-18,499.3885498046875,500.498619372016,501.93972478311895,498.9795987021718,88893300
2024-03-19,502.16363525390625,498.6971497497458,502.4459962981956,497.69417669493055,60755300
2024-03-20,506.808349609375,502.22210687375775,506.9446864437559,501.5502289693654,69594600
2024-03-21,508.4831237792969,509.64186783246885,510.34292670569124,508.2007033176528,60256100
2024-03-22,507.5191650390625,508.3954886770838,508.8823549532907,507.2854193036717,79070800
2024-03-25,506.1170654296875,506.14624650613894,507.2660628859731,505.961234915521,48512100
2024-03-26,505.1822814941406,507.5386980888141,507.87954020766836,504.7830772199743,65463700
2024-03-27,509.4277038574219,508.00609219695343,509.4666912006187,505.8443747669276,82999800
2024-03-28,509.3303527832031,509.46668962011773,510.8298796934876,509.04799170553036,96294900
2024-04-01,508.4441833496094,510.07035956686866,510.605900605306,507.2854391895369,62477500
2024-04-02,505.2115478515625,504.62727251731803,505.34782527414643,502.9134932946272,74230300
2024-04-03,505.7664794921875,504.1208688391064,507.266065898289,504.0721940901131,59155800
2024-04-04,499.5930480957031,509.76856679026787,510.10934946561747,499.2911933332161,96858100
2024-04-05,504.8121643066406,500.9464745680228,506.7693762627344,500.50828302932854,74546500
2024-04-08,505.0945129394531,505.5132702303462,506.51618383860915,504.28635772492515,48401800
2024-04-09,505.6788024902344,506.82779978442835,507.0712329255352,500.8393207404325,68049200
2024-04-10,500.6154479980469,499.9922448100833,502.6018412987628,498.6388015333815,82652800
2024-04-11,504.3935546875,502.1344876196163,505.8346601112469,498.6290735605831,70099000
2024-04-12,497.4313049316406,500.8588329878134,502.270757144988,495.70777921046096,92561100
2024-04-15,491.1994934082031,501.5989519571189,501.7644698822578,490.3523209615631,92101400
2024-04-16,490.3036193847656,491.6765860412786,493.19560665785394,489.01828510429004,73484000
2024-04-17,487.4018859863281,492.7574157801548,492.9229634124424,486.00945537176443,75910300
2024-04-18,486.39892578125,488.7943295112607,490.88784877913054,485.46415075166374,74548100
2024-04-19,482.1534729003906,486.32104754330464,487.3142441699,480.8876025986124,102212600
2024-04-22,486.5937194824219,484.7533503648902,489.18385210193054,482.41639776348796,67961000
2024-04-23,492.3678894042969,488.5995489497242,492.79633413093177,486.4086505723251,64633600
2024-04-24,492.1342468261719,493.2540334865075,494.0427545951939,489.914137461728,55928100
2024-04-25,490.2646484375,486.0678630419317,491.02415872515365,484.42225246602163,69122400
2024-04-26,494.9093933105469,493.04956028124485,496.48683553540934,492.41663996726425,64306100
2024-04-29,496.662109375,496.6913201679961,497.33398732987405,493.9259228058318,46415400
2024-04-30,488.7943420410156,495.20149000874,496.1752226900087,488.7943420410156,77483600
2024-05-01,487.2071228027344,488.2100662136069,494.84118298455326,486.73972044696376,80242800
2024-05-02,491.7641906738281,490.90730120185356,492.60161619088024,486.4281251448712,62550200
2024-05-03,497.85980224609375,497.73321224009646,499.08668524553275,495.20150126804214,72756700
2024-05-06,503.0011291503906,500.255195688938,503.0400570645358,499.8170040691018,47264700
2024-05-07,503.5561218261719,503.96507290224616,504.9485523975052,502.8842439138016,52561300
2024-05-08,503.604736328125,501.72543965182825,504.14027734043043,501.6085965012132,42047200
2024-05-09,506.5064697265625,503.7897771689901,506.5454570669787,503.1373929681529,43643700
2024-05-10,507.158935546875,508.10342768254765,508.91164241656554,505.94176974404485,52233200
2024-05-13,507.2270812988281,508.83376404779614,508.9408603825465,506.0878306657376,36716400
2024-05-14,509.55438232421875,507.42190503136476,510.0704892557743,506.8863638567624,57535900
2024-05-15,515.8641967773438,512.0179402902028,516.1563047340521,511.38499019072265,59504900
2024-05-16,514.8026733398438,515.9614174721102,517.5583531460086,514.6565896819933,50244800
2024-05-17,515.5427856445312,514.9195824580145,515.6109540647997,513.4687302561026,59187600
2024-05-20,516.1366577148438,515.6595382886503,517.5972564963745,515.2700215074756,37764200
2024-05-21,517.4025268554688,515.3772058901883,517.5583573493641,515.1727006539206,33437000
2024-05-22,515.9127807617188,516.7112486575287,517.4220544657823,513.741316563043,48390000
2024-05-23,512.1444702148438,518.9605990872589,519.0676954201629,510.93699174891134,57211200
2024-05-24,515.5330810546875,513.9848197975488,516.3412958961842,513.0403275362747,41291100
2024-05-28,515.8932495117188,516.3411878885217,516.5748741957514,513.2641596915468,36269600
2024-05-29,512.28076171875,511.871810616093,513.4589997088932,511.56995584928654,45190300
2024-05-30,508.8824462890625,510.74230907986095,511.4044402025134,507.63609930287237,46377600
2024-05-31,513.5174560546875,509.8367770177735,513.6440460717812,504.7441141188356,90785800
2024-06-03,513.9360961914062,515.1240809646227,515.4064420460951,508.87267437322015,46835700
2024-06-04,514.5106811523438,512.6313840068518,515.2507275789484,511.17078482758455,34632700
2024-06-05,520.625732421875,516.8282099211538,520.6452260973251,514.8417568472363,47610400
2024-06-06,520.6159057617188,520.9275073614583,521.3559521321091,518.6879340097541,30808500
2024-06-07,519.98291015625,519.6420681166458,522.787264555686,518.5514924537447,43224500
2024-06-10,521.5896606445312,519.1748224338155,521.9110090941606,518.5808597177815,35686100
2024-06-11,522.845703125,520.0413486344055,522.9041247005574,518.0743898707741,36383400
2024-06-12,527.1399536132812,527.4028804771598,529.8274655446977,526.1077992631506,63251300
2024-06-13,528.2013549804688,528.8829798084458,529.0582445758802,525.4164935113477,44760900
2024-06-14,528.5225830078125,526.6724673865745,528.5517640797698,525.6694943308721,40089900
2024-06-17,532.7291870117188,527.8410888070123,534.1216772051151,527.3834034899254,55839500
2024-06-18,534.0827026367188,532.7876213507444,534.2092926573293,532.3689233717765,41376400
2024-06-20,532.6317749023438,535.0076850141029,535.669816103357,530.8595742964317,70328200
2024-06-21,531.9176635742188,531.810221745453,533.0313142277637,530.4621308750893,64338600
2024-06-24,530.1885986328125,531.7418545665156,534.3012597413704,530.0713785197397,45528700
2024-06-25,532.230224609375,531.4096242974609,532.5916631831469,529.8954816744096,37936200
2024-06-26,532.8945922851562,531.1166742934914,533.6076912884868,530.4719636310322,38550600
2024-06-27,533.7346801757812,532.7578061070262,534.3110621107577,532.0153722749866,35041500
2024-06-28,531.6343994140625,534.5064116818106,537.5543137581463,530.3938098387125,76144500
2024-07-01,532.728515625,533.0117876323043,533.2560061424955,529.9737236752046,40297800
2024-07-02,536.3135986328125,531.126400132376,536.3135986328125,531.0775683576217,40434800
2024-07-03,538.7069702148438,536.0010100914286,539.068408833479,535.9619565950238,32789900
2024-07-05,541.8134765625,539.0098526062544,542.213968717536,538.3748605783948,41488400
2024-07-08,542.4386596679688,542.5949332840256,543.3861988920726,541.3738407022457,36110500
2024-07-09,542.9661254882812,543.3959524424528,544.2946598471173,542.6730752067231,27289700
2024-07-10,548.3389282226562,544.1872136667199,548.6808102777995,543.894163387503,38701200
2024-07-11,543.6109008789062,548.4562180647349,549.3256503566656,542.9759684638211,53054200
2024-07-12,547.0397338867188,544.7343252522627,550.6346235261244,544.2654447499774,53084400
2024-07-15,548.5440673828125,549.0325043663784,551.7775178290722,546.6879829958002,40584300
2024-07-16,551.7970581054688,549.8530882979716,552.090108393895,549.1008762046278,36475300
2024-07-17,544.0602416992188,545.8772131422685,547.5476892504238,543.7378565645935,57119000
2024-07-18,539.8792114257812,545.5939606590898,546.5806130354061,537.7008012722223,56270400
2024-07-19,536.2940673828125,539.644738170822,541.2663824595259,535.2390267295067,65509100
2024-07-22,541.8231811523438,540.2113152231016,542.4288382548532,538.2771238069361,43346700
2024-07-23,540.973388671875,541.7157629327536,543.8648979607326,540.4849516029554,34439600
2024-07-24,528.7135620117188,536.1671163330532,536.4699449259502,527.7952979520205,74515300
2024-07-25,525.958740234375,528.8307523766035,534.7994982405838,525.0209792890996,61158300
2024-07-26,531.8492431640625,529.7392217162956,534.5356464631268,528.9674531548811,53763800
2024-07-29,532.1619262695312,533.3927971337158,534.3989464184045,530.1690650137424,39515800
2024-07-30,529.4657592773438,533.6272524601584,534.6822931769603,526.0662565076813,46853600
2024-07-31,538.0718994140625,536.284203519186,540.6996925359946,534.9166158614872,65663400
2024-08-01,530.452392578125,539.7913062018092,542.0381046138815,526.9551667505608,76428700
2024-08-02,520.5762329101562,523.3603002519518,524.5716145988897,516.3756265717791,82789100
2024-08-05,505.4151306152344,499.8078827767836,511.47176200774925,498.4695402072865,146267400
2024-08-06,510.0747985839844,507.2125052074326,517.4990173620844,505.89374911647377,84826300
2024-08-07,506.66546630859375,516.248598311969,519.2965001883216,506.06958745039486,70698300
2024-08-08,518.3782348632812,511.79405372836936,519.0033889369354,509.77197692780607,63276600
2024-08-09,520.6641235351562,517.5576710131196,522.1489912653111,516.3365783728381,45619600
2024-08-12,520.9376220703125,521.8558860240913,523.3406939742863,518.6712672136742,42542100
2024-08-13,529.5047607421875,524.122235093717,529.739260585726,523.8780165940644,52333100
2024-08-14,531.1751708984375,530.2959605592147,532.3572097547438,527.6291139531684,42446900
2024-08-15,540.2797241210938,536.7922766972661,540.5629961238054,536.1866195717042,60846800
2024-08-16,541.4910278320312,538.6678476452682,542.1846298407453,538.5115740387317,44430700
2024-08-19,546.66845703125,541.9013070349608,546.66845703125,541.0514314058853,39121800
2024-08-20,545.779541015625,546.2191462607274,547.8700657821756,544.4412283435015,33732300
2024-08-21,547.6550903320312,546.8247712917706,549.1106230342316,541.9012882335657,41514600
2024-08-22,543.3568115234375,549.5502187339081,550.155875826028,542.1454973391976,56121500
2024-08-23,549.1302490234375,546.5904001832064,550.0680696349215,544.4021520897437,50639400
2024-08-26,547.8211669921875,550.1559102385648,550.8690092024209,546.1214157161334,35788600
2024-08-27,548.5734252929688,546.5512887213379,549.0618623501647,545.4083627021253,32693900
2024-08-28,545.3887939453125,548.2315309438809,548.661357929549,542.204174863817,41066000
2024-08-29,545.4375610351562,547.3522554939839,550.6443160255352,544.294635177053,38715200
2024-08-30,550.6443481445312,547.8016709409602,551.1523417216108,544.2556134288437,62700100
2024-09-03,539.3126220703125,547.508549729637,547.8407131286382,536.8020487007664,60600100
2024-09-04,538.2088012695312,537.4761456891545,541.6083040829072,536.7532683896355,47224900
2024-09-05,536.8997192382812,538.1501466111926,540.9928237930679,534.4477558926965,44264300
2024-09-06,527.86376953125,537.2222417910504,538.8438268549829,526.9650618918539,68493800
2024-09-09,533.7737426757812,532.054494369654,535.0437266855093,530.1300214174476,40445800
2024-09-10,536.0986328125,535.678584169421,536.4503527479894,530.8137709847371,36394600
2024-09-11,541.5985717773438,536.0108800293665,542.5168359009789,527.4730091477311,75248600
2024-09-12,546.1605224609375,542.1748597619055,546.4633510224045,539.9573366553728,51819600
2024-09-13,549.012939453125,546.7661412876428,550.0093699640063,546.5121445202687,39310500
2024-09-16,549.8238525390625,548.7492552395013,550.0875680057417,546.9518402590558,36656100
2024-09-17,550.0484619140625,552.0314851715059,553.477299266029,547.8211605278194,49321000
2024-09-18,548.4170532226562,550.7029048507478,555.5384427736924,547.8602279225689,59044900
2024-09-19,557.7755737304688,557.8049085738365,559.6316584337985,554.9426745171918,75315500
2024-09-20,556.8113403320312,556.4096197933483,557.8500005367814,553.7933228326182,77503100
2024-09-23,558.2027587890625,557.8794446150124,558.8495067502496,556.6643550711399,44116900
2024-09-24,559.7999877929688,558.9964868304339,559.8587776289324,556.1744550910837,46805700
2024-09-25,558.5652465820312,559.6431398003925,560.3780425284191,557.4579883539482,38428600
2024-09-26,560.77978515625,562.817932214862,563.1413061737785,558.4281322177342,48336000
2024-09-27,559.9664306640625,561.847824630314,562.6610738881527,558.9375788488986,42100900
2024-09-30,562.2103881835938,558.937595094156,562.8179029799776,556.6447321030395,63557400
2024-10-01,557.173828125,561.8576367225866,562.5043247858904,554.6065728022052,72668800
2024-10-02,557.4091186523438,556.2823034605133,558.4282222492225,553.8914170466389,38097800
2024-10-03,556.3900146484375,555.9392527365582,558.3301388916863,554.106899883147,40846500
2024-10-04,561.446044921875,560.8287218708198,561.818400406846,556.6642732473864,42939100
2024-10-07,556.3704223632812,559.7999688939893,560.4467168743025,555.22399069742,49964700
2024-10-08,561.63232421875,558.9376805045769,562.2300906410503,558.0656412646009,37398700
2024-10-09,565.5223999023438,561.6224751598685,566.0809331902332,561.0247685875196,37912200
2024-10-10,564.5327758789062,564.1800368650188,565.953600014702,562.9257739624676,44138100
2024-10-11,567.913330078125,564.4543586951436,568.6482329129351,564.3171624790748,42268000
2024-10-14,572.557861328125,569.5202272995722,573.4887501402064,569.0401003876937,36217200
2024-10-15,568.1092529296875,572.8224268603595,573.1261842726946,566.8941634738084,54203600
2024-10-16,570.5784912109375,568.1092586044506,571.0978512020905,567.305757742965,30725400
2024-10-17,570.62744140625,574.1157772582931,574.3215715502484,570.4412636582532,34393700
2024-10-18,572.8224487304688,572.3128969974695,573.6063330690159,570.8528997080355,37416800
2024-10-21,571.8818359375,572.0973787445921,573.0772492638474,568.9127995570122,36439000
2024-10-22,571.5780029296875,569.3536780068462,572.7342428128154,568.697181591541,34183800
2024-10-23,566.3551635742188,569.5593582450659,570.0003117934486,562.8570198066266,49314600
2024-10-24,567.580078125,568.3051725972728,568.3835789691921,564.9638411001258,34979900
2024-10-25,567.3841552734375,569.8044663478088,572.6950960929863,566.4435179318251,47268200
2024-10-28,569.13818359375,570.8529569215461,570.9803448675634,568.8344261393737,30174700
2024-10-29,570.0592041015625,568.1778099310847,571.1762108700161,566.7864107519835,42899700
2024-10-30,568.3346557617188,569.5888588084969,571.5780244818477,567.6291179550885,41435800
2024-10-31,557.1934814453125,563.9741674152153,564.0427655154251,556.9974954170759,60182500
2024-11-01,559.545166015625,559.8195584319851,563.9643910438907,559.1336371976272,45667500
2024-11-04,558.3399047851562,559.6823223393656,560.9757583388703,556.4585705161212,38217000
2024-11-05,565.0912475585938,559.251198693126,565.1304208425688,559.0356559214524,39478300
2024-11-06,579.142578125,577.3396500855225,580.0146771322202,573.6063462638446,68182000
2024-11-07,583.62060546875,581.1415644099445,584.639708979933,581.063158030651,47233200
2024-11-08,586.1486206054688,584.1692634497057,587.569444510154,584.1692634497057,46444900
2024-11-11,586.7071533203125,587.7360051791314,588.0887441353201,584.9825720146739,37586800
2024-11-12,584.8846435546875,586.6287817012992,587.2264882691159,582.4055428293386,43006100
2024-11-13,585.1688232421875,585.3451927424278,587.1677373847895,582.9837313260188,47388600
2024-11-14,581.4061279296875,585.2962448517161,585.7763718199695,580.7202664359244,38904100
2024-11-15,573.9591064453125,577.8491633593196,578.3195418358689,572.1071369723535,75988800
2024-11-18,576.3107299804688,574.4195277074432,577.6237226660043,573.5572968817456,37001700
2024-11-19,578.4175415039062,572.9400989259979,579.1426361014928,572.2737941658764,49412000
2024-11-20,578.6134643554688,578.495884693383,578.8976052377521,572.8616299600318,50032600
2024-11-21,581.7196044921875,581.4550801704302,583.1404284379229,575.6248397212988,46750300
2024-11-22,583.5226440429688,581.7098478799927,584.1497754660484,581.2101642027249,38226400
2024-11-25,585.5020141601562,587.451946771504,588.7649396726674,583.2188992835091,42441400
2024-11-26,588.5591430664062,586.7463470552605,589.2254477201681,586.0310608458545,45621300
2024-11-27,586.7758178710938,588.3730114334577,588.755115442667,585.2570306878304,34000200
2024-11-29,590.4209594726562,587.5891193661275,591.204843913549,587.3147867247623,30177400
2024-12-02,591.4791259765625,590.8323780737772,592.1552388895445,590.3424429138348,31746000
2024-12-03,591.7535400390625,591.2440480710218,591.9985076527607,590.2151960547985,26906600
2024-12-04,595.4280395507812,593.4389336760423,595.6730071584342,592.7726289600115,42787600
2024-12-05,594.4481811523438,595.4280516027892,596.2315525489399,594.0954421437544,28762200
2024-12-06,595.5750732421875,595.212525949607,596.8097196143469,594.8009970944031,31241500
2024-12-09,592.5079345703125,595.4573535867661,595.6239147831491,591.920036343941,34742700
2024-12-10,590.6658325195312,593.184106485161,593.6054435570935,590.0093361336401,37234500
2024-12-11,595.2319946289062,593.5858198104879,596.1824400499527,593.311427437485,28677700
2024-12-12,592.1651000976562,594.3698085144841,594.9380902901107,592.1651000976562,31543800
2024-12-13,592.0475463867188,594.1934650654297,594.9087513561514,590.6757038334936,35904700
2024-12-16,594.5755615234375,593.8014854078001,595.5456834945226,593.0274092921627,43695200
2024-12-17,592.1257934570312,592.0278303510687,592.9880840930309,590.7540109408761,55773500
2024-12-18,574.4783935546875,591.8220501813851,594.2031278558312,574.0962297805506,108248700
2024-12-19,574.3020629882812,579.456191269411,581.0631932062172,574.0570953688857,85919500
2024-12-20,581.1998901367188,571.9777678628068,585.7224397345614,571.1321976271144,125716700
2024-12-23,584.6802978515625,580.9442707021165,585.2800160502417,577.7685966184363,57635800
2024-12-24,591.1790161132812,586.0272244384283,591.2183812455869,585.4471288073329,33160100
2024-12-26,591.2184448242188,589.4093887705021,592.3392110668057,588.0133066034633,41219100
2024-12-27,584.9949340820312,587.4823184826345,587.7183292627742,580.8164691334702,64969300
2024-12-30,578.3192138671875,577.9948115421023,581.7799853973963,574.5733451400716,56578800
2024-12-31,576.21533203125,579.9808236627084,580.698577374324,574.5832389413312,57052700
2025-01-02,574.799560546875,579.4696102256324,581.1803135593343,570.7292291618253,50204000
2025-01-03,581.9865112304688,577.64092396713,582.6255346471705,576.5594027877501,37888500
2025-01-06,585.3389892578125,586.2337058999022,589.6059655334043,583.6086036715416,47679400
2025-01-07,578.7222900390625,587.3643167301589,587.6887790314382,576.903452910936,60393100
2025-01-08,579.5678100585938,578.7911287868388,580.6394897953063,575.3500401020275,47304700
2025-01-10,570.7192993164062,576.0185903209236,576.0874192959229,568.8119506064235,73105000
2025-01-13,571.604248046875,566.0788468496604,571.9581742427216,565.6658729466735,47910100
2025-01-14,572.3907470703125,574.5242054496483,575.1534475548353,568.6153544470202,48420600
2025-01-15,582.802490234375,580.3937160773642,583.9429389739179,579.2827311805529,56900200
2025-01-16,581.6817626953125,584.1691475266347,584.346110636513,580.9836915331506,43319700
2025-01-17,587.521728515625,586.9121689712896,589.2717368825727,585.5848557638515,58070600
2025-01-21,592.8995971679688,590.5596519481012,592.9094384516549,588.5933154613438,42532900
2025-01-22,596.232666015625,595.7213992287225,597.5894432517595,595.1708273073808,48196000
2025-01-23,599.4868774414062,595.6033506126263,599.4868774414062,595.3280946897063,41152100
2025-01-24,597.7367553710938,599.5458113037603,600.4995156835615,596.5864653530726,34604700
2025-01-27,589.2816162109375,584.7983708814467,589.5962372876534,584.6312490621345,70361100
2025-01-28,594.3449096679688,590.5105293609671,595.1805787054238,587.1972570477369,44433300
2025-01-29,591.6805419921875,593.5583671362218,593.9614997638901,589.1341095636221,37177400
2025-01-30,594.8560791015625,593.7943006280343,596.389819126707,590.6087851839717,39281300
2025-01-31,591.6903686523438,597.2747575383468,599.6933732210748,590.9333098394596,66566900
2025-02-03,587.7085571289062,582.6943625959686,590.1861005375324,580.5510628181718,65857200
2025-02-04,591.6510620117188,587.767535135661,592.1622687341741,587.2268045597665,33457800
2025-02-05,594.0499267578125,590.5302274178379,594.1974260072697,588.5049031019603,30653100
2025-02-06,596.1146240234375,595.7901616750784,596.242440705887,592.4867305159943,35771500
2025-02-07,590.6580200195312,596.6750050236558,597.8941240756534,589.9501076619601,50788500
2025-02-10,594.6693725585938,593.863227291288,595.30845601079,592.5949016719809,26048700
2025-02-11,595.1215209960938,592.407967252875,595.6622514865878,592.2899918734154,30056700
2025-02-12,593.2044067382812,589.1144530437037,594.3743794070193,588.4360645213627,45076100
2025-02-13,599.4672241210938,594.3055902381474,599.6737110792319,593.047165943141,40921300
2025-02-14,599.437744140625,599.6736949390985,600.7060096863363,598.8183432907158,26910400
2025-02-18,601.1975708007812,600.5978525430173,601.1975708007812,598.1399318067746,26749000
2025-02-19,602.6133422851562,599.8113366176324,602.908280775238,599.3000698962699,31011100
2025-02-20,600.1062622070312,601.2467110134413,601.3843689751305,596.8028311734677,36554000
2025-02-21,589.8419799804688,599.8899309928074,600.0275889538111,589.3798596850504,76519800
2025-02-24,587.157958984375,591.8869960824046,592.8800056614799,586.4500466079941,50737200
2025-02-25,584.2378540039062,587.0989070332523,587.8264418905826,579.636634088407,58266500
2025-02-26,584.532958984375,585.8995775558942,589.488166464913,581.8980746927776,43321600
2025-02-27,575.2025756835938,586.8039490929929,587.9542991571739,574.809344386224,74196700
2025-02-28,584.178955078125,575.7040488167072,584.7098443771037,572.6365684069419,88744100
2025-03-03,573.9441528320312,586.1452445030724,587.2857532860544,570.1392964764723,74249200
2025-03-04,567.1505126953125,569.9525786591505,575.5369680083471,562.6181207422406,109648200
2025-03-05,573.2461547851562,566.9833769883293,575.0355284425119,563.4341535288585,71230500
2025-03-06,563.0702514648438,565.793586428619,570.4046474415857,560.523819558892,80094900
2025-03-07,566.2262573242188,561.2907933786839,567.6715458955733,556.1094773560538,81158800
2025-03-10,551.1444702148438,558.0364891964213,559.9536192631458,546.2384702857362,99326600
2025-03-11,546.5629272460938,549.9843938775969,554.5266268117218,542.728606721458,88102100
2025-03-12,549.4631958007812,552.7076387923001,553.6318192815521,544.3703918307585,69588200
2025-03-13,542.1386108398438,549.0896174558009,549.6991769603108,540.4279077137791,74079400
2025-03-14,553.3369140625,546.7496748611676,554.3397648685512,542.2074423986709,62660300
2025-03-17,557.6039428710938,553.3172833424321,560.1208513978755,552.8846868765244,49008700
2025-03-18,551.5770874023438,555.2934322950165,555.5097605205915,549.6500559715837,66041400
2025-03-19,557.5842895507812,553.3566775077279,561.3399999727566,552.1768634471969,66556000
2025-03-20,555.9718627929688,553.848245552193,560.966374832501,553.1304918485869,62958200
2025-03-21,556.1552734375,551.5205297947124,557.0526817242638,550.2878724028328,83763000
2025-03-24,566.1151123046875,562.8805908120635,567.1702741261835,562.2889394113844,58766800
2025-03-25,567.4760131835938,567.3181993393742,568.4127846067184,565.73055113845,38355700
2025-03-26,560.7013549804688,567.2097618801449,568.3339598573967,559.3207546377017,51848300
2025-03-27,559.2122192382812,559.3108077400744,562.9792269072261,557.1018956425098,42164200
2025-03-28,547.95068359375,557.6838014665011,558.4135249923543,547.3689030262066,71662700
2025-03-31,551.6289672851562,542.201606334121,552.93066066187,539.2826520783074,95328200
2025-04-01,553.1870727539062,549.7159501655996,555.1297722698289,545.998235889195,54609600
2025-04-02,556.6878051757812,547.3491617248258,559.5475341360295,547.1125011420022,76014500
2025-04-03,529.2538452148438,537.5471385326381,540.3674444952709,529.2538452148438,125986000
2025-04-04,498.2696838378906,516.404523136506,518.5740121118964,498.05273494035157,217965100
2025-04-07,497.38214111328125,482.402887644306,515.9114234247066,475.1154034595348,256611400
2025-04-08,489.591796875,514.6196468974629,517.6963548854247,482.3733480760591,165816600
2025-04-09,541.0084228515625,486.59399925019795,541.0084228515625,486.20939567811143,241867300
2025-04-10,517.3019409179688,524.7866027854379,526.0981670837639,502.25365007002944,162331200
2025-04-11,526.5321044921875,515.7537548286505,528.9875485351057,512.8545420601603,97866300
2025-04-14,531.6401977539062,536.5017912856171,536.7286411738348,526.453165817952,68034000
2025-04-15,530.1510620117188,532.1824786951643,535.6930840370895,529.3621734315309,56892900
2025-04-16,518.3668823242188,524.3033791384568,530.4272422697393,513.0713913810127,83484800
2025-04-17,519.1065063476562,520.3194821276195,523.800475242003,516.6411916080497,79868100
2025-04-21,506.7503356933594,513.9293002870572,514.4618467446136,501.40552056556845,69368100
2025-04-22,519.9349365234375,512.9235950678715,521.956482797522,511.9867633247528,75948100
2025-04-23,527.991455078125,532.9319549297188,537.8625838932508,526.4728430251603,90590700
2025-04-24,539.1051635742188,529.2734571828396,539.8348871004667,528.0211182344198,64150400
2025-04-25,543.0003662109375,539.0657336001437,543.4046513367819,536.1467793425768,61119600
2025-04-28,543.2074584960938,543.7400050325934,545.8700106135369,537.4583875113086,47613800
2025-04-29,546.6292724609375,541.294298062473,547.7435994540236,540.9393072120234,47775100
2025-04-30,546.84619140625,539.9729233205555,548.7987614609631,534.0068741379372,93101500
2025-05-01,550.7217407226562,552.5954041380958,556.2440822591161,550.1202183270924,63186100
2025-05-02,558.896728515625,556.8948640346016,560.4942476694231,554.5774922291787,60717300
2025-05-05,555.6918334960938,554.7648727126054,558.788283367358,553.9069479669498,38659200
2025-05-06,551.047119140625,550.1891944565425,555.533979770925,549.2326812616892,48264700
2025-05-07,553.3645629882812,552.3784371058738,555.9975022415719,548.3254139860352,55588000
2025-05-08,557.2202758789062,557.3977713110521,562.3974366423718,553.9069074354913,65130800
2025-05-09,556.5103149414062,558.6205786168767,559.6264462916283,554.9522191721212,37603400
2025-05-12,574.9015502929688,573.4026196086874,574.9114211824733,569.0340889310521,78993600
2025-05-13,578.6980590820312,575.3155948085854,580.9069711222367,574.7535560992819,67947200
2025-05-14,579.4376831054688,579.6546018902411,580.8083522191259,577.4160770724685,66283500
2025-05-15,582.2678833007812,577.4358426248243,582.770756919371,576.9822030720642,71268100
2025-05-16,585.9559936523438,583.0469103495059,586.2518193704545,581.1042713102905,76052100
2025-05-19,586.5970458984375,579.9406951842692,587.2774752678645,579.9406951842692,68168500
2025-05-20,584.6246948242188,584.8614155899625,585.8080578995526,581.419785763877,60614500
2025-05-21,574.7733154296875,580.2759146876367,584.3584902721909,573.7477661832594,95197700
2025-05-22,575.0001831054688,574.5760959985981,578.4811762683786,573.3434386116112,70860400
2025-05-23,571.0753784179688,567.9887994120531,573.7379304924723,567.6140667399493,76029000
2025-05-27,582.9483032226562,577.9387671986972,583.1060568711622,570.4047514802384,72588500
2025-05-28,579.5757446289062,583.3526236048898,584.545857588394,578.8460211072919,68445500
2025-05-29,581.8635864257812,584.8318350718904,584.9699071457442,577.9388245287198,69973300
2025-05-30,581.2128295898438,580.7591899526665,582.928679235147,575.1481304892388,90601200
2025-06-02,584.4867553710938,579.605419698203,584.5656021144322,576.9428674958667,61630500
2025-06-03,587.8197631835938,584.121791379625,588.7960181097066,583.6385391723649,63606200
2025-06-04,587.6620483398438,588.6777869901737,589.6540420807372,587.2281505008873,57314200
2025-06-05,584.8218994140625,589.3383724752952,590.6893600195378,582.8496477946317,92278700
2025-06-06,590.8274536132812,590.3540722792903,592.4940086999786,588.5790577947733,66588700
2025-06-09,591.3599853515625,591.3994087206146,592.9082102708385,590.1864930975049,53016400
2025-06-10,594.712890625,591.8925244948556,595.0974340255312,590.7782574774766,66247000
2025-06-11,593.0166625976562,595.8074157747775,596.6653405011278,590.9556931519085,73658200
2025-06-12,595.3734130859375,591.6853124635808,595.3734130859375,591.2021204830944,64129000
2025-06-13,588.7171630859375,590.1963519379123,593.499849631983,587.218232455665,89506000
2025-06-16,594.318359375,592.0700235861916,596.0638215052488,591.8924679557008,79984100
2025-06-17,589.2398681640625,591.8826784891205,593.401290785268,588.480531921813,82209400
2025-06-18,589.1510009765625,590.1371267775953,592.8785252065284,588.1944276516227,76605000
2025-06-20,587.767333984375,591.822378072595,592.8905592906415,586.3628522539952,94051400
2025-06-23,593.5730590820312,588.5190130228361,593.9587392448562,585.4035696790836,87426000
2025-06-24,600.13037109375,597.7072083922786,601.1885919192599,596.7972471416377,67735300
2025-06-25,600.4666748046875,601.247995602986,601.940336500435,598.903972841808,62114800
2025-06-26,605.1646118164062,602.3161684365299,605.5997923429508,601.7029677445283,78548400
2025-06-27,608.1712646484375,606.1635425121184,609.6350865938839,604.1360202356653,86258400
2025-06-30,611.0790405273438,610.6142201701539,612.4340220516922,608.2998373553096,92502500
2025-07-01,610.8812866210938,609.6053849111585,612.0483479268365,608.7746241554748,70030100
2025-07-02,613.6505737304688,610.4757300098587,613.6901136433279,609.8526292762224,66510400
2025-07-03,618.4869995117188,615.628656191773,619.4167005776212,615.6088560521965,51065800
2025-07-07,613.8780517578125,616.5286747873084,617.1913758193931,611.0988485499288,74814500
2025-07-08,613.5418090820312,614.5406899285775,615.2923708557059,612.7307881009865,59024600
2025-07-09,617.2210083007812,615.945166968477,617.8737488887257,614.1055045789822,66113300
2025-07-10,618.9617919921875,617.3595500232223,620.000273214104,616.1825885407072,57529000
2025-07-11,616.7858276367188,615.9154666088177,618.0122289852302,614.7187654701638,63670200
2025-07-14,617.9627075195312,616.3307657158283,618.3088477245484,614.985684437804,51898500
2025-07-15,615.322021484375,620.6430672331502,620.9793073894895,615.2428812967698,74317300
2025-07-16,617.3792114257812,616.9044910111767,617.8836320494379,611.276844692317,88987500
2025-07-17,621.1573486328125,617.557284919235,621.5134493059918,617.3396644874989,68885700
2025-07-18,620.7024536132812,622.4035753929759,622.5716954836944,619.5947323692288,65621600
2025-07-21,621.87939453125,621.87939453125,624.6189973413707,621.4541141003111,63375000
2025-07-22,621.9684448242188,622.2058050575365,622.828905853138,619.3277216791315,60046300
2025-07-23,627.2598266601562,624.6289433239532,627.2598266601562,622.8288811376781,70511000
2025-07-24,627.4674682617188,627.6454884244192,629.1785504969665,627.0421878119985,71307100
2025-07-25,630.1181030273438,628.1301809903662,630.5928838363332,627.8829206987424,56865400
2025-07-28,629.9598999023438,630.4939604147171,631.0478210681617,628.5752180855901,54917100
2025-07-29,628.2982788085938,631.3543820995848,631.6708825055948,627.3883778702398,60556300
2025-07-30,627.5070190429688,628.9509803708415,630.6917023127537,624.6189756546709,80418900
2025-07-31,625.1531982421875,632.4523273568442,632.8380075585872,623.857556644127,103385200
2025-08-01,614.9065551757812,619.436379958757,619.475980234049,612.5031927364548,140103600
2025-08-04,624.2530517578125,618.813325728958,624.3024917393647,618.7243458354196,73218000
2025-08-05,621.0880737304688,624.8662177521945,625.6772386500149,620.168272806011,68051400
2025-08-06,625.8455200195312,622.1563552914652,626.4982606508958,621.2464542892866,64357500
2025-08-07,625.3212280273438,629.2674923107387,629.9993730574174,622.2156245224251,74205800
2025-08-08,630.1972045898438,627.1114011688534,630.6620853000642,626.7949007710238,64051600
2025-08-11,628.9510498046875,630.4742118551501,631.947873553624,627.70484826023,58742300
2025-08-12,635.6469116210938,631.2951060550639,635.8051316570012,629.8115442075018,64730800
2025-08-13,637.8228149414062,637.8425547169825,639.1085564704525,635.6370120856271,60092800
2025-08-14,637.882080078125,635.7457174616427,638.5447207235369,635.300697252298,59327500
2025-08-15,636.388671875,638.9107148606824,639.0096552004113,635.4787708739423,68592500
2025-08-18,636.2501220703125,635.814941575414,636.942462907598,635.1424008771667,43804900
2025-08-19,632.79833984375,636.0720632428176,637.0512042052354,631.4828983695179,69750700
2025-08-20,631.1170043945312,632.3929060531275,632.6500060324975,626.013578858981,88890300
2025-08-21,628.5850830078125,629.3071240874224,630.9785456585483,626.864161086776,54805800
2025-08-22,638.2381591796875,630.7709103705197,639.4151205943501,630.2664897119097,84083200
2025-08-25,635.42919921875,636.9820009718095,638.2183023325629,635.3105191174199,51274300
2025-08-26,638.0897827148438,635.1622594491828,638.4359833484747,634.5391586749303,51581600
2025-08-27,639.543701171875,637.5062787617181,640.2755819843173,637.3578984386413,48341100
2025-08-28,641.8085327148438,640.146950913372,642.3623933153343,638.267809046051,61519500
2025-08-29,637.9810180664062,640.374480883152,640.7404816664739,636.0919759234915,74522200
2025-09-02,633.2533569335938,630.5136938017484,633.4709169972102,627.9619508913343,81983500
2025-09-03,636.6853637695312,635.6270824559713,637.1502445176759,633.4413400681225,70820900
2025-09-04,642.00634765625,637.3578424589464,642.0360478647699,636.4578416280056,65219200
2025-09-05,640.14697265625,644.3404973975818,645.0625384730564,636.2798483910566,85178900
2025-09-08,641.7195434570312,641.5118230975241,642.718484610511,640.1370415028089,63133100
2025-09-09,643.203125,641.8579832056892,643.7272854003053,640.1271612550325,66133900
2025-09-10,645.0625610351562,646.4570825189741,647.3768835600082,643.4998590892842,78034500
2025-09-11,650.4231567382812,647.0109525903231,651.1154976382888,646.4274520986086,69934400
2025-09-12,650.2055053710938,650.3934256012134,651.8868873722256,649.7011451004063,72780100
2025-09-15,653.6671752929688,652.4111340519337,653.795755474802,652.1144337731963,63772400
2025-09-16,652.7671508789062,654.2210123755038,654.5276730798186,651.9858301119879,61169000
2025-09-17,651.9561157226562,652.7770367516476,654.4682584259048,647.1295902463727,101952200
2025-09-18,655.0023803710938,654.6364399867887,657.603563340362,653.0341982051615,90459200
2025-09-19,658.2465209960938,656.8877828567474,659.0895125014193,654.9438659954435,97945600
2025-09-22,661.3606567382812,656.7587687117981,661.8069106980723,656.7289861632065,69452200
2025-09-23,657.7606201171875,661.2417286303936,661.8566899635472,656.540685502851,81708900
2025-09-24,655.6677856445312,659.0497999269948,659.1489540239103,654.2495430702726,68082200
2025-09-25,652.6429443359375,652.5338627083877,653.9917550046746,649.0328388399253,89622100
2025-09-26,656.3819580078125,654.0909412604747,656.9274266555326,652.4743298182361,69179200
2025-09-29,658.2266845703125,658.9010899003678,659.8135740530697,656.4216318338509,73499000
2025-09-30,660.7061157226562,657.4828203674869,661.1722852976668,656.173659297658,86288000
2025-10-01,662.95751953125,657.7208749627936,663.8699431635192,657.611793334362,72545400
2025-10-02,663.7210693359375,664.9410037342527,665.0600128657511,661.3011766397112,56896000
2025-10-03,663.7112426757812,664.4848020775174,667.1527012490268,662.6698219114437,70494400
2025-10-06,666.0914916992188,666.1014192164715,666.9841207809839,663.9591941673339,54623300
2025-10-07,663.6219482421875,667.0138297258598,667.4601442579947,662.1838505424819,72020100
2025-10-08,667.5791625976562,664.7426772273783,667.6783772359653,663.919480237528,60702200
2025-10-09,665.6452026367188,667.9957845708525,668.4023890582872,663.7112737749407,66501900
2025-10-10,647.6542358398438,666.6071968358344,668.4122493878771,647.4757221413303,159422600
2025-10-13,657.5919189453125,655.2216030747315,659.664772492732,654.3488290056752,79560500
2025-10-14,656.78857421875,651.7701536094826,660.3590300864076,647.8030207789583,88779600
2025-10-15,659.7044067382812,661.3408732132422,664.7228272522149,653.5156893256119,81702600
2025-10-16,655.2117309570312,661.3409444600238,663.2154294168515,651.710706867285,110563300
2025-10-17,658.9308471679688,654.0810128478913,660.2895852935891,652.7322022395391,96500900
2025-10-20,665.7840576171875,661.8367798071084,666.6866142382812,661.7872027532737,60493400
2025-10-21,665.7741088867188,665.9229005771253,667.4601523988813,664.4748753427003,56249000
2025-10-22,662.3128051757812,666.4783066993808,666.4783066993808,657.8497808005621,80564000
2025-10-23,666.2402954101562,662.6301900162397,667.1825015615415,662.3128121266341,65604500
2025-10-24,671.6851806640625,670.9016937183009,672.8951271271609,670.0983517375236,74356500
2025-10-27,679.6094970703125,677.1201116013259,679.9070199177999,676.5151383891614,63339800
2025-10-28,681.41455078125,681.4046232640447,683.2493254549719,679.2028936555786,61738100
2025-10-29,681.7418823242188,683.0609104229828,684.0328991417463,677.2590027977353,85657100
2025-10-30,674.2439575195312,678.2805222142791,680.303738053287,674.2439575195312,76335800
2025-10-31,676.4556274414062,679.4111219213156,679.4508319897004,673.6587916341136,87164100
2025-11-03,677.7251586914062,680.0359699637585,680.1649066224819,674.3530715971103,57315000
2025-11-04,669.6917114257812,670.5545580097922,674.3729598389511,669.0371611161902,78427000
2025-11-05,672.0125122070312,669.433839434071,675.2655297930335,668.630497422053,74402400
2025-11-06,664.8021850585938,670.9115428502156,671.8140994484131,663.2252231578799,85035300
2025-11-07,665.4567260742188,662.4218719882706,665.5658682287408,655.7769731606511,100592400
2025-11-10,675.8407592773438,671.6752576501947,676.57466917413,669.4834554774103,75842900
2025-11-11,677.3878784179688,674.3629519753922,677.9532020666294,673.1529450781785,58953400
2025-11-12,677.7647705078125,679.1631581075335,679.3318048264125,675.3547447293747,62312500
2025-11-13,666.5179443359375,674.9084518036677,675.2654792192372,665.010475070097,103457800
2025-11-14,666.408935546875,659.9127671356764,670.1082678298286,657.8201189320223,96846700
2025-11-17,660.2002563476562,664.1971714004484,668.1742314199619,656.7290154076413,90456100
2025-11-18,654.65625,656.6596108350068,659.6548153709225,650.4708935566339,114467500
2025-11-19,657.185302734375,655.3505280387882,661.856623370592,653.3371790986623,94703000
2025-11-20,647.1683349609375,667.3808213360044,670.0090710879778,646.5335791707308,165293500
2025-11-21,653.6148681640625,649.6675301260088,659.0894699034471,645.5020288545189,123956200
2025-11-24,663.2351684570312,657.2448196444445,664.5542570793402,656.1538823239337,80437900
2025-11-25,669.4734497070312,663.135941149376,670.6536740212097,659.020017057554,81077100
2025-11-26,674.09521484375,672.0620713400136,676.0986363282427,671.1595147067713,71879600
2025-11-28,677.7747192382812,675.2654787466182,678.0523870500939,674.9084513312986,49212000
2025-12-01,674.6803588867188,673.2323336611282,677.3779800628074,673.1629015749381,61201200
2025-12-02,675.9300537109375,676.316803165018,678.2012155152329,673.7481184984898,62953800
2025-12-03,678.2706298828125,674.9779023816353,679.2822075879724,674.105128319461,57238500
2025-12-04,678.7665405273438,679.6690366334618,679.7384687237238,675.7416137771377,61970300
2025-12-05,680.0557861328125,679.8375623637357,682.7336127271673,678.9549213715281,79241000
2025-12-08,678.0127563476562,680.9484564225444,680.9980334759979,675.9696853695019,55231500
2025-12-09,677.4275512695312,677.5366934232544,679.7582780276033,676.9812972721672,58310100
2025-12-10,681.92041015625,676.9515664343469,683.3088703732143,675.711837383319,85671300
2025-12-11,683.5072021484375,679.51034738166,683.5865617528303,676.5647198382891,86173700
2025-12-12,676.1580810546875,682.5153843270051,683.2195721462687,673.5893360954813,113160300
2025-12-15,675.1365356445312,680.1053789946951,680.1252340287925,673.6687159286942,90811000
2025-12-16,673.2918701171875,673.6488975485244,675.4837328267965,669.4338188610296,122030600
2025-12-17,665.8832397460938,674.3034691132465,674.8489377460819,665.6848710067972,110625200
2025-12-18,670.9114990234375,672.0322187932205,675.1464323222394,669.3544527925658,108650100
2025-12-19,676.9923095703125,673.0134542661981,677.4896664833268,672.8940327515619,103599500
2025-12-22,681.2098388671875,680.3245290528953,681.7370055876305,676.9922622536055,69556700
2025-12-23,684.3233032226562,680.3046207584179,684.562024812114,680.2548972126992,64840000
2025-12-24,686.7305297851562,684.313382495532,687.1781631452748,684.164151137988,39445600
2025-12-26,686.660888671875,686.989161229118,688.0037280321676,685.6264081645946,41613300
2025-12-29,684.2138671875,683.9055083361335,685.5567672531378,682.4433081832867,62559500
2025-12-30,683.3782958984375,683.8159723723246,684.9200900521846,682.9505762759469,47160700
2025-12-31,678.3152465820312,683.5076844111845,683.726492314561,678.1063955310838,74144800
2026-01-02,679.55859375,682.0852055985325,683.2390468658663,676.2263268834449,89377200
