Date,Price,Open,High,Low,Vol.
2020-01-02,12.949610710144043,12.962737833715932,12.995554390774245,12.857723348883642,67000
2020-01-03,13.002119064331055,12.903668132866475,13.008682626678228,12.798653639054722,37200
2020-01-06,12.929922103881836,12.969302225245535,13.094007403413984,12.883977168440786,68300
2020-01-07,13.356546401977539,13.120263121055379,13.48125160600554,13.120263121055379,139200
2020-01-08,13.461560249328613,13.231840543338167,13.514067503394571,13.231840543338167,119300
2020-01-09,13.756912231445312,13.454995852244537,13.776602919951642,13.454995852244537,114700
2020-01-10,13.796296119689941,13.914437768489117,14.032578165416458,13.730661731260195,105200
2020-01-13,13.973506927490234,13.750350784548521,14.12446512657678,13.665025714197562,132800
2020-01-14,14.111336708068848,13.973505648097692,14.163843957372846,13.973505648097692,141600
2020-01-15,13.881616592407227,14.18353420544565,14.18353420544565,13.789729221942789,73000
2020-01-16,13.848801612854004,13.756912980029266,13.86849105056013,13.665025599076206,42000
2020-01-17,13.940688133239746,13.84880075795895,13.947251696027173,13.789729944743694,35400
2020-01-21,13.671587944030762,13.78316600461921,13.789729567226948,13.474686073284827,160100
2020-01-22,13.43530559539795,13.605954478987407,13.632208731172698,13.39592546899166,92500
2020-01-23,13.448431015014648,13.435303890587708,13.481248826082,13.166204099192864,110600
2020-01-24,13.494376182556152,13.46812318268683,13.573137685907374,13.415615931076559,54100
2020-01-27,13.277783393859863,13.166205329547108,13.33029064460283,13.15307945576507,75200
2020-01-28,13.225276947021484,13.231840510247274,13.258094763150437,13.100571749474822,82100
2020-01-29,12.949610710144043,13.139950246322199,13.139950246322199,12.844596225311754,62500
2020-01-30,12.805219650268555,12.798656086666167,12.956177857508218,12.719894575309265,84200
2020-01-31,12.582061767578125,12.792090766527553,12.792090766527553,12.529554517840767,84900
2020-02-03,12.746147155761719,12.61487840469705,12.910232468656762,12.61487840469705,74500
2020-02-04,13.002119064331055,12.975866066813873,13.094007685319974,12.949611817425177,99600
2020-02-05,13.382800102233887,13.409054357870627,13.448434489453923,13.25809614357481,123700
2020-02-06,13.658463478088379,13.848803075156841,13.855366639042494,13.546885395775922,159100
2020-02-07,13.389364242553711,13.546886027540005,13.586267412690479,13.29091328342126,114400
2020-02-10,13.06119155883789,13.251531135850442,13.251531135850442,13.002120741963076,61900
2020-02-11,13.048063278198242,13.126824777687858,13.153079028141585,12.897105093704008,109800
2020-02-12,13.238404273986816,13.05462825649618,13.304038655367165,13.05462825649618,91100
2020-02-13,13.218711853027344,13.192458855036042,13.330289911201335,13.192458855036042,51300
2020-02-14,12.97586727142334,13.159642026718808,13.159642026718808,12.903669330773475,45500
2020-02-18,13.32372760772705,13.028374780090731,13.389361986714563,13.028374780090731,63000
2020-02-19,13.363107681274414,13.409051366517566,13.468122176650628,13.146515128077029,56500
2020-02-20,13.192462921142578,13.343421148766785,13.356548277744173,13.041504693518373,53500
2020-02-21,13.0546293258667,13.153081531937788,13.185898099380283,12.988996190981709,59800
2020-02-24,12.97586727142334,13.041501649116706,13.041501649116706,12.798654827212742,58600
2020-02-25,12.588624954223633,13.054626625238024,13.054626625238024,12.536117706054807,97700
2020-02-26,12.687074661254883,12.628003856292976,12.733018342476049,12.575496613201441,60500
2020-02-27,12.490175247192383,12.503301121620172,12.693640697347284,12.46392099459347,64700
2020-02-28,12.47048568725586,12.24076596369521,12.470485687255858,12.168569266252328,90700
2020-03-02,12.772398948669434,12.39172110877773,12.805216759272191,12.31296086707405,102100
2020-03-03,12.838033676147461,12.654258939131113,12.936484606959292,12.614877565309177,161300
2020-03-04,13.238404273986816,13.008684565091446,13.244967837312021,12.962740873686712,67200
2020-03-05,13.514065742492676,13.087444202312199,13.625643799328017,13.087444202312199,99500
2020-03-06,13.25809383392334,13.29091039588058,13.494375834132978,13.080881394862416,96900
2020-03-09,12.621442794799805,12.733020864957476,12.89054262543801,12.424540907167053,125300
2020-03-10,12.929922103881836,12.949611538627941,13.028373033226828,12.582060818199947,109400
2020-03-11,12.870851516723633,12.798653583091923,13.113697063149639,12.798653583091923,167200
2020-03-12,11.86665153503418,12.57550014159193,12.739585478775407,11.650058940026861,127900
2020-03-13,12.608315467834473,12.194821009636568,12.693640535823528,12.142313756978554,244600
2020-03-16,12.772398948669434,12.739582389938144,12.811780321392742,11.912592340820693,210700
2020-03-17,13.202929496765137,13.073086655402024,13.22343140964774,12.403373142597227,281700
2020-03-18,10.934103965759277,12.868073552565079,13.038918927030068,10.87259952667614,210800
2020-03-19,12.007013320922852,11.118617849796369,12.212028562799848,10.975107050137789,134800
2020-03-20,11.583318710327148,11.979679988548565,11.979679988548565,11.337300915759728,153700
2020-03-23,12.116354942321777,11.925008936626966,12.567386674955127,11.795166073157699,221300
2020-03-24,13.011584281921387,12.458044332852733,13.175595684200216,12.458044332852733,124300
2020-03-25,13.038918495178223,13.243932416367398,13.387443203957197,12.881741068703409,56500
2020-03-26,13.927316665649414,13.243935054306624,14.275841443847876,13.243935054306624,140000
2020-03-27,13.551457405090332,13.667632332050644,14.00932314035191,13.469451037581353,120300
2020-03-30,13.783805847167969,13.749637291216445,13.988819789770835,13.599292516757277,148400
2020-03-31,14.050321578979492,14.16649647209355,14.33734182647031,13.804305155020657,162000
2020-04-01,14.077661514282227,14.351013899293662,15.034395513545741,14.05032562405759,430600
2020-04-02,14.631199836730957,14.23483856398402,14.74054078759584,14.23483856398402,233300
2020-04-03,14.747373580932617,14.69270310987097,15.03439387986797,14.508189781245347,136400
2020-04-06,15.799784660339355,15.307749027581652,15.83395322219327,15.246244573486939,208100
2020-04-07,15.041231155395508,15.813451891685652,15.977463340894696,14.945558135885348,119100
2020-04-08,14.562860488891602,15.048062067962166,15.478591871636052,14.494522073092623,87100
2020-04-09,14.679035186767578,14.658534574745076,15.102732315672867,14.597030131783875,70100
2020-04-13,15.198408126831055,15.048064629241349,15.335084981692306,14.706373795535308,115700
2020-04-14,15.587934494018555,15.71777736767319,15.799783736151646,15.464925593024372,116700
2020-04-15,15.341915130615234,15.212072281206712,15.656269993613295,15.18473639566944,68600
2020-04-16,15.225740432739258,15.150568049927813,15.27357692963862,14.925052204940258,106000
2020-04-17,15.622099876403809,15.546927502147645,15.772443321469503,15.19156884641422,92600
2020-04-20,15.84761905670166,15.84761905670166,15.991128561502714,15.560598743652644,199200
2020-04-21,15.649435997009277,15.697272493175651,16.196141975852832,15.43075412685056,235200
2020-04-22,16.448991775512695,16.01162805178469,16.701843492947145,16.01162805178469,237600
2020-04-23,16.40115737915039,16.476329767574498,16.688177685423398,15.991128183982255,300200
2020-04-24,16.982032775878906,16.790685461396436,17.146044201100906,16.5036651413962,293200
2020-04-27,17.139209747314453,16.98203229882297,17.337391028544772,16.824854850331484,344200
2020-04-28,16.913692474365234,17.084537852894176,17.228047345204025,16.831686119154753,379000
2020-04-29,17.49456787109375,16.824854267585202,17.959267531796613,16.824854267585202,1518500
2020-04-30,16.913692474365234,17.521901604825292,17.61074193159055,16.913692474365234,87700
2020-05-01,16.503662109375,16.55149860334545,16.783848405584827,16.373819266136124,144200
2020-05-04,16.681339263916016,16.448989492078425,16.75651163228892,16.298646058779145,100300
2020-05-05,16.777015686035156,16.900024567390492,17.070869946284727,16.530999226771282,108500
2020-05-06,17.08453941345215,16.94102990803367,17.262218779765682,16.93419593585466,109100
2020-05-07,16.96836280822754,17.16654407139734,17.16654407139734,16.654007939892143,69800
2020-05-08,16.54467010498047,16.722349500963112,16.722349500963112,16.01163322047968,96100
2020-05-11,15.806614875793457,16.196143459063535,16.360154876702413,15.792948235242044,211800
2020-05-12,16.325984954833984,16.059466565111727,16.41482528703932,16.059466565111727,110000
2020-05-13,16.032129287719727,16.63350573477563,16.63350573477563,15.90228774182198,172300
2020-05-14,16.366989135742188,16.01846437835464,16.366989135742188,15.997962461997643,127100
2020-05-15,16.168807983398438,16.360155293913575,16.428493712200908,16.086802924211174,83300
2020-05-18,16.196144104003906,16.47633044989171,16.47633044989171,16.114137740195485,61100
2020-05-19,16.312318801879883,16.414825777648584,16.414825777648584,16.141473407783074,104800
2020-05-20,16.264480590820312,16.442159952661324,16.51049836928431,16.11413711700725,107200
2020-05-21,16.18931007385254,16.435326557504382,16.435326557504382,16.148306240371458,46600
2020-05-22,16.373821258544922,16.27814825896228,16.489996173801075,16.182475259379636,78300
2020-05-26,16.22347640991211,16.558333183468996,16.558333183468996,16.1004675332082,78300
2020-05-27,16.264480590820312,16.44899392466831,16.44899392466831,16.13463903302821,47700
2020-05-28,16.168807983398438,16.33281940521988,16.414825767854058,16.114137509457954,79100
2020-05-29,16.70184326171875,16.45582551880438,16.783848307059078,16.414822996134216,118300
2020-06-01,16.804353713989258,16.701846734277794,16.906860693700718,16.701846734277794,80900
2020-06-02,16.75651741027832,16.681345015984437,16.906860895419108,16.57883803504995,80300
2020-06-03,16.633506774902344,16.674509302305246,16.87952454621345,16.48316330546047,132800
2020-06-04,16.558338165283203,16.592508032118534,16.633510568873792,16.32598828459152,49600
2020-06-05,16.27131462097168,16.469495899541837,16.62667334592355,16.26448064894027,68000
2020-06-08,15.977460861206055,16.100469754883743,16.100469754883743,15.553765009035049,101300
2020-06-09,16.517332077026367,16.12097083109079,16.62667302049502,15.929623528297219,105200
2020-06-10,16.9068603515625,16.77018481586206,16.93419624077075,16.462662579503927,53200
2020-06-11,16.175640106201172,16.38065403417688,16.47632833021941,16.100467724334923,71900
2020-06-12,16.59933853149414,16.339652811682498,16.619839143857728,16.32598486780886,73000
2020-06-15,16.34648895263672,16.21664607550203,16.34648895263672,16.004798131137996,116000
2020-06-16,16.72917938232422,16.57200194474766,16.900024763197905,16.551500029801964,53300
2020-06-17,16.59933853149414,16.71551214407945,16.71551214407945,16.489996283951907,75200
2020-06-18,16.770183563232422,16.633506734293963,16.941028947682074,16.633506734293963,81800
2020-06-19,16.38065528869629,16.72918003570432,16.72918003570432,16.059466429350156,504300
2020-06-22,16.859024047851562,16.613006255861755,16.872691992616986,16.572003725012436,114700
2020-06-23,16.975196838378906,16.804351460620218,17.002531421027964,16.804351460620218,61200
2020-06-24,16.428491592407227,16.749680422433197,16.749680422433197,16.20297445012379,58000
2020-06-25,16.18931007385254,16.339653552942384,16.44216052975123,16.04579926356261,43500
2020-06-26,16.442157745361328,16.34648475700103,16.633505025528635,16.29864826282088,60800
2020-06-29,16.69501304626465,16.53100161524271,16.824855917949638,16.53100161524271,77200
2020-06-30,16.681339263916016,16.8453506375461,16.975193463795705,16.496825979789715,74700
2020-07-01,16.954696655273438,16.804353176733095,17.07770554837323,16.770184619070672,55300
2020-07-02,17.590242385864258,17.08454015372756,17.597076358339386,17.08454015372756,143700
2020-07-06,17.685911178588867,17.774751496145495,18.034435871075644,17.67907851118912,130300
2020-07-07,17.78158950805664,17.685915197910553,17.897764431954283,17.5082371293113,116400
2020-07-08,18.78615951538086,18.30095921826441,18.799827459835473,18.2941252460371,189500
2020-07-09,19.17568588256836,18.929669411495546,19.510542684860773,18.792992580440867,153000
2020-07-10,18.916000366210938,19.196186680455437,19.77022725194339,18.683650549015965,634200
2020-07-13,18.78615951538086,19.162020167201177,19.373868092459986,18.656316649955883,152700
2020-07-14,18.861331939697266,18.635816069586134,18.881832552968415,18.553809706160756,52800
2020-07-15,18.704153060913086,18.957003497235576,19.052676494390372,18.622146703746957,115400
2020-07-16,18.758825302124023,18.888666866678342,18.888666866678342,18.553810041577762,64800
2020-07-17,18.39663314819336,18.65631758866261,18.779326488049563,18.39663314819336,61300
2020-07-20,18.553810119628906,18.389798692570114,18.574312036803864,18.389798692570114,53200
2020-07-21,18.526472091674805,18.68364951714164,18.717818069305135,18.458133683901096,40600
2020-07-22,18.423967361450195,18.51280769962692,18.526475644492102,18.32146038185525,52100
2020-07-23,18.007104873657227,18.355629635483137,18.410300109684442,17.904597897460643,76000
2020-07-24,18.11644744873047,17.97977059923157,18.34879731081037,17.87042964101127,200000
2020-07-27,18.013938903808594,18.218952856861222,18.294125247922416,17.95243445720342,153100
2020-07-28,18.157447814941406,17.904597368029645,18.246288147545883,17.904597368029645,100400
2020-07-29,18.11644744873047,18.22578840695077,18.22578840695077,18.013940463329813,58800
2020-07-30,18.273622512817383,17.972934265486455,18.30779237242707,17.972934265486455,74200
2020-07-31,18.205284118652344,17.972934286818155,18.36246286614973,17.972934286818155,110800
2020-08-03,18.041269302368164,18.362459405310254,18.362459405310254,17.925094408346975,132400
2020-08-04,18.362464904785156,18.218954085215024,18.505974420908274,18.212120112526254,73800
2020-08-05,18.608482360839844,18.362465848633722,18.758827160826613,18.362465848633722,119200
2020-08-06,18.984342575073242,18.628983806701214,19.086849561175587,18.628983806701214,48200
2020-08-07,19.421701431274414,19.162017046167747,19.510540448865804,19.155183075053532,49000
2020-08-10,19.189355850219727,19.44220762330451,19.544714605683257,19.03217839034251,70800
2020-08-11,19.168851852416992,19.162019183987198,19.305528683056313,19.162019183987198,43800
2020-08-12,19.257694244384766,19.271362189600854,19.380703144435575,18.929671379880606,65400
2020-08-13,19.326030731201172,19.20985581539522,19.51737673127201,19.134683427683463,59300
2020-08-14,19.216690063476562,19.291861148821713,19.319197036908594,19.155185618727966,44800
2020-08-17,19.326030731201172,19.339697371601325,19.428537703160103,19.175685955777663,136500
2020-08-18,19.771486282348633,19.6028596908294,19.820668870692778,19.574755928972042,78300
2020-08-19,20.150894165039062,19.680144496827555,20.228181844038286,19.511517930022293,124100
2020-08-20,19.680147171020508,19.912008899399364,19.95416521179779,19.560703169120792,56100
2020-08-21,19.975244522094727,19.701226474677505,20.10874107807044,19.511521054100182,42800
2020-08-24,20.108739852905273,20.108739852905273,20.31249647212494,20.031452166240076,50500
2020-08-25,20.916746139526367,20.41086496646549,21.485861119094675,20.41086496646549,134800
2020-08-26,20.86053466796875,21.14157898455451,21.14157898455451,20.60056783754879,76600
2020-08-27,20.825401306152344,21.078341837036746,21.12752442023652,20.7270361397528,64700
2020-08-28,20.874584197998047,21.064289598966283,21.064289598966283,20.762166480414997,46700
2020-08-31,20.790271759033203,20.8254017935338,20.881610652809705,20.593540081505083,35400
2020-09-01,20.797298431396484,20.797298431396484,20.98700383762479,20.66380188551824,61400
2020-09-02,20.382761001586914,20.85351078850172,20.916745934514537,20.157925522485847,118300
2020-09-03,20.228185653686523,20.375733424882533,20.649751480032307,20.19305427474099,71800
2020-09-04,19.95416259765625,20.16494681228412,20.291415732911045,19.623935736901537,119900
2020-09-08,20.375732421875,19.869852651087246,20.4600463870688,19.869852651087246,81900
2020-09-09,20.77621841430664,20.77621841430664,20.92376750183889,20.712983282524945,57400
2020-09-10,20.698932647705078,20.81837664765984,20.91674316182111,20.593541198362633,45500
2020-09-11,20.916746139526367,20.811354675180407,21.00105877495306,20.68488438191519,115000
2020-09-14,19.65203857421875,20.417885037230068,20.607590419471354,19.420176887076547,388100
2020-09-15,19.88390350341797,19.834720916326916,19.9049823293677,19.574755430238493,234800
2020-09-16,19.813642501831055,19.8487725366424,19.93308649636452,19.518545652991023,247300
2020-09-17,19.94011116027832,19.602858006222323,19.94011116027832,19.53962287232121,174000
2020-09-18,19.74338150024414,19.97524321911716,19.98226949424967,19.623937503241375,1188100
2020-09-21,19.76445960998535,19.715277022628783,19.855799849468973,19.427206433718894,146400
2020-09-22,19.72933006286621,19.73635633839506,19.855800342135392,19.623938610183572,97700
2020-09-23,19.56772804260254,19.708249520571236,19.82066723899616,19.392075190047983,176400
2020-09-24,19.50449562072754,19.58178331543898,19.764461128188593,19.39910416256427,143600
2020-09-25,19.497468948364258,19.32181607495557,19.532598986995968,19.08292805990975,194300
2020-09-28,19.2796573638916,19.53962283374975,19.595831692648126,19.188317130603675,228700
2020-09-29,19.25155258178711,19.22344882193702,19.44828426123746,19.08995227730553,137200
2020-09-30,19.005640029907227,19.20939800270986,19.2234505539635,18.837013435238696,190700
2020-10-01,19.089954376220703,18.99158919574287,19.160215793758475,18.872145187966183,123000
2020-10-02,19.272632598876953,18.8932217664953,19.448285464211047,18.872144280335217,151100
2020-10-05,19.57475471496582,19.38504930872514,19.659067335433942,19.335866723431245,99100
2020-10-06,19.005640029907227,19.64501637057231,19.64501637057231,18.886196024501384,85400
2020-10-07,18.626232147216797,18.935381601064318,18.935381601064318,18.387344115624412,133700
2020-10-08,18.492733001708984,18.703517239098513,18.766751036177894,18.443550415022255,120200
2020-10-09,18.79485321044922,18.570017797678762,18.829983241147815,18.471652639622878,136400
2020-10-12,18.73162078857422,18.844038511196384,18.949429958639048,18.654333101724617,65700
2020-10-13,18.87214469909668,18.717569316492735,18.92835356364583,18.633256689731528,73600
2020-10-14,18.42247200012207,18.872144245840445,18.872144245840445,18.28897678760217,39600
2020-10-15,18.274921417236328,18.246816319910415,18.310051448768917,17.951719498612345,92300
2020-10-16,18.204662322998047,18.26789745987685,18.26789745987685,18.092244599685728,116300
2020-10-19,18.436525344848633,18.436525344848633,18.598125665989297,18.373290203510972,111700
2020-10-20,18.76675033569336,18.471654826587667,18.82296053566579,18.471654826587667,82300
2020-10-21,19.328842163085938,18.97051014399546,19.38505102842611,18.97051014399546,131300
2020-10-22,19.082927703857422,19.39207713052357,19.39207713052357,18.865118520129588,73600
2020-10-23,19.047794342041016,19.089950648281246,19.18128953515588,18.886192711224645,96500
2020-10-26,19.293710708618164,19.089954075110114,19.469363579629437,19.089954075110114,136100
2020-10-27,19.546649932861328,19.356944523533063,19.637990170000844,19.328840762961264,95100
2020-10-28,19.26560401916504,19.314786601156047,19.5747534004119,19.19534261341009,53700
2020-10-29,18.96347999572754,19.202367959670553,19.202367959670553,18.844036013756035,26000
2020-10-30,18.93537712097168,18.893219473517956,19.15318627231653,18.85106316618908,68400
2020-11-02,18.970508575439453,18.55596772528467,18.977534850541645,18.176558250640852,84100
2020-11-03,19.328842163085938,19.012666457969324,19.39207730410926,19.012666457969324,40500
2020-11-04,19.52557373046875,19.455312314234998,19.63799146039273,19.36397207109361,19900
2020-11-05,19.72230339050293,19.7293296658904,19.792564804252628,19.321815074292147,41300
2020-11-06,20.164947509765625,20.003345870923866,20.263312675919398,20.003345870923866,57800
2020-11-09,20.55841064453125,20.270340064853904,20.684880916609103,20.05955583134917,62300
2020-11-10,21.211841583251953,20.481124979199013,21.261024173885307,20.481124979199013,49200
2020-11-11,21.078344345092773,21.21886717677674,21.21886717677674,20.60056832551733,58500
2020-11-12,20.755142211914062,21.148604236084843,21.148604236084843,20.734063386643776,61600
2020-11-13,20.530303955078125,20.61461790997956,20.64974794278233,20.326547352597334,48200
2020-11-16,20.20710563659668,20.656776539623866,20.670829090374717,20.129817947592006,50300
2020-11-17,20.164947509765625,20.28439150014873,20.40383549053183,20.003345870923866,26300
2020-11-18,20.094688415527344,20.038479551237234,20.22115869521135,20.038479551237234,24200
2020-11-19,20.03847885131836,20.003347474785986,20.29141806172649,19.855799713724995,26400
2020-11-20,20.010372161865234,20.010372161865234,20.164947526089012,19.87687696201273,33000
2020-11-23,20.221158981323242,20.12981873798128,20.326550435842766,19.961192142725032,28300
2020-11-24,20.04550552368164,20.28439352833365,20.28439352833365,19.66609469036668,43000
2020-11-25,19.42720603942871,20.045504856826696,20.052531132038602,19.34991969234769,29300
2020-11-27,19.37802505493164,19.399103882309813,19.448286472733802,19.01266675446047,35000
2020-11-30,19.363971710205078,19.630964818892334,19.630964818892334,19.33586794831038,34500
2020-12-01,19.9471378326416,20.04550434296169,20.284392333542723,19.89092897251224,50500
2020-12-02,20.235206604003906,19.876875990208625,20.235206604003906,19.82066579496643,53300
2020-12-03,20.05253028869629,20.129816632526904,20.164948007108922,19.83471978666251,28300
2020-12-04,19.76445960998535,20.0244264376022,20.0244264376022,19.687173261335744,27900
2020-12-07,19.47638702392578,19.70824872634901,19.73635382488509,19.363969310031177,22500
2020-12-08,19.43423080444336,19.328839364704486,19.645013683921107,19.328839364704486,54400
2020-12-09,19.62393569946289,19.35694262946859,19.680144555231454,19.300733773700028,38200
2020-12-10,19.94011116027832,19.588805456438763,19.95416371006188,19.420178879410766,90300
2020-12-11,19.637990951538086,20.031452996076723,20.031452996076723,19.574755812578747,97300
2020-12-14,19.78553581237793,19.736353231543244,20.101711460779228,19.70122319955413,19600
2020-12-15,20.136842727661133,19.827693334724025,20.15089527736848,19.827693334724025,21700
2020-12-16,19.539623260498047,20.024425516662756,20.024425516662756,19.476388125340694,44100
2020-12-17,19.307762145996094,19.729329280126464,19.862825829628157,19.22344952324501,64000
2020-12-18,20.0736083984375,19.630963785918865,20.150896084799864,19.53259727415087,65200
2020-12-21,19.708250045776367,19.79959028200881,19.90498172832514,19.637989974982112,15900
2020-12-22,19.2796573638916,19.890928536895824,19.890928536895824,19.25155226437996,63300
2020-12-23,19.58880615234375,19.448284669890757,19.88390300765748,19.448284669890757,55000
2020-12-24,19.6450138092041,19.609883775775394,19.77148407374724,19.53962236879311,6700
2020-12-28,19.680147171020508,19.69419972186165,19.827694934477503,19.46936292877836,27100
2020-12-29,19.74338150024414,19.792564086046756,19.869851772379416,19.532597266643695,34100
2020-12-30,19.673120498657227,19.708250534926265,19.954164809184476,19.673120498657227,18100
2020-12-31,19.609886169433594,19.919035593816695,19.954165631533506,19.511520991726485,25000
2021-01-04,20.235206604003906,19.989293700443383,20.249259152814457,19.954162328417013,109300
2021-01-05,20.066585540771484,19.996324117578357,20.207108387157735,19.827697505989963,38300
2021-01-06,20.115766525268555,20.17900166706966,20.31249822644144,19.954166202943547,35700
2021-01-07,19.989294052124023,20.087659215278816,20.186024378433608,19.72932725505442,27800
2021-01-08,20.958898544311523,20.762166864836157,20.958898544311523,20.530305150512476,33300
2021-01-11,21.415599822998047,21.078346599043396,21.415599822998047,20.951876305029106,35300
2021-01-12,21.317232131958008,21.07834412466843,21.33831095852769,20.987005223116547,64900
2021-01-13,21.120500564575195,21.46478002653155,21.46478002653155,21.099423078003912,75400
2021-01-14,21.626384735107422,21.366417863012913,21.710697373536565,21.366417863012913,33600
2021-01-15,21.59124755859375,21.605300107936195,21.661508965181117,21.478829844103906,13300
2021-01-19,20.916746139526367,21.33831333703537,21.464782290175414,20.818379611361653,43500
2021-01-20,21.352359771728516,20.972950316954527,21.38749114539964,20.916741459205607,33100
2021-01-21,21.127527236938477,21.429650391301426,21.429650391301426,20.944848089181228,30200
2021-01-22,20.621644973754883,20.69893131690369,20.85350668345111,20.312495580784947,32600
2021-01-25,20.797298431396484,20.621645575286927,20.93079497727473,20.572462989996243,45500
2021-01-26,20.495176315307617,20.684881730892357,20.684881730892357,20.424914901373455,22500
2021-01-27,20.333576202392578,20.516255344377623,20.7270382481392,20.333576202392578,16200
2021-01-28,20.087661743164062,20.031452879984304,20.214132020349776,19.98227029221764,86300
2021-01-29,20.97295379638672,23.18617978009836,24.93568361554314,20.937822416887265,817600
2021-02-01,21.029157638549805,21.668533851284966,21.70366388226501,20.930792479705868,697100
2021-02-02,21.18373680114746,21.359389679001296,21.51396506919274,21.092397894318513,351200
2021-02-03,20.55841064453125,20.762167262781713,20.83242867394996,20.516254333880287,453900
2021-02-04,20.164947509765625,20.453018073608717,20.5584095145056,20.10171237720252,205400
2021-02-05,20.108739852905273,20.284392711598933,20.284392711598933,20.003347065589107,127800
2021-02-08,20.298444747924805,20.270340986255004,20.467071338318647,20.024426706050434,143900
2021-02-09,20.221158981323242,20.30547160888884,20.38978557657949,20.024427283461755,134300
2021-02-10,20.2492618560791,20.375732132008118,20.600567582493035,19.975243818316233,109700
2021-02-11,20.03847885131836,20.15089657597197,20.164949126584915,19.855799713724995,76900
2021-02-12,20.02442741394043,20.235210324352934,20.235210324352934,20.02442741394043,46800
2021-02-16,20.270339965820312,20.453019097915263,20.453019097915263,20.094687108820352,95700
2021-02-17,19.60285758972168,20.30546898247246,20.417886698102592,19.406127257431386,275100
2021-02-18,19.609886169433594,19.462338402872934,19.687173860560627,19.370998160609158,84100
2021-02-19,19.34992218017578,19.673122840727668,19.71527915729419,19.286687035263434,75800
2021-02-22,18.70351791381836,19.300736590987267,19.32181541752412,18.654333985232366,110600
2021-02-23,18.815935134887695,18.612177170895496,18.921326584482802,18.39436799638228,95900
2021-02-24,18.633256912231445,18.921327514001327,18.921327514001327,18.422472662561372,80000
2021-02-25,18.654333114624023,18.527864181680354,18.75269962708016,18.443550219592947,60800
2021-02-26,18.520837783813477,18.794855813563764,18.815934638977232,18.37328868616912,56100
2021-03-01,18.74567222595215,18.787828534401285,18.90024625034891,18.619201960479852,48800
2021-03-02,19.089954376220703,19.033745510215503,19.406130085078136,18.970510368444018,130800
2021-03-03,18.738649368286133,19.223451694294695,19.223451694294695,18.717570540155283,88600
2021-03-04,18.113325119018555,18.759727758567998,18.766752694322523,17.937672242403217,134600
2021-03-05,18.88619613647461,18.436525214692495,18.949431277365854,18.22574230513839,108300
2021-03-08,18.76675033569336,18.893220605381472,18.921325705367686,18.520837411438613,70800
2021-03-09,18.851064682006836,18.837012131725626,18.935378643569134,18.661359273585372,74400
2021-03-10,19.483415603637695,18.95645700486558,19.581782120026837,18.942404453934987,122600
2021-03-11,19.118057250976562,19.490441808539003,19.490441808539003,19.075900938462425,87100
2021-03-12,19.195344924926758,19.12508351071088,19.223450026663112,19.012665784015482,56900
2021-03-15,19.293710708618164,19.321815811239993,20.003348468318713,19.068875248143744,301000
2021-03-16,19.630542755126953,19.1959179220739,19.71746689275701,19.1959179220739,251800
2021-03-17,19.797151565551758,19.797151565551758,19.913051354740382,19.362526665277176,175000
2021-03-18,19.369768142700195,19.608811600591284,19.608811600591284,19.275600093921287,135400
2021-03-19,18.6236629486084,18.884438143755332,19.195919319817644,18.543982713584672,538600
2021-03-22,18.268720626831055,18.572957909383195,18.572957909383195,17.97172725358187,151300
2021-03-23,18.333913803100586,18.39910760296742,18.536739111756773,18.16006413066716,47400
2021-03-24,18.283206939697266,18.601932014606263,18.63815017650383,18.261475213578137,79700
2021-03-25,18.565711975097656,18.370131971787597,18.609175426174804,18.275962542754723,67000
2021-03-26,18.812002182006836,18.64539640592638,18.819246091614833,18.47879062984592,43800
2021-03-29,18.94963264465332,18.81200113304473,18.985850809039285,18.80475722384066,66400
2021-03-30,19.080020904541016,19.06553308563363,19.080020904541016,18.91341513200943,62400
2021-03-31,18.94963264465332,18.833732860656955,19.00033862744743,18.66712709386648,85100
2021-04-01,18.978607177734375,19.058287411076424,19.065531319859215,18.848219582912787,96900
2021-04-05,19.18143081665039,18.978606900235174,19.188674725327264,18.869949651716382,96900
2021-04-06,18.819244384765625,19.036557508392406,19.145213379388615,18.725076331671406,135700
2021-04-07,18.956876754760742,18.99309491953054,18.99309491953054,18.725077184311417,60700
2021-04-08,18.862709045410156,19.000339179382312,19.000339179382312,18.645395907878502,50500
2021-04-09,18.84097671508789,18.84097671508789,18.913414425283637,18.717833022245443,41800
2021-04-12,18.580202102661133,18.703345799424678,18.703345799424678,18.515008299572525,44500
2021-04-13,18.580202102661133,18.652639815163415,18.674371543404433,18.471546224724936,95700
2021-04-14,18.529495239257812,18.645395021108754,18.65263893017874,18.42083936647685,59400
2021-04-15,18.580202102661133,18.428084149877346,18.64539590574974,18.399108512222654,57400
2021-04-16,18.804758071899414,18.464302613760495,18.833733710022457,18.464302613760495,50200
2021-04-19,18.855464935302734,18.88443919101789,18.898927009692684,18.725077330498443,30700
2021-04-20,18.862709045410156,18.95687710452976,19.051045163649363,18.652639817293,109500
2021-04-21,19.34079360961914,18.92789911412237,19.35528004501302,18.90616877021441,59800
2021-04-22,19.32630729675293,19.348037642352153,19.405988914975108,19.239381769452876,56800
2021-04-23,19.32630729675293,19.348037642352153,19.449450987807943,19.174187969386438,69100
2021-04-26,19.043804168701172,19.19592213374627,19.19592213374627,19.043804168701172,47200
2021-04-27,19.23213768005371,19.080019735747868,19.391500915003874,19.051044099708065,48200
2021-04-28,19.080020904541016,19.28284622434107,19.28284622434107,19.007583191638535,25000
2021-04-29,19.2611141204834,19.195920318305568,19.362526087589167,19.166944681055675,43600
2021-04-30,18.978607177734375,19.17418718833243,19.188675005898013,18.942387633820417,30400
2021-05-03,18.906169891357422,19.01482576224337,19.123481633129316,18.85546391038627,68400
2021-05-04,18.64539337158203,18.94963061743399,19.051042572173223,18.64539337158203,102300
2021-05-05,18.927900314331055,18.76129455284571,18.964119859198107,18.68885684474597,20900
2021-05-06,19.2611141204834,18.833733142488484,19.268358029795873,18.7830271589356,60600
2021-05-07,19.130725860595703,19.268357369547765,19.31906335136316,19.036557806029165,39100
2021-05-10,19.290090560913086,19.253872391883043,19.413234269903647,18.94239116434018,149300
2021-05-11,19.623300552368164,19.203163499613396,19.79715022437348,19.203163499613396,265600
2021-05-12,19.05104637145996,19.514646931938472,19.514646931938472,18.949634396496474,160100
2021-05-13,19.007585525512695,19.16694740815807,19.16694740815807,18.949635624402138,40500
2021-05-14,19.32630729675293,19.08726382372077,19.348037642352153,19.08726382372077,47900
2021-05-17,19.681249618530273,19.326306380351426,19.970999059733995,19.159700624363577,162500
2021-05-18,19.31182098388672,19.623302190342066,19.753689800638213,19.224896831445616,121800
2021-05-19,19.31182098388672,19.18867728323308,19.52189021861595,19.159703026297542,52400
2021-05-20,19.500158309936523,19.39150242956949,19.521890038663724,19.290089077143705,23700
2021-05-21,19.34803581237793,19.5725928276497,19.5725928276497,19.34803581237793,28100
2021-05-24,19.195919036865234,19.405988248000316,19.41323077519488,19.080019258871513,51900
2021-05-25,19.377012252807617,19.304574547498298,19.47842421126008,18.95687521997473,111000
2021-05-26,19.369768142700195,19.362524234081157,19.56534953051135,19.31181825538218,41700
2021-05-27,19.369768142700195,19.377012051319234,19.5001557345743,19.232136642207053,54300
2021-05-28,19.970998764038086,19.72471139725294,20.057924285929317,19.72471139725294,41300
2021-06-01,19.753686904907227,20.07965450122888,20.108630135551316,19.702980926477256,35400
2021-06-02,19.8116397857666,19.8116397857666,19.898563938600926,19.666764355530063,25200
2021-06-03,19.8116397857666,19.7174703416225,19.855101862183762,19.63779009846345,34100
2021-06-04,20.246261596679688,19.884074458146127,20.340429644779327,19.818880662679344,48100
2021-06-07,20.30421257019043,20.282480843327065,20.383892805420707,20.07241162855097,26600
2021-06-08,20.195554733276367,20.275236347835918,20.311455891560406,20.11587450035114,45800
2021-06-09,20.123123168945312,20.181073070977426,20.188316981435772,19.99997945442274,23300
2021-06-10,20.152095794677734,20.10863371708737,20.1955578722681,19.811640320556553,53500
2021-06-11,20.021705627441406,20.14484931627501,20.14484931627501,19.949269301238168,28100
2021-06-14,19.500158309936523,20.028951274254723,20.144851064197493,19.232139182172318,123800
2021-06-15,19.55810546875,19.579837194436955,19.630543172738893,19.297330287043696,94400
2021-06-16,19.304576873779297,19.55810818209633,19.637789805701978,19.290089054644728,88700
2021-06-17,19.39150047302246,19.290087130828997,19.51464416011612,19.10175102740043,59100
2021-06-18,19.23213768005371,19.246625498073612,19.261113316093514,18.616420612186015,562300
2021-06-21,18.84097671508789,19.304575849725616,19.304575849725616,18.688857385513383,92500
2021-06-22,19.12347984313965,18.95687409793348,19.166941911099034,18.906168121708493,70000
2021-06-23,18.862709045410156,18.985851360553312,19.137970694988915,18.746807876412603,52000
2021-06-24,18.971364974975586,18.913415081136364,19.014827049946387,18.840977368428728,39600
2021-06-25,19.058286666870117,19.051042758370194,19.333549663330142,18.971362528139576,71300
2021-06-28,19.007585525512695,19.058291516280104,19.19592304953066,18.956879534745287,60700
2021-06-29,19.029315948486328,19.043803768176744,19.087265845613466,18.920660064077257,58600
2021-06-30,19.036561965942383,19.036561965942383,19.123486130439534,18.942392509163337,44000
2021-07-01,19.25387191772461,19.116240391857602,19.31906572568085,19.116240391857602,61600
2021-07-02,19.369768142700195,19.41323021278013,19.41323021278013,19.18867457212712,51600
2021-07-06,19.145212173461914,19.46393723905792,19.46393723905792,18.985848949846773,74700
2021-07-07,18.710586547851562,19.152455275994694,19.152455275994694,18.594686780081922,69300
2021-07-08,18.565711975097656,18.73956301613769,18.73956301613769,18.36288806327474,98400
2021-07-09,18.522249221801758,18.49327497045435,18.536737038292575,18.290449684485594,126200
2021-07-12,18.442569732666016,18.56571342372458,18.56571342372458,18.2976956960076,55800
2021-07-13,18.420839309692383,18.471545291391564,18.53673909118605,18.3701333279932,54100
2021-07-14,18.326671600341797,18.457059212215146,18.457059212215146,18.23974744684924,66700
2021-07-15,18.35564422607422,18.319426065003498,18.457056182379667,18.21801272706377,49500
2021-07-16,18.471546173095703,18.43532800776302,18.49327790127598,18.326670748496078,26200
2021-07-19,18.283206939697266,18.319426483229147,18.377376371245845,18.1310890017663,46600
2021-07-20,18.31218147277832,18.33391181595574,18.33391181595574,17.978968600504178,105800
2021-07-21,18.22525978088379,18.18904161356261,18.435329019923298,18.15282206460691,47400
2021-07-22,18.189037322998047,18.131087439973093,18.326667431660944,18.131087439973093,99300
2021-07-23,18.036922454833984,18.131091901442936,18.1745539789977,18.000704287144103,50700
2021-07-26,17.928264617919922,18.051408308944747,18.167308090893478,17.848582999717273,56600
2021-07-27,17.797876358032227,17.928263953299535,18.08038189335517,17.732682560398572,42700
2021-07-28,17.674732208251953,17.703707842722608,17.79063198286599,17.558832433637917,55100
2021-07-29,17.834096908569336,17.660245850645108,17.957240601978928,17.660245850645108,41700
2021-07-30,17.732681274414062,17.84133713537892,17.863068860225585,17.72543736613184,45800
2021-08-02,17.80512237548828,17.761660299130106,17.92826607653186,17.732684660468323,58400
2021-08-03,17.74717140197754,17.8123652033727,17.848583367865828,17.67473369135687,46700
2021-08-04,17.77614402770996,17.747168395716223,17.92826195077455,17.660242881369186,69100
2021-08-05,17.783388137817383,17.855825842618668,17.928263547419952,17.725438250303217,56500
2021-08-06,18.138334274291992,17.797877447664955,18.29045222366069,17.797877447664955,90400
2021-08-09,17.732681274414062,18.145574375061063,18.16730609990773,17.566075528825664,127600
2021-08-10,17.558835983276367,17.739929590424392,17.863073298550432,17.341524207352567,263300
2021-08-11,17.602298736572266,17.63851828837038,17.63851828837038,17.392230862681714,207000
2021-08-12,17.71819496154785,17.64575863584661,17.739926688238832,17.52985885676341,138500
2021-08-13,18.152820587158203,18.044164712403585,18.275964280315947,17.819609053692787,73300
2021-08-16,18.102115631103516,18.210771512020916,18.210771512020916,18.073141374288305,53400
2021-08-17,18.322526931762695,18.172587517472397,18.352513956663817,18.112612037741922,53400
2021-08-18,18.487457275390625,18.292536628481166,18.667383696400567,18.292536628481166,68700
2021-08-19,18.172582626342773,18.502448391041508,18.614902206528303,17.775244286366394,180600
2021-08-20,18.554927825927734,18.16508657488716,18.652387423723916,18.16508657488716,78200
2021-08-23,18.47995948791504,18.599910430876744,18.599910430876744,18.345014319601113,41100
2021-08-24,18.524938583374023,18.479957342467532,18.65238662421564,18.479957342467532,40900
2021-08-25,19.784425735473633,18.892290835892144,19.904376670374134,18.892290835892144,101100
2021-08-26,21.45624542236328,20.70655133455074,21.471238217374257,20.226746145999677,203900
2021-08-27,21.59868812561035,21.351289112568782,21.733633301801774,21.081400190114053,80900
2021-08-30,21.68865203857422,21.741130400407393,21.741130400407393,21.576198201799116,50700
2021-08-31,21.77861213684082,21.741128005354497,21.93604863492489,21.658661200171032,67500
2021-09-01,21.928556442260742,21.891072302364943,21.996029038015806,21.83859250461123,50100
2021-09-02,22.850675582885742,22.04100602065524,22.850675582885742,21.936049305343435,102500
2021-09-03,21.90606117248535,22.73822208430113,22.73822208430113,21.808601568274362,45500
2021-09-07,22.01102066040039,22.003523547323045,22.11597738362705,22.003523547323045,34600
2021-09-08,21.80860137939453,22.011019128611977,22.011019128611977,21.74862590887766,52400
2021-09-09,21.59868812561035,21.76362175425681,21.771118867370568,21.51622274121524,34800
2021-09-10,21.35129165649414,21.61368492702639,21.628679155040412,21.21634646422451,64500
2021-09-13,21.703645706176758,21.42625824800474,21.89106923928734,21.42625824800474,84400
2021-09-14,22.168455123901367,21.718638361364725,22.258419048379924,21.718638361364725,112000
2021-09-15,22.085987091064453,22.145963990685832,22.145963990685832,21.778612630144835,40200
2021-09-16,22.543302536010742,22.115977105473146,22.580788100926025,22.115977105473146,71200
2021-09-17,21.928556442260742,22.400863182617915,22.400863182617915,21.831096820574693,131700
2021-09-20,22.123472213745117,21.73363095352005,22.325889956161358,21.696146821929467,115400
2021-09-21,23.930234909057617,22.483325116857777,24.027694509549143,22.483325116857777,145400
2021-09-22,24.94982147216797,24.282594107487878,24.994804152654936,24.282594107487878,113600
2021-09-23,24.822372436523438,24.964813287857154,25.182225266094992,24.529992191237554,97100
2021-09-24,25.12974739074707,25.024790670917756,25.15223729932303,24.814874371403,83600
2021-09-27,24.522493362426758,25.12974661391078,25.159735064322444,24.39504673796124,39400
2021-09-28,24.230112075805664,24.52249230507252,24.52249230507252,23.982713090288794,29300
2021-09-29,23.94523048400879,24.1251569003971,24.1251569003971,23.66784303170511,113300
2021-09-30,24.417537689208984,24.282592516446293,24.619955448353014,24.162641569530145,85700
2021-10-01,24.22261619567871,24.574970460449975,24.574970460449975,23.967718670035442,34200
2021-10-04,24.627450942993164,24.395047593789677,24.732410523116187,24.395047593789677,42800
2021-10-05,24.79238510131836,24.7399067400522,24.889846140751025,24.52999329498756,68300
2021-10-06,25.04728126525879,24.702422644990325,25.197220666201314,24.49250633972831,138300
2021-10-07,24.485008239746094,24.93482353831702,25.05477447525966,24.395045752003092,98200
2021-10-08,24.784887313842773,24.844861353116453,25.182224261080766,24.52999121225373,91000
2021-10-11,24.395048141479492,24.589967360657504,24.70991830934925,24.35756400623636,47300
2021-10-12,24.05768585205078,24.39504879803093,24.39504879803093,23.960224809910677,39800
2021-10-13,23.930234909057617,24.237610795056973,24.237610795056973,23.772798409890726,29000
2021-10-14,24.005207061767578,24.117659468520543,24.162642147135465,23.817783523989746,27800
2021-10-15,24.29758644104004,24.095168684405678,24.485009972013767,24.095168684405678,31700
2021-10-18,23.877756118774414,24.222616130251634,24.222616130251634,23.780295090125833,28800
2021-10-19,23.975215911865234,23.915240443721395,24.080172623634965,23.720319814771926,37100
2021-10-20,24.320077896118164,24.005207716790625,24.447527392410006,24.005207716790625,47000
2021-10-21,23.765302658081055,24.26759631366862,24.26759631366862,23.727817096518425,45000
2021-10-22,23.510408401489258,23.88525546692153,23.88525546692153,23.397953137917114,32800
2021-10-25,23.74281120300293,23.69782995927956,23.825278008102412,23.60786604190486,32000
2021-10-26,24.275096893310547,23.945231073513686,24.39504784052248,23.930236847630173,47600
2021-10-27,24.177635192871094,24.215119326625256,24.50749957370626,23.990211664244185,37300
2021-10-28,24.784887313842773,24.410040273850417,24.814872903551635,24.410040273850417,44600
2021-10-29,24.60495948791504,24.739904651164412,24.769893100743374,24.3875475182515,31000
2021-11-01,24.71741485595703,24.71741485595703,24.91983260174869,24.477512977949726,23300
2021-11-02,24.47751235961914,24.57497052894672,24.57497052894672,24.207622038714675,23800
2021-11-03,24.402544021606445,24.357564202894007,24.50000506191043,24.24510893640047,27800
2021-11-04,24.529993057250977,24.417537792852684,24.582471418008534,24.117658994361353,36200
2021-11-05,24.82986831665039,24.66493755586249,25.047280296616364,24.574972202862444,40300
2021-11-08,24.60495948791504,24.852359907157542,24.942322396038474,24.567475355869316,27400
2021-11-09,24.8073787689209,24.70991773168223,24.904839806159565,24.372554802668482,32300
2021-11-10,25.692018508911133,24.927330143287687,25.774485321849376,24.91233591731199,29600
2021-11-11,25.65453338623047,25.781980012333072,25.849452596698004,25.227207971871277,27700
2021-11-12,25.617046356201172,25.72200593384025,25.72200593384025,25.43712137138918,20600
2021-11-15,25.549577713012695,25.497096492044186,25.737001248372742,25.324667182695684,22100
2021-11-16,25.98439598083496,25.692015755286125,26.02188011182863,25.684517213173866,28100
2021-11-17,25.62454605102539,25.789479677732686,25.804471043927713,25.33216579266697,32100
2021-11-18,25.31717300415039,25.527086461074262,25.527086461074262,25.00229995890822,22100
2021-11-19,25.06976890563965,25.31716932378354,25.31716932378354,24.949817967712413,20900
2021-11-22,24.799882888793945,25.129747272397733,25.129747272397733,24.627450724336573,23100
2021-11-23,25.15973663330078,24.844863604054687,25.37714576270303,24.844863604054687,31500
2021-11-24,25.789478302001953,25.48959951668675,25.939414834803507,25.399637025034608,42300
2021-11-26,24.919832229614258,25.422125885486178,25.422125885486178,24.69492171996708,12700
2021-11-29,25.06976890563965,24.81487280506228,25.122247262241817,24.305080603907548,28800
2021-11-30,24.957319259643555,25.174731252294748,25.279687977062565,24.754901493367232,37000
2021-12-01,23.937734603881836,24.912336433652566,24.912336433652566,23.892753354950543,37500
2021-12-02,24.207624435424805,23.937734087799463,24.260102796367935,23.825280252931602,25100
2021-12-03,24.41004180908203,24.147647148670902,24.417537492016685,24.027696202723458,18600
2021-12-06,25.084762573242188,24.904837600275354,25.114751022021956,24.889843375885473,32700
2021-12-07,25.084762573242188,25.35465289254832,25.35465289254832,24.949817413589123,16300
2021-12-08,25.67702293395996,25.22720761774541,25.729501292189788,25.159735034327625,23600
2021-12-09,25.744497299194336,25.969404972867817,25.969404972867817,25.58706221360852,25300
2021-12-10,25.93191909790039,25.75199125511616,25.93941478058238,25.609550405310006,13200
2021-12-13,25.444618225097656,26.209306595379367,26.209306595379367,25.384644180685708,33100
2021-12-14,25.3846435546875,25.414632006082044,25.504594500409546,25.077269077533742,23100
2021-12-15,25.489599227905273,25.302175704170676,25.789478009823032,25.26469157139496,107400
2021-12-16,26.6141414642334,26.156827589947056,26.779075087053034,25.976902601285758,37100
2021-12-17,27.851137161254883,27.716191993486152,28.270964029996673,27.206399772994505,225000
2021-12-20,27.828643798828125,27.6112346863844,27.90361492368458,27.50627511158537,24700
2021-12-21,27.67120933532715,27.761171827278552,27.873627087109845,27.468791583544455,26600
2021-12-22,27.663713455200195,27.543762513502262,27.85113698034422,27.401318804084944,19200
2021-12-23,27.75367546081543,27.648718746148507,27.798658135610964,27.416312549488893,21300
2021-12-27,27.686203002929688,27.753675585498115,27.76866981049732,27.483785255224408,21000
2021-12-28,27.47629165649414,27.618732515005515,27.76117337351689,27.46879311349784,31500
2021-12-29,27.4612979888916,27.58874462385872,27.656217212916683,27.363836946950926,35700
2021-12-30,27.618732452392578,27.461297368101725,27.791161762785826,27.461297368101725,33400
2021-12-31,26.779075622558594,27.25887941505828,27.363836137185565,26.68911026657276,127000
2022-01-03,26.62163543701172,26.6141397545724,26.79406759153148,26.50918304128625,19600
2022-01-04,26.899023056030273,26.76407789953978,26.944002868289896,26.5541616228569,21500
2022-01-05,27.23638916015625,27.108939670722705,27.52127087092554,27.108939670722705,21600
2022-01-06,27.01897621154785,27.17641128712159,27.49128143826906,26.981492078295446,24700
2022-01-07,26.921518325805664,26.973996690467835,26.973996690467835,26.786573142429685,22900
2022-01-10,27.258878707885742,26.846547513144372,27.423812329724733,26.74158793388385,44600
2022-01-11,27.51377296447754,27.371329260748052,27.528767189073058,26.89152551311508,25700
2022-01-12,27.746179580688477,27.64872139906428,27.81365216942783,27.55126035758382,20000
2022-01-13,28.330936431884766,27.858628419702146,28.525855610008612,27.75367171918503,52000
2022-01-14,28.091039657592773,28.24847473679742,28.390915590384083,27.9111118100331,18700
2022-01-18,27.19140625,27.611235989441166,28.091039771741855,27.176412024321085,26500
2022-01-19,27.506275177001953,27.3413444216375,27.506275177001953,27.191405031424,21500
2022-01-20,27.258878707885742,27.656215677018462,27.686204128235754,27.18390757984251,29400
2022-01-21,27.356338500976562,27.386324090974796,27.438802448291682,27.228889019024134,32100
2022-01-24,27.168914794921875,27.356338315455716,27.408816672416712,26.509183201883094,38500
2022-01-25,27.52876853942871,27.168915711052293,27.55125844749722,27.131428717796698,25300
2022-01-26,27.056461334228516,27.44630262599296,27.55875502986245,26.85404357543604,22200
2022-01-27,26.96649932861328,26.891528198150045,27.22889113559409,26.891528198150045,22100
2022-01-28,27.4612979888916,26.77157787187059,27.476292215332958,26.77157787187059,28600
2022-01-31,27.423812866210938,27.363835962603037,27.423812866210938,27.011478803547053,18800
2022-02-01,27.131427764892578,27.543761797373712,27.543761797373712,26.966497011756086,30300
2022-02-02,27.221397399902344,27.266377221541948,27.498783452820078,27.161420491240992,24700
2022-02-03,27.071453094482422,27.221392479175318,27.416311677376953,27.003980514363416,19500
2022-02-04,27.73868179321289,27.258878025177523,27.87362696045484,27.08644872478082,51300
2022-02-07,27.611236572265625,27.8661298346191,27.8661298346191,27.51377553322353,12200
2022-02-08,27.521268844604492,27.55125729401102,27.693698138908108,27.35633809258048,18700
2022-02-09,28.94569206237793,27.671211414567214,29.00566610823335,27.671211414567214,45200
2022-02-10,28.01606559753418,28.63831302620781,28.63831302620781,27.866126216902092,29600
2022-02-11,26.546669006347656,27.40131985624443,27.65621597462208,26.35924547400692,33700
2022-02-14,26.32925796508789,26.434214689379303,26.494191594606537,26.096854606972972,18700
2022-02-15,26.104351043701172,26.089356816961555,26.164327950659644,25.669529907677585,26600
2022-02-16,26.269283294677734,26.23929484277765,26.61414191196019,25.901931908542128,40600
2022-02-17,26.25428581237793,26.231795906170404,26.26928003646822,25.961905592256798,24500
2022-02-18,25.841957092285156,26.08935466342669,26.08935466342669,25.654533563295228,34000
2022-02-22,26.00688362121582,26.17181721504267,26.20930134276996,25.699509198083,31000
2022-02-23,26.164325714111328,26.156827171454335,26.336755017093033,25.87194260746643,32100
2022-02-24,25.856952667236328,26.006889210368435,26.156828613356787,25.272189281567375,33700
2022-02-25,26.531673431396484,25.939414412951674,26.531673431396488,25.909428822792645,22700
2022-02-28,26.38173484802246,26.44920743269182,26.44920743269182,25.939415206269118,23000
2022-03-01,26.119342803955078,26.209305296041173,26.329256238774647,25.84945246784074,29200
2022-03-02,25.916927337646484,26.014388380918156,26.0968551975437,25.67702543102107,31700
2022-03-03,26.17181968688965,26.23929226711361,26.23929226711361,25.96190626390663,16400
2022-03-04,26.389232635498047,26.23929324498408,26.41922108557204,25.984397139067134,27900
2022-03-07,26.276775360107422,26.246786912335953,26.38923060932254,26.12683598110586,33800
2022-03-08,26.674114227294922,26.404223926332875,26.86903341140324,26.25428455248111,35200
2022-03-09,26.606645584106445,26.61414126697172,27.01147823552185,26.4342134197879,31800
2022-03-10,26.029380798339844,26.59165138913447,26.59165138913447,25.931919761842398,19200
2022-03-11,25.894432067871094,25.86444362078597,26.044371443440998,25.609547540273848,22100
2022-03-14,25.32466697692871,25.377145337614635,25.901931804330033,25.122249217201794,59700
2022-03-15,25.80246353149414,25.62578729529722,25.910005333501452,25.24170775653148,61600
2022-03-16,25.694921493530273,25.764055927085018,25.848553893684628,25.38765669322156,31500
2022-03-17,25.702598571777344,25.479831766003397,25.879274784196497,25.303155553584244,66600
2022-03-18,25.40302276611328,25.026626424911246,25.54129164704718,24.719361593881562,108700
2022-03-21,25.456790924072266,25.610423323003296,25.694921288930075,25.257070856667923,45700
2022-03-22,25.756370544433594,25.656511983422874,26.048271787320004,25.426061937289674,50300
2022-03-23,25.940732955932617,25.84855468513534,26.109728894306286,25.710285813792233,24000
2022-03-24,27.369508743286133,26.140452461492192,27.446323478894485,26.140452461492192,37500
2022-03-25,27.423276901245117,27.36182277466995,28.736828088701962,27.354142473995072,49600
2022-03-28,27.9072208404541,27.423279798574352,27.92258144342674,27.292691230952173,28100
2022-03-29,27.53849983215332,27.822720780781836,27.868808446823337,27.12369618630918,46100
2022-03-30,27.41559600830078,27.430959541254786,27.607635774784434,27.308054207917017,29200
2022-03-31,26.99310874938965,27.484730076207665,27.484730076207665,26.8471595837075,48600
2022-04-01,26.77802276611328,26.824110429963106,26.824110429963106,26.532212124600907,30500
2022-04-04,27.13137435913086,26.532211305234522,27.146737890037677,26.532211305234522,51200
2022-04-05,27.139060974121094,27.07760684283016,27.34646134149233,26.97774534462953,19200
2022-04-06,27.707494735717773,27.254280811120832,27.76894886190435,27.254280811120832,50100
2022-04-07,27.21587371826172,27.50009172896821,27.50009172896821,26.847157748354743,44900
2022-04-08,27.530820846557617,27.37718844839304,27.569228213525193,26.908610952623494,27900
2022-04-11,27.077606201171875,27.331100091298527,27.43095865683855,27.031515603795885,23000
2022-04-12,27.039199829101562,27.2005125304059,27.25428343084068,26.870203896138367,30500
2022-04-13,27.50009536743164,27.19283348366986,27.50009536743164,27.069928144106264,19300
2022-04-14,27.477046966552734,27.52313756009135,27.69981377321512,27.354141647410373,22800
2022-04-18,27.77663230895996,27.73054170909906,28.122304482180812,27.73054170909906,22600
2022-04-19,27.953306198120117,27.76126644360674,28.01476032610557,27.169783648070247,29400
2022-04-20,28.575515747070312,28.091574750474066,28.62160341226438,27.96098912536544,29400
2022-04-21,27.699817657470703,28.5524717802954,28.5524717802954,27.538502022611752,39800
2022-04-22,27.454004287719727,27.784309965920468,27.784309965920468,27.34645956494717,12800
2022-04-25,27.738224029541016,27.546184265205,27.74590433078498,27.26196623447009,37000
2022-04-26,27.93026351928711,27.530820461759923,28.12230328173513,27.530820461759923,20300
2022-04-27,27.807357788085938,28.09157581193368,28.37579383578142,27.722859824978567,21100
2022-04-28,28.652332305908203,28.083896243386242,28.8597356034103,28.083896243386242,31000
2022-04-29,27.31573486328125,28.33738480086524,28.33738480086524,27.246600436655715,15700
2022-05-02,26.954700469970703,27.40791441471532,27.40791441471532,26.70888981488489,29000
2022-05-03,27.43095588684082,26.801065771113358,27.49241001046979,26.754978108685528,39900
2022-05-04,28.022443771362305,27.59995685008433,28.04548760679555,27.430960909455365,35900
2022-05-05,28.61392593383789,27.76895211193626,28.68306036874216,27.76895211193626,101700
2022-05-06,28.306657791137695,28.42188281249515,28.42188281249515,27.99939595134119,84600
2022-05-09,27.968669891357422,28.099258448932304,28.268251441278338,27.71517893769131,69000
2022-05-10,27.24660301208496,27.94562764501967,27.94562764501967,27.016152948021023,102600
2022-05-11,27.768951416015625,27.48473045170188,28.114620651579752,27.48473045170188,21500
2022-05-12,27.98403549194336,27.838086321789515,28.15303142707522,27.76895188744415,22300
2022-05-13,28.337385177612305,28.030123334309103,28.437246668575522,27.999396270890568,22900
2022-05-16,29.458894729614258,28.398837482336145,29.95819922210014,28.398837482336145,113000
2022-05-17,28.706098556518555,29.33598864826954,29.33598864826954,28.544785883573645,44300
2022-05-18,28.79828453063965,28.606244765093432,28.805964831932016,28.41420499954722,22200
2022-05-19,28.79828453063965,28.590881232214425,29.143953764387412,28.590881232214425,14300
2022-05-20,29.597166061401367,29.412809537824597,29.666300490316182,29.12090829015158,33300
2022-05-23,29.320627212524414,29.520350190689918,29.62021167977267,29.159314528055813,30800
2022-05-24,28.675378799438477,29.159316892078415,29.159316892078415,28.35275047405095,38800
2022-05-25,28.667695999145508,28.921189896498063,28.959597263592435,28.606244797853368,91500
2022-05-26,29.051774978637695,28.52174629010067,29.40512743766238,28.52174629010067,30100
2022-05-27,28.944232940673828,29.28990509567674,29.351356295291595,28.805964078672666,24100
2022-05-31,28.414201736450195,28.352747611991568,28.467972630204525,28.037802549875952,33600
2022-06-01,28.26057243347168,28.168391236744238,28.360431001151692,27.738224039859862,33100
2022-06-02,27.838083267211914,28.20679923316448,28.20679923316448,27.638360287553848,36700
2022-06-03,27.707494735717773,27.937941848329398,28.12230129659511,27.27732464329379,67600
2022-06-06,27.438644409179688,27.60763742116307,27.630684187115616,27.238921399161423,26000
2022-06-07,28.42188262939453,27.438640059909556,28.61392237689044,27.438640059909556,47200
2022-06-08,27.884172439575195,28.10693926343626,28.10693926343626,27.61531794891127,32000
2022-06-09,27.79967498779297,27.76895085279094,27.922580318683764,27.415595462472453,15300
2022-06-10,27.08528709411621,27.331100688532096,27.331100688532096,26.662800198300555,28500
2022-06-13,25.9868221282959,26.69352704939328,26.69352704939328,25.633466737452974,73200
2022-06-14,26.01754379272461,26.247990900316896,26.493804469415153,25.73332579103725,41600
2022-06-15,25.548967361450195,26.017544825997053,26.186540745746825,24.96516780367819,140500
2022-06-16,24.650222778320312,25.134163775695715,25.134163775695715,24.281506804703742,63500
2022-06-17,25.5643310546875,24.896033532820926,26.078999117950513,24.896033532820926,363700
2022-06-21,25.479833602905273,26.209585267015783,26.209585267015783,25.049666421757802,59100
2022-06-22,25.38765525817871,25.25706963012019,25.53360734870781,24.965168379356125,51300
2022-06-23,23.69770622253418,25.065029814963413,25.065029814963413,23.559437363562484,85400
2022-06-24,23.705387115478516,23.889745098934743,24.028013952813666,23.551754730024822,68000
2022-06-27,24.02033233642578,24.012650570590615,24.112510596153708,23.620889303879363,65800
2022-06-28,24.37368392944336,24.550360142089463,24.90371256738167,23.99728620744415,85000
2022-06-29,24.120193481445312,24.281507641176567,24.442820335760732,23.889746356283055,170300
2022-06-30,23.367399215698242,23.559438985233847,23.81293142241496,23.183041212761722,246200
2022-07-01,23.34435272216797,22.998682033768343,23.436532451496127,22.660691646427892,260500
2022-07-05,24.081787109375,23.70538934133271,24.127876243279914,23.659298742280647,107800
2022-07-06,23.19840431213379,21.8925333176535,23.328991411581818,21.19350868682791,248500
2022-07-07,22.752872467041016,23.19072290576921,23.19072290576921,22.622285365565315,144800
2022-07-08,22.975637435913086,22.560832304152438,23.267538700066076,22.560832304152438,159900
2022-07-11,22.82968521118164,22.97563583307626,23.282899143527807,22.760550783186666,103400
2022-07-12,22.90650177001953,22.72214378081148,23.152312422296934,22.72214378081148,81900
2022-07-13,22.944910049438477,22.99099917934751,23.029406543413867,22.760550599508303,54400
2022-07-14,22.622285842895508,22.89114035294729,22.929549186631252,22.338066334222948,91300
2022-07-15,22.852731704711914,22.65301017618081,22.860413471018546,22.384154216037132,96900
2022-07-18,22.775915145874023,22.737507780096596,22.9065022407232,22.614602451432326,70200
2022-07-19,22.39951515197754,22.522420468341583,22.606918422771965,21.98471007553563,122200
2022-07-20,22.522422790527344,22.591557221253627,22.72982608270619,22.445606593592906,67700
2022-07-21,22.629966735839844,22.6453302697149,22.6453302697149,22.253568946784323,73600
2022-07-22,22.806642532348633,22.6146027704582,23.075498492024657,22.6146027704582,56900
2022-07-25,22.184431076049805,22.384152590073324,22.384152590073324,22.007754859272193,90200
2022-07-26,22.384153366088867,22.338064235146234,22.484014859136135,22.09993534927107,87700
2022-07-27,23.14463233947754,22.560832730435052,23.213766773601787,22.42256386218656,50200
2022-07-28,23.559438705444336,23.213766538326546,23.67466227276788,22.9141849702559,63500
2022-07-29,23.52871322631836,23.298266076128648,23.65930033546513,23.113908062947427,43800
2022-08-01,23.244491577148438,23.175357149754266,23.47493869169767,23.029406529128007,69800
2022-08-02,23.505666732788086,23.52103026510297,23.835975351822608,23.344352573776003,77900
2022-08-03,23.620891571044922,23.690026005049997,23.70538953819494,23.382762667886976,41900
2022-08-04,23.812931060791016,23.974243761480583,24.197010594029578,23.78988576134373,53200
2022-08-05,23.843656539916992,23.474939099034415,23.85133684074115,23.444213500296645,48400
2022-08-08,24.135557174682617,23.905110047984518,24.158602473411268,23.736114120935284,74900
2022-08-09,23.981924057006836,23.981924057006836,24.22005440791472,23.74379517124601,56200
2022-08-10,24.043378829956055,24.18164769999886,24.373687471692268,24.043378829956055,61500
2022-08-11,24.35064125061035,24.22005416004946,24.7116739934154,24.22005416004946,60900
2022-08-12,24.442821502685547,24.350643234278795,24.665588337438322,24.350643234278795,51000
2022-08-15,24.396730422973633,24.65022283859828,24.788491695329363,24.35064129244562,64800
2022-08-16,24.339771270751953,24.275592634137247,24.652641932981204,24.131190319219318,107200
2022-08-17,24.123170852661133,24.075037251640655,24.291640751442184,23.994813563180138,51200
2022-08-18,24.40395164489746,24.395929123482006,24.484175328912514,24.14723708016089,69300
2022-08-19,24.444061279296875,24.47615136306494,24.668687275255078,24.371860120958146,56800
2022-08-22,24.56439971923828,24.40395234659476,24.628578362267778,24.30768361698074,72600
2022-08-23,24.532306671142578,24.387904359223395,24.70879753563304,24.27559213001486,59300
2022-08-24,24.54835319519043,24.572419228537612,24.789022709498983,24.403950874549512,65300
2022-08-25,23.866455078125,24.40395177470348,24.40395177470348,23.826344000973872,38000
2022-08-26,23.866455078125,23.978767318259766,24.235481884361814,23.689964196464718,57100
2022-08-29,23.866455078125,23.68194167500659,24.010857404092278,23.633806546257823,56800
2022-08-30,23.75414276123047,23.938656163752636,23.938656163752636,23.481383153093567,72400
2022-08-31,23.32895851135254,23.593695600385754,23.71403036264821,23.28082491247546,67900
2022-09-01,23.000041961669922,23.072243122485048,23.072243122485048,22.64705867881147,92400
2022-09-02,23.064218521118164,23.320933056357013,23.489402926444587,23.024107448789344,65700
2022-09-06,23.714031219482422,23.521495286877887,23.802277429061842,23.425228085645408,105600
2022-09-07,23.2086238861084,23.27280252836991,23.529517097415937,22.983997873123357,100100
2022-09-08,22.75937271118164,22.82355135152818,22.94388611091051,22.566835260002538,77000
2022-09-09,23.136423110961914,22.775417285839247,23.41720524937515,22.775417285839247,69000
2022-09-12,23.649850845336914,23.31291260539051,23.794253166762438,23.112354165663824,56800
2022-09-13,22.903772354125977,23.39313541852964,23.7621637295942,22.823550205326182,92400
2022-09-14,22.831573486328125,22.75937385119385,23.23269039112073,22.66310512078222,84600
2022-09-15,22.4946346282959,22.66310297791258,22.76739269003632,22.326164748539806,74800
2022-09-16,23.248733520507812,22.92784032912036,23.521493115722006,22.81552809466961,160300
2022-09-19,22.73530387878418,22.743326399647334,22.967950863258064,22.382320611502376,92700
2022-09-20,22.438478469848633,22.5427697190289,22.75937320873606,22.326166229321743,99700
2022-09-21,22.03736114501953,22.534746756447607,22.534746756447607,21.997250068513495,57700
2022-09-22,22.213851928710938,22.165716804258103,22.446498909675473,21.917024781809285,76200
2022-09-23,21.37150764465332,22.021318115302023,22.021318115302023,21.235127839347488,62500
2022-09-26,20.97039031982422,21.154905250372842,21.219083890955996,20.69763071481094,104500
2022-09-27,20.58531951904297,20.82598905088567,20.93028030345319,20.46498475312162,128000
2022-09-28,20.6414737701416,20.328603101077462,20.72169745019737,20.28849202611929,89200
2022-09-29,19.935510635375977,20.777855530194007,20.777855530194007,19.78308578188353,88600
2022-09-30,20.2965145111084,20.10397858288485,20.416850805120216,20.02375489692349,87100
2022-10-03,20.52916145324707,20.176178180510735,20.625428644813713,20.0478209049956,65800
2022-10-04,20.73773956298828,20.753784602760927,20.84202926123205,20.448934967637513,125700
2022-10-05,20.079910278320312,20.46498209123811,20.56927180010108,19.91144040383167,91300
2022-10-06,20.36871337890625,20.29651222269559,20.569271806127112,20.240356107896048,126000
2022-10-07,19.951555252075195,20.256403422398407,20.256403422398407,19.759017793814753,81800
2022-10-10,19.51835060119629,19.791110247866268,19.791110247866268,19.309769604911025,65900
2022-10-11,19.253610610961914,19.357900328509913,19.646704977318983,19.18140944875965,101800
2022-10-12,19.28569984436035,19.406034599334294,19.406034599334294,19.06107384630674,97400
2022-10-13,19.590547561645508,19.18943070045714,19.718904834814634,19.13327458471307,79000
2022-10-14,19.33383560180664,19.50230397157671,19.638683783831354,19.31779055797913,50800
2022-10-17,20.047821044921875,19.606593098526417,20.23233443849529,19.414057183909886,78800
2022-10-18,20.184202194213867,20.20024723737472,20.20024723737472,19.83121889537277,65300
2022-10-19,20.93830108642578,20.67356401132748,21.01852476709121,20.66554149024699,107900
2022-10-20,20.304536819458008,20.80192244308274,20.986435847758237,20.07188981576706,87800
2022-10-21,20.312557220458984,20.264423626468428,20.489049615323292,20.071887720366846,68600
2022-10-24,20.40080451965332,20.577295393909797,20.842032470364238,20.336625880820108,87300
2022-10-25,20.96236801147461,20.569273642641267,21.058636738397237,20.569273642641267,70600
2022-10-26,21.37952995300293,21.13886043081073,21.65228956089516,21.13886043081073,62600
2022-10-27,21.941091537475586,21.363482306389624,22.02131521180856,21.363482306389624,109100
2022-10-28,22.1817626953125,22.101539014957886,22.438477248335722,22.101539014957886,68400
2022-10-31,22.077472686767578,21.965158923717006,22.17373987779445,21.852846690805848,41300
2022-11-01,22.021318435668945,22.253965442140203,22.253965442140203,21.884938628379057,72400
2022-11-02,22.04538345336914,22.141652178248858,22.510678974985595,21.973182292244218,53800
2022-11-03,21.620201110839844,21.796691992632752,22.029338994535248,21.443708698907418,38400
2022-11-04,21.90097999572754,22.061427352162664,22.061427352162664,21.716466606924726,50800
2022-11-07,22.20583152770996,21.97318299439771,22.31814376854235,21.780647068625253,65800
2022-11-08,22.47056770324707,22.077473346177662,22.719259739323743,22.061428303814143,53600
2022-11-09,21.122814178466797,21.933070434323145,22.053405188528867,21.05061301991548,73500
2022-11-10,21.9812068939209,21.66833618619404,22.245943999721998,21.63624609815046,45300
2022-11-11,21.748558044433594,21.82075920631104,21.82075920631104,21.4035972777168,46000
2022-11-14,22.021318435668945,21.81273746392326,22.18978679930611,21.740536299467465,48800
2022-11-15,21.860868453979492,22.04538183883468,22.133628035999926,21.756578745625493,49700
2022-11-16,21.564043045043945,21.70844536833706,21.941093895895847,21.49986440470695,27200
2022-11-17,21.828779220581055,21.580087190877318,21.844824262533404,21.411618840795906,42400
2022-11-18,22.22187614440918,21.949116538929424,22.454523143118685,21.90900393215917,29800
2022-11-21,22.253965377807617,22.05340692826342,22.28605546420167,21.91702712136778,30500
2022-11-22,22.22187614440918,22.39034450242577,22.39034450242577,21.88493789823651,34700
2022-11-23,22.278032302856445,22.462545703905043,22.759372873968022,21.9892276541616,38500
2022-11-25,23.17653465270996,22.73530666219414,23.17653465270996,22.71926161850349,51700
2022-11-28,23.473360061645508,23.184555417657393,23.67391850216182,23.176532896420007,90100
2022-11-29,23.385114669799805,23.866455249772702,24.251527101695213,23.256757385825633,120200
2022-11-30,23.938655853271484,23.369069080088533,24.0589906129148,23.369069080088533,61800
2022-12-01,24.13119125366211,24.13119125366211,24.155258817126875,23.657873216497897,42600
2022-12-02,23.473360061645508,23.14444434160992,23.625784904876955,23.104331735422978,38100
2022-12-05,23.18455696105957,23.385115414927107,23.46533910250204,23.08026723830986,34300
2022-12-06,23.601716995239258,23.240711195545302,23.62578455859867,23.240711195545302,44300
2022-12-07,23.986791610717773,23.906567920352906,24.355819974340314,23.906567920352906,48400
2022-12-08,23.962722778320312,23.890521618431578,24.107123567958336,23.73007425642562,37500
2022-12-09,24.211414337158203,23.98678834078601,24.580441120334573,23.98678834078601,54800
2022-12-12,23.794254302978516,24.15526012378097,24.16328264536986,23.657874496246425,31300
2022-12-13,23.537538528442383,23.842386682525667,24.14723636674841,23.45731484679748,44300
2022-12-14,23.000041961669922,23.264779041278896,23.2968691261476,22.7513499244953,32300
2022-12-15,22.04538345336914,22.606947699865316,22.663103818487038,22.013294898502213,44500
2022-12-16,21.507884979248047,21.700420882831807,21.700420882831807,21.186991806608447,77000
2022-12-19,16.413700103759766,17.19989026087198,17.873766664031432,16.205120696717387,218800
2022-12-20,16.646352767944336,16.734598983105844,17.416496547078573,16.49392790452164,222400
2022-12-21,18.178617477416992,17.913880389110513,18.25081864060417,17.48869593146819,204600
2022-12-22,17.817611694335938,17.97805906396764,17.97805906396764,17.43253984338728,126200
2022-12-23,18.170595169067383,17.673211072543356,18.3952211827444,17.673211072543356,102400
2022-12-27,17.80959129333496,18.266864322761688,18.266864322761688,17.793546249812024,52600
2022-12-28,17.825634002685547,17.673210686511467,18.082350097054547,17.440562156341297,112100
2022-12-29,18.186641693115234,18.090372956517694,18.355110069486354,17.86574845468953,81500
2022-12-30,18.290929794311523,18.05828279095572,18.39522104385754,17.873769386546023,99700
2023-01-03,19.020959854125977,18.844468995044018,19.069094976716862,18.555664380055976,139400
2023-01-04,20.144092559814453,20.12804751550394,20.264427331864002,19.750998155044783,179000
2023-01-05,19.7830867767334,20.13607010199422,20.473008382893266,19.574505790449262,182200
2023-01-06,19.702861785888672,19.710884307540567,19.85528663699559,19.430102170282417,130300
2023-01-09,19.807151794433594,19.99166519043134,20.264424788923428,19.6868170374846,134900
2023-01-10,20.464984893798828,19.815175929245065,20.80192315877848,19.815175929245065,170500
2023-01-11,20.4970703125,20.4970703125,20.7457638598603,20.35266953259513,100000
2023-01-12,20.328603744506836,20.464983545876432,20.497072100830735,20.071889184314525,99300
2023-01-13,20.569272994995117,20.456960758904582,20.825987551853174,20.456960758904582,56600
2023-01-17,20.73773956298828,20.67356093403691,20.90620789018342,20.57729222554025,70800
2023-01-18,20.84203338623047,20.986435712485566,21.1468830816889,20.56927377666851,192800
2023-01-19,21.37150764465332,21.162926675942078,21.612178699384533,20.9062121083404,148300
2023-01-20,21.451730728149414,21.379529566768213,21.53195441081069,21.219083731585137,53200
2023-01-23,21.941091537475586,21.772621668362408,22.125604917343903,21.748555637160038,43600
2023-01-24,21.844823837280273,21.812735284139663,21.949115077800887,21.604154333237826,35600
2023-01-25,22.213851928710938,22.141650772171058,22.446498909675473,22.141650772171058,63700
2023-01-26,21.660310745239258,22.125606248190675,22.125606248190675,21.46777483334275,45500
2023-01-27,21.146883010864258,21.66031214237214,21.66031214237214,20.906211957865306,90800
2023-01-30,20.769832611083984,20.81796774082786,21.01050366938473,20.537185604546764,93600
2023-01-31,20.53718376159668,20.272446692320315,20.641473473070654,19.76703858634036,82000
2023-02-01,20.85807991027832,20.69763252968187,20.938303600576546,20.56125271521677,52200
2023-02-02,21.45975112915039,21.05061176512744,21.57206335569575,21.05061176512744,41900
2023-02-03,21.22710609436035,21.44370959250025,21.63624552524475,21.211062580902993,49200
2023-02-06,20.53718376159668,20.74576471468403,21.042590337437233,20.4328925199833,62200
2023-02-07,20.12804412841797,20.23233383860745,20.400803715238936,19.991664335007485,61100
2023-02-08,20.344648361206055,20.055843721965136,20.51311671400363,20.055843721965136,51400
2023-02-09,20.031774520874023,20.481026485216127,20.481026485216127,19.95155237665659,62700
2023-02-10,19.815174102783203,19.919463816315155,20.272447092362295,19.518346944033222,247100
2023-02-13,20.05584716796875,19.277680848701856,20.26442816213239,19.277680848701856,99000
2023-02-14,19.807151794433594,20.047821308331574,20.047821308331574,19.518347153644456,55800
2023-02-15,19.542415618896484,19.622637773804783,19.622637773804783,19.133276202278164,89200
2023-02-16,19.526371002197266,19.349880115350178,19.734951975819946,19.205477785139127,43900
2023-02-17,19.791107177734375,19.48625901823203,19.80715222037647,19.470213975589935,50000
2023-02-21,19.60659408569336,19.630660119894976,19.863308651440654,19.430101674137465,73500
2023-02-22,19.67879295349121,19.398010856149675,19.887373896369517,19.36592077410409,65100
2023-02-23,19.462190628051758,19.62263645724292,19.9114410919822,19.381966948386466,38500
2023-02-24,19.03700828552246,19.30976790822596,19.55845996534753,18.988874684498196,58500
2023-02-27,19.093162536621094,19.077119024612212,19.12525262091773,18.70006818482389,63000
2023-02-28,18.8123836517334,19.12525435123476,19.12525435123476,18.676003841412882,99300
2023-03-01,19.03700828552246,18.89260595231007,19.125254495849944,18.83644982942516,63100
2023-03-02,19.205474853515625,18.988871391262528,19.309764559337864,18.91667023717816,75600
2023-03-03,19.542415618896484,19.253610964780137,19.65472785987972,19.2455884432614,57000
2023-03-06,19.446144104003906,19.534390297923988,19.742971237100992,19.285698287041114,60600
2023-03-07,18.988874435424805,19.27767909806139,19.27767909806139,18.948763356787307,37300
2023-03-08,19.325809478759766,19.13327357912519,19.422076663507397,19.053049905075955,57200
2023-03-09,18.547645568847656,18.99689605483456,18.99689605483456,18.53962304747331,60900
2023-03-10,18.627866744995117,18.852492741273245,19.17338592871384,18.619844224041675,53700
2023-03-13,18.210708618164062,18.451378155968683,18.619846526403997,18.154550964546022,74800
2023-03-14,18.651933670043945,18.379174087511725,18.659956190723054,18.314995452218223,55400
2023-03-15,18.651933670043945,18.347085534934653,18.77226841995184,18.331040493576438,45300
2023-03-16,18.531600952148438,18.459399788258885,18.684025801486335,18.290929895803416,77400
2023-03-17,18.619844436645508,18.996895275065413,19.11723003046221,18.603800924694852,154300
2023-03-20,19.30174446105957,18.515555718080723,19.333834546963775,18.403243477695035,63800
2023-03-21,19.61461639404297,19.518347667863864,19.65472747070289,19.357900300945186,39600
2023-03-22,19.927486419677734,19.84726273886214,20.19222349527159,19.84726273886214,64700
2023-03-23,19.365922927856445,19.767039817199883,19.77506233860349,19.077119808024033,89100
2023-03-24,19.43812370300293,19.06107438538384,19.52636990654463,19.06107438538384,81900
2023-03-27,19.534391403198242,19.38196656784084,19.67077119690973,19.32581045221953,39700
2023-03-28,19.73495101928711,19.510325013164024,19.831218214668798,19.510325013164024,89900
2023-03-29,19.887374877929688,19.871329836114977,20.23233409610952,19.710882478246685,91800
2023-03-30,19.96759796142578,19.815174647469178,20.112000284238963,19.815174647469178,65900
2023-03-31,20.25640106201172,20.192222426783196,20.569271717483343,20.111998750212702,93200
2023-04-03,19.759016036987305,20.208268026131414,20.208268026131414,19.68681640923353,78200
2023-04-04,19.125253677368164,19.726929019910855,19.80715270494445,19.01294143640484,94300
2023-04-05,19.47823715209961,19.1172313312068,19.694839114495757,19.1172313312068,147200
2023-04-06,19.580673217773438,19.631051860622197,19.84936144831106,19.496707745353383,97400
2023-04-10,19.790584564208984,19.547086474722043,19.86615332337929,19.547086474722043,63200
2023-04-11,19.219621658325195,19.731809568107597,19.731809568107597,19.211224951434392,51500
2023-04-12,18.8753662109375,19.34557222582803,19.353967331890168,18.8753662109375,60500
2023-04-13,19.496707916259766,19.068485444521098,19.614260219281565,19.068485444521098,55600
2023-04-14,19.135658264160156,19.42953500504241,19.66463799925634,18.81658980047639,94900
2023-04-17,19.118864059448242,19.228018044190108,19.303586803437575,19.026501886699545,52500
2023-04-18,18.6822452545166,18.90055482944698,18.934140055547296,18.657055133810296,71300
2023-04-19,18.690643310546875,18.623471251989535,18.69904001805507,18.480730427366666,69900
2023-04-20,18.472333908081055,18.55629938251034,18.774608975423195,18.346386497191236,80500
2023-04-21,18.49752426147461,18.55629961385541,18.682247026315437,18.287611373538482,61100
2023-04-24,18.170059204101562,18.39676550914181,18.39676550914181,18.094490435754814,89300
2023-04-25,18.044111251831055,18.027317836809235,18.195248784011046,17.993732608273795,72300
2023-04-26,17.960145950317383,17.960145950317383,18.228834187208186,17.867785369828805,108600
2023-04-27,17.943355560302734,18.052509564634526,18.119681629186786,17.67466570058535,103600
2023-04-28,18.144868850708008,17.85938722166202,18.170057369942125,17.85938722166202,104400
2023-05-01,17.993732452392578,18.136473275825082,18.321196034940243,17.901370272080904,70400
2023-05-02,18.01052474975586,17.926559282092224,18.035713268999285,17.918162575175053,91500
2023-05-03,18.186853408813477,18.13647476156563,18.4219564318173,18.04411257368764,74600
2023-05-04,18.74102210998535,18.48912728867699,18.892159643373656,18.48912728867699,65400
2023-05-05,18.925745010375977,19.026502290505633,19.068484223641644,18.824986128738225,32400
2023-05-08,18.329593658447266,18.178456120023103,18.673850673076405,18.178456120023103,120300
2023-05-09,17.960145950317383,18.262421017573647,18.262421017573647,17.77542318783201,67300
2023-05-10,18.354782104492188,18.128075817575684,18.37157391716487,18.09448898921407,28900
2023-05-11,18.119680404663086,18.337990000081707,18.497524243177665,17.960146161567128,47600
2023-05-12,18.337989807128906,18.32959309952713,18.39676515883313,18.237230917415793,41000
2023-05-15,18.337989807128906,18.245627625017573,18.36317992993424,18.086094985108456,51500
2023-05-16,17.976938247680664,18.186851119887592,18.254023174933486,17.960144833542163,52800
2023-05-17,18.37997055053711,18.170057678643325,18.514314660428482,18.170057678643325,65400
2023-05-18,18.95093536376953,18.682247122075385,18.984522194735423,18.640265184876267,43200
2023-05-19,19.228017807006836,19.076880290376224,19.320379978616216,19.051691771943148,47000
2023-05-22,19.186037063598633,19.160846942097326,19.186037063598633,19.009709416105764,45600
2023-05-23,18.95093536376953,19.01810742419307,19.05169425515896,18.783006013464814,57600
2023-05-24,18.73262596130371,18.841781561566734,18.86697008354415,18.682247315840613,23500
2023-05-25,18.514314651489258,18.615073534613195,18.615073534613195,18.304401779696825,45800
2023-05-26,18.58988380432129,18.40516104980294,18.606677218779726,18.287610351610184,49900
2023-05-30,18.044111251831055,18.497523848371024,18.497523848371024,17.976939193251972,72000
2023-05-31,17.750234603881836,17.87618362716301,17.87618362716301,17.548718408743657,71800
2023-06-01,18.27921485900879,17.75023347897503,18.40516227279979,17.75023347897503,60700
2023-06-02,18.808195114135742,18.564696988170642,18.934142531118262,18.564696988170642,51200
2023-06-05,18.58148956298828,18.673851753258653,18.841782717112356,18.547904331122556,38600
2023-06-06,18.707435607910156,18.47233261625131,18.892158357529752,18.47233261625131,58300
2023-06-07,18.94253921508789,18.816591798265147,19.034901401461774,18.816591798265147,25100
2023-06-08,19.10207176208496,19.01810629118076,19.135658591049904,18.875365471096064,46800
2023-06-09,19.144054412841797,19.30358865337614,19.404347542531568,19.060090540305186,40600
2023-06-12,19.135658264160156,19.16924349104322,19.28679418739612,19.034899380494725,15200
2023-06-13,19.253211975097656,19.0600924861349,19.28679720723935,19.0600924861349,25700
2023-06-14,18.757814407348633,18.99291740099916,18.99291740099916,18.71583247346838,31300
2023-06-15,19.45472526550293,18.875365283675585,19.4967071997841,18.875365283675585,27900
2023-06-16,19.09367561340332,19.177641086763817,19.186037794250687,18.942538081656064,29500
2023-06-20,19.98370361328125,19.639446651313968,20.134841128585528,19.639446651313968,65700
2023-06-21,19.933324813842773,20.05927220840653,20.336357117049992,19.815774125784337,39500
2023-06-22,20.143238067626953,20.109652842453976,20.2691854646647,19.99210055057844,55700
2023-06-23,19.782188415527344,19.882947297766204,19.958516059068323,19.614259080473378,61000
2023-06-26,19.74860382080078,19.58906958611475,19.916533161226152,19.55548435863294,45300
2023-06-27,20.11804962158203,19.849361391809236,20.176826573164483,19.76539752113637,27500
2023-06-28,20.000497817993164,19.882947124329956,20.042481352521513,19.75699972376108,36300
2023-06-29,19.715017318725586,19.58906991094106,19.80737949847139,19.328778387985277,38500
2023-06-30,19.622655868530273,19.798981911291705,19.81577532531892,19.59746574748945,26500
2023-07-03,19.941722869873047,19.832568880933106,19.941722869873047,19.740206704632147,13000
2023-07-05,19.866153717041016,19.882947130857872,19.899740544674724,19.68143096957989,45800
2023-07-06,19.38755226135254,19.55548319327869,19.55548319327869,19.228018036173502,35600
2023-07-07,19.328777313232422,19.219621724782627,19.589068821715014,19.219621724782627,39200
2023-07-10,19.160846710205078,19.28679411317107,19.437931637333506,19.118864776385788,33900
2023-07-11,19.479915618896484,19.286794554982723,19.505104139161816,19.236415912943905,49200
2023-07-12,19.647844314575195,19.387552804159352,19.815775251203025,19.387552804159352,34200
2023-07-13,19.992101669311523,19.91653290655853,20.00049837645165,19.681431512667565,37600
2023-07-14,19.756999969482422,19.756999969482422,19.908135891139924,19.64784437985921,45000
2023-07-17,19.589069366455078,19.58067265930174,19.647844715020295,19.412743320759425,65900
2023-07-18,19.589069366455078,19.47991537647798,19.698223356432177,19.47991537647798,35400
2023-07-19,19.790584564208984,19.647843752610413,19.832568097919186,19.60586182040827,41800
2023-07-20,19.706619262695312,19.63105050289459,19.85775678229676,19.580671863530128,23100
2023-07-21,19.622655868530273,19.78218849726449,19.798981911291705,19.563878919435023,27900
2023-07-24,19.765398025512695,19.740207902763125,19.857758605911354,19.66463913602263,18400
2023-07-25,20.285980224609375,19.941723235816976,20.353152280922327,19.941723235816976,43700
2023-07-26,20.193618774414062,20.361549722002938,20.361549722002938,20.076068072006777,45600
2023-07-27,20.151636123657227,20.36154899994532,20.40353093459968,20.084464067305362,32200
2023-07-28,19.95012092590332,20.10125846043041,20.16843052005265,19.698224501188758,48200
2023-07-31,19.622655868530273,19.824172032332527,19.824172032332527,19.5302936928887,31400
2023-08-01,19.87455177307129,19.64784547567878,19.93332712391197,19.64784547567878,29500
2023-08-02,19.488311767578125,19.614260781677665,19.614260781677665,19.33717583337351,26600
2023-08-03,19.421138763427734,19.555484478704333,19.715017112861748,19.1944340723861,39000
2023-08-04,19.219621658325195,19.10207096487012,19.30358712572514,19.051692325033386,22000
2023-08-07,19.278396606445312,19.52189629671966,19.52189629671966,19.261604794518984,35300
2023-08-08,19.135658264160156,18.94253720392709,19.160846783945424,18.94253720392709,23200
2023-08-09,19.362363815307617,19.35396710783447,19.379157230253913,19.202831177842405,18900
2023-08-10,19.38755226135254,19.521896366290235,19.589068418759084,19.311983502136577,34000
2023-08-11,19.311983108520508,19.24481105742076,19.471517330447924,19.186035712896977,25200
2023-08-14,18.94253921508789,19.311986359075128,19.311986359075128,18.89216056866045,52300
2023-08-15,19.16008949279785,19.20377348018136,19.492092129649517,19.06398272082937,60800
2023-08-16,18.8018741607666,19.133876774611945,19.133876774611945,18.784399900449166,50300
2023-08-17,18.51355743408203,18.723243580131026,18.845560082050266,18.417450658895568,59800
2023-08-18,18.557239532470703,18.34755340778279,18.670820558199896,18.34755340778279,51400
2023-08-21,18.51355743408203,18.574715685041653,18.836822950993557,18.417450658895568,38400
2023-08-22,18.461132049560547,18.43492232651647,18.653345572881744,18.43492232651647,39400
2023-08-23,18.391239166259766,18.426187690297596,18.609662442184167,18.391239166259766,37900
2023-08-24,18.461132049560547,18.522291958350007,18.61839705357348,18.391236677381144,36200
2023-08-25,18.21649932861328,18.452396837850184,18.461132301359278,18.19902506872081,41800
2023-08-28,18.15534210205078,18.1728146964845,18.18155182691998,17.884496057862684,58400
2023-08-29,18.23397445678711,18.00681406667932,18.321342427535534,18.00681406667932,37700
2023-08-30,18.504817962646484,18.312604436583573,18.531027686064412,18.312604436583573,30400
2023-08-31,17.832073211669922,18.190287192585423,18.27765682202661,17.666071082375375,46400
2023-09-01,17.928178787231445,18.033021002490408,18.085443776556858,17.735965281861738,33200
2023-09-05,18.129131317138672,17.980603427641974,18.15534270932184,17.928182309712927,65700
2023-09-06,18.207763671875,18.006814666164054,18.268921920009873,18.006814666164054,40000
2023-09-07,18.164077758789062,18.04175960905359,18.37376387291646,18.04175960905359,73400
2023-09-08,18.26018524169922,18.085447623619153,18.312606360479506,18.050499100140748,60300
2023-09-11,18.120393753051758,18.242710247440023,18.522293424728886,17.945656141988128,50500
2023-09-12,17.779651641845703,17.963126359144983,17.963126359144983,17.63112377555899,66100
2023-09-13,17.40396499633789,17.735967610157665,17.735967610157665,17.20301600201442,67000
2023-09-14,17.508808135986328,17.55249211845364,17.55249211845364,17.255436371652003,54900
2023-09-15,17.133119583129883,17.369015417273342,17.465122176718097,17.037012823685128,42400
2023-09-18,16.774906158447266,17.002064870518357,17.002064870518357,16.61764115283102,92100
2023-09-19,16.748695373535156,16.940907239320065,16.993330020710022,16.635116013397983,101600
2023-09-20,17.27290916442871,16.949642055735694,17.456383874935607,16.949642055735694,75500
2023-09-21,17.307857513427734,17.29038492027327,17.43891112749036,17.237962141498524,77300
2023-09-22,17.27290916442871,17.29911888510857,17.43017415425575,17.15932815335942,93300
2023-09-25,17.78839111328125,17.369017180855234,17.840812229920534,17.369017180855234,63100
2023-09-26,17.7359676361084,17.770916156791714,17.94565542733391,17.648599667274485,100300
2023-09-27,17.91070556640625,17.727230845859683,18.0504963058047,17.727230845859683,103100
2023-09-28,18.434925079345703,18.111657893220297,18.513557593094117,18.111657893220297,132000
2023-09-29,18.05049705505371,18.13786668741359,18.4261853076952,17.779652694531507,62600
2023-10-02,17.928178787231445,17.910704529209298,17.989337023872,17.77965092691711,48300
2023-10-03,17.91070556640625,17.84954732622406,18.024284917253592,17.70975658682561,40300
2023-10-04,18.504817962646484,18.024285813926355,18.618397319144176,18.024285813926355,60500
2023-10-05,18.522293090820312,18.347553816469524,18.63587245264227,18.08544657138056,71200
2023-10-06,18.705766677856445,18.504817691226414,18.7407151971506,18.434922319075227,86700
2023-10-09,18.88050651550293,18.592187888308487,18.97661161360963,18.592187888308487,36500
2023-10-10,18.96787452697754,18.95913906330551,19.2037720406145,18.810611184323406,67600
2023-10-11,19.238719940185547,19.06398067651496,19.3173524421936,19.06398067651496,48000
2023-10-12,18.897977828979492,19.195033566138747,19.195033566138747,18.880505236421993,48800
2023-10-13,18.84556007385254,18.83682294279963,19.002825099930213,18.714506440933594,30700
2023-10-16,19.05524444580078,18.924190825082697,19.090192966758778,18.854295449603907,73200
2023-10-17,19.168827056884766,19.10766880659041,19.308617819396815,19.011562032449376,74100
2023-10-18,18.836822509765625,18.97661327052387,18.97661327052387,18.644610630332362,67000
2023-10-19,18.819347381591797,18.766924603535077,19.046506087422536,18.64460812094359,57700
2023-10-20,18.8018741607666,18.897979259638124,18.9766117646294,18.740715916092764,72200
2023-10-23,18.8018741607666,18.71450452561661,18.932927780272994,18.65334628094277,59400
2023-10-24,18.976612091064453,18.863032729921706,19.19503534947815,18.84555846930368,91100
2023-10-25,19.125139236450195,19.160087756339497,19.19503460979165,18.950401636315135,54100
2023-10-26,19.168827056884766,18.994087770526036,19.22124817621745,18.90671812734667,50400
2023-10-27,18.88050651550293,19.029034394144745,19.029034394144745,18.749451230602315,33600
2023-10-30,18.889244079589844,18.906716673732493,19.002823440484505,18.68829341579589,25700
2023-10-31,19.063980102539062,18.74071464084957,19.125138343051287,18.71450325215702,83800
2023-11-01,19.422195434570312,18.96787466422737,19.49209080951252,18.96787466422737,57400
2023-11-02,19.38724708557129,19.41345680763062,19.48335217718393,19.2649289390252,69700
2023-11-03,19.797883987426758,19.605672120152487,19.920200478743364,19.605672120152487,71800
2023-11-06,19.7017765045166,19.92019975475043,19.92019975475043,19.60567140759098,37500
2023-11-07,19.65809440612793,19.465882527407665,19.920201664968044,19.465882527407665,76300
2023-11-08,19.308616638183594,19.53577702997837,19.53577702997837,19.168825884223306,34400
2023-11-09,19.430932998657227,19.291142245651127,19.623144867431307,19.291142245651127,35900
2023-11-10,19.631881713867188,19.62314458362602,19.789146725333865,19.55324920813385,34400
2023-11-13,19.308616638183594,19.500828508269677,19.614409537385683,19.229984130776277,131000
2023-11-14,19.867778778076172,19.483353388415658,19.95514841205863,19.483353388415658,50700
2023-11-15,19.588197708129883,19.77167244368647,19.77167244368647,19.465881217758824,60100
2023-11-16,19.430932998657227,19.474618650494897,19.500828375160275,19.291142245651127,33900
2023-11-17,19.66683006286621,19.64935580253666,19.789146552298675,19.64935580253666,23600
2023-11-20,19.83283233642578,19.771672424861286,19.937674566233376,19.719251309957485,33400
2023-11-21,19.902729034423828,19.893991903619696,20.06872952039038,19.797885131211572,20100
2023-11-22,19.963886260986328,19.859042363144592,20.094939883460583,19.859042363144592,19700
2023-11-24,20.208518981933594,20.07746536116678,20.322100008652114,20.033781376390245,31000
2023-11-27,20.17357063293457,20.182307762530066,20.27841285520639,20.103675262607663,23400
2023-11-28,20.068729400634766,20.18231043397338,20.18231043397338,19.955150033733446,32100
2023-11-29,19.84156608581543,19.876514603689724,20.033779601249947,19.84156608581543,27400
2023-11-30,20.208518981933594,19.911464885866177,20.252204633147333,19.911464885866177,29400
2023-12-01,20.17357063293457,19.762935540568623,20.27841285520639,19.762935540568623,40300
2023-12-04,19.97262191772461,20.09493840081754,20.26094053247016,19.832831175207804,38700
2023-12-05,20.077465057373047,20.033781073257494,20.17357182215187,20.033781073257494,12400
2023-12-06,19.867778778076172,19.867778778076172,20.059990639687847,19.867778778076172,27700
2023-12-07,19.797883987426758,19.762937132666533,19.920200478743364,19.710514350870376,28800
2023-12-08,19.71051597595215,19.701778844932434,19.83283414379079,19.6493577252515,23900
2023-12-11,19.72798728942871,19.736724419142565,19.885252291403887,19.693040437010392,26800
2023-12-12,19.99883270263672,19.70177694240148,20.05999094743153,19.70177694240148,21800
2023-12-13,20.147361755371094,19.78914772949227,20.269679918517063,19.754200873191483,63200
2023-12-14,20.199783325195312,20.18230906487672,20.26094156987321,19.92020015940935,56200
2023-12-15,19.937673568725586,20.20851792635458,20.20851792635458,19.885252456444483,25000
2023-12-18,20.295888900756836,20.09493990168492,20.38325853796465,20.09493990168492,41400
2023-12-19,20.330835342407227,20.357045064382305,20.46188895159379,20.19104460374995,26700
2023-12-20,20.750207901000977,20.418205307817278,20.942419753219216,20.418205307817278,47800
2023-12-21,20.461889266967773,20.767682137407565,20.785156396618312,20.32209852615594,48600
2023-12-22,20.374521255493164,20.58420738336416,20.58420738336416,20.217256242980614,23400
2023-12-26,20.488101959228516,20.32209981903957,20.488101959228516,20.269678704509392,15000
2023-12-27,20.383256912231445,20.365782652896154,20.470626542470807,20.01630579837579,50700
2023-12-28,20.260940551757812,20.383257034967183,20.383257034967183,20.260940551757812,15100
2023-12-29,20.470626831054688,20.234729326013976,20.53178507315329,20.22599219622316,22300
2024-01-02,20.470626831054688,20.496836553990025,20.584206185461078,20.339573217066665,27100
2024-01-03,20.35704803466797,20.12115217028754,20.39199655765013,20.12115217028754,32600
2024-01-04,20.505573272705078,20.287150031624737,20.523047531936403,20.287150031624737,17400
2024-01-05,20.461889266967773,20.444415007757026,20.575468618963484,20.339572785366688,36500
2024-01-08,20.601682662963867,20.4007336554528,20.601682662963867,20.1910475172103,53100
2024-01-09,20.374521255493164,20.444416631450164,20.444416631450164,20.260941894476993,27000
2024-01-10,20.234729766845703,20.313362270239022,20.313362270239022,19.98135966314058,17600
2024-01-11,20.042518615722656,20.30462585868291,20.30462585868291,19.88525360337162,30200
2024-01-12,20.11241340637207,20.02504377244855,20.287151007781947,19.955148398597167,22800
2024-01-16,19.754199981689453,20.156097976416024,20.156097976416024,19.701777199948168,39000
2024-01-17,19.89398956298828,19.832831320992263,19.972622064536623,19.789145672111456,26800
2024-01-18,19.981361389160156,19.99883398419464,19.99883398419464,19.588198838231612,44000
2024-01-19,19.88525390625,20.04251892099639,20.04251892099639,19.815358529300187,16500
2024-01-22,20.05998992919922,19.937673445818305,20.068727058931728,19.893989463592867,18900
2024-01-23,19.78040885925293,20.07746461065334,20.07746461065334,19.6843037630496,39600
2024-01-24,19.404720306396484,19.754198831915133,19.955147817582375,19.282403822327225,32000
2024-01-25,19.771671295166016,19.561985181094474,19.7804084248903,19.42219443838011,30600
2024-01-26,19.8240966796875,19.867780667614742,19.998834297833792,19.815359548814587,28600
2024-01-29,19.876516342163086,19.71925133084789,19.99009570231451,19.64061882519029,23700
2024-01-30,19.78040885925293,19.771671729336784,19.902727011641836,19.631880983552723,14300
2024-01-31,19.52703857421875,19.675566448525377,19.832831452666174,19.40472042297751,20800
2024-02-01,19.50082778930664,19.46588093532362,19.51830204951674,19.413458154693327,16900
2024-02-02,19.736726760864258,19.605673132481403,19.75420102236525,19.553250347978423,33900
2024-02-05,19.535776138305664,19.596934382067186,19.596934382067186,19.369774000640703,15800
2024-02-06,20.383256912231445,19.6231432955172,20.514310524371947,19.6231432955172,54300
2024-02-07,20.400732040405273,20.322099536484707,20.50557426800792,20.121150544882,23100
2024-02-08,20.225994110107422,20.30462661922826,20.30462661922826,20.138624470369017,12800
2024-02-09,20.42694091796875,20.173570823059737,20.42694091796875,20.112412581751947,25400
2024-02-12,20.269678115844727,20.304624969037537,20.304624969037537,20.077464590754296,21000
2024-02-13,19.89398956298828,19.981359194312784,19.981359194312784,19.80661993166378,12400
2024-02-14,20.094938278198242,20.05125429634221,20.199782167664637,19.946410406875813,12700
2024-02-15,20.147361755371094,20.199784539478202,20.330838166871406,20.103677768385786,8700
2024-02-16,20.138622283935547,20.025042931112928,20.234729043857286,20.025042931112928,9400
2024-02-20,19.928936004638672,20.09493813408787,20.103675263683833,19.806619523169307,16000
2024-02-21,20.033782958984375,19.998834435252583,20.25220623299609,19.990097304319633,10600
2024-02-22,20.11241340637207,19.972622658669305,20.295888137818014,19.972622658669305,14100
2024-02-23,20.138622283935547,20.042517190450894,20.260940432864242,20.042517190450894,8400
2024-02-26,19.518301010131836,20.05125425309888,20.16483360554186,19.42219425053133,39000
2024-02-27,20.077465057373047,19.51830206179554,20.077465057373047,19.51830206179554,30900
2024-02-28,20.243467330932617,20.077465190605032,20.339574096349196,19.88525332620906,17000
2024-02-29,20.1298885345459,20.2172565058,20.234730766625713,19.79788424460627,28000
2024-03-01,20.068729400634766,20.025045413312096,20.08620366213875,19.876517523402804,14900
2024-03-04,20.025043487548828,19.963885244603624,20.07746460058227,19.920199595044807,9500
2024-03-05,19.91146469116211,19.893990430847484,20.077465164839477,19.841567649903613,22100
2024-03-06,20.025043487548828,20.042517747372354,20.07746460058227,19.876515611923125,14200
2024-03-07,20.042518615722656,19.736725721310886,20.042518615722656,19.736725721310886,17500
2024-03-08,20.199783325195312,20.09493942972093,20.31336268439181,20.09493942972093,13700
2024-03-11,23.580974578857422,21.62390240000147,26.55153053486311,21.43169053414107,1046000
2024-03-12,22.480121612548828,22.67233514866635,22.707282003864023,21.693798206572986,554700
2024-03-13,22.43643569946289,22.39275005117222,23.013072925402977,22.183063938688292,372600
2024-03-14,22.27043342590332,22.349065925884776,22.418961296264172,21.807375555616645,342800
2024-03-15,21.73748016357422,21.842324052257368,22.008326181656905,21.20452858987635,2062700
2024-03-18,21.8685359954834,21.36179413128078,22.174327206818244,21.36179413128078,169000
2024-03-19,21.804431915283203,21.98500761248412,22.12043852433607,21.7773467661713,85100
2024-03-20,22.021120071411133,21.93083395166186,22.174608885921185,21.61482736624736,88200
2024-03-21,22.05723762512207,22.147525474042535,22.20169749455582,21.813460949666062,35300
2024-03-22,21.40716552734375,22.05723663264275,22.05723663264275,21.40716552734375,50800
2024-03-25,21.479398727416992,21.551628664084365,21.551628664084365,21.30785198204541,30600
2024-03-26,21.777345657348633,21.786372891861316,22.01209164082095,21.741229830908342,40100
2024-03-27,22.04821014404297,21.768319343539908,22.07529701716169,21.768319343539908,21400
2024-03-28,22.2648983001709,22.120438431853124,22.2648983001709,21.966949606503306,43800
2024-04-01,22.102380752563477,22.3461574287257,22.3461574287257,21.90374886204101,45900
2024-04-02,21.678030014038086,21.84054779750078,22.102380664781517,21.479398124304506,32400
2024-04-03,21.732200622558594,21.53356874573007,21.90374735196804,21.53356874573007,44900
2024-04-04,21.497453689575195,21.957920155260858,21.957920155260858,21.452310627528483,28200
2024-04-05,21.48842430114746,21.551626997679822,21.614827972114785,21.262705551252644,28800
2024-04-08,21.95792007446289,21.78637333954125,22.13849576618014,21.78637333954125,40000
2024-04-09,22.102380752563477,22.075295603277112,22.219755473129357,21.885690947785108,24000
2024-04-10,21.867631912231445,22.093350662563676,22.102379619228653,21.71414309312163,21000
2024-04-11,21.64191436767578,21.78637423816918,21.78637423816918,21.452311433439757,28900
2024-04-12,21.48842430114746,21.687057903197232,21.687057903197232,21.262705551252644,30700
2024-04-15,21.61482810974121,21.69608699798853,21.69608699798853,21.362022488294286,36500
2024-04-16,20.71195411682129,20.7209830739676,21.217563662332118,20.594579396016773,80700
2024-04-17,20.66680908203125,20.88349888463882,20.946701583901312,20.65778012499375,43000
2024-04-18,20.540407180786133,20.61263711517533,20.648752943418664,20.36886044082524,26300
2024-04-19,20.910585403442383,20.63069462838549,21.000873250198705,20.459147891758224,48600
2024-04-22,20.757095336914062,20.94669997595182,20.94669997595182,20.549434507284836,42900
2024-04-23,21.40716552734375,20.95572802515163,21.452310310821407,20.95572802515163,39500
2024-04-24,21.05504608154297,21.334936867395733,21.35299478186301,20.982816145771366,37400
2024-04-25,21.036989212036133,20.87447314005058,21.316881733889375,20.87447314005058,29200
2024-04-26,21.479398727416992,21.15436315136505,21.506483877356303,21.15436315136505,30600
2024-04-29,21.732200622558594,21.605798675676567,21.813459509010574,21.57871180616012,34000
2024-04-30,21.443281173706055,21.569683122185157,21.569683122185157,21.12727458041091,48400
2024-05-01,21.380081176757812,21.31688019962932,21.623857850336965,21.31688019962932,18300
2024-05-02,21.280763626098633,21.136303762837088,21.614828136201833,21.036986961058247,38400
2024-05-03,21.56065559387207,21.57871350830746,21.57871350830746,21.163391808878515,35900
2024-05-06,21.61482810974121,21.732201102711,21.732201102711,21.343964574884346,41000
2024-05-07,21.632884979248047,21.74123074100693,21.75025969799496,21.380081071973088,34000
2024-05-08,21.759288787841797,21.714144002626007,21.759288787841797,21.605799962303053,17500
2024-05-09,21.994035720825195,21.83151794403527,22.0933508005655,21.398138353993744,41600
2024-05-10,22.42741584777832,22.120438200292185,22.580904671521388,22.120438200292185,43500
2024-05-13,22.905941009521484,22.589934394383434,23.02331400949404,22.589934394383434,41900
2024-05-14,22.923995971679688,22.9330249284388,23.014283817173414,22.788565064487802,27800
2024-05-15,23.29417610168457,23.09554420637165,23.3483498457588,22.7885665450078,23100
2024-05-16,23.465721130371094,23.42960702572781,23.474750087056265,23.221944466163674,21000
2024-05-17,23.14068603515625,23.30320381450449,23.30320381450449,22.761478457376167,34200
2024-05-20,22.707307815551758,23.23097529071491,23.23097529071491,22.689249900729482,19300
2024-05-21,22.021120071411133,22.626046373056944,22.626046373056944,21.84054610981524,31400
2024-05-22,21.741230010986328,21.92180570048866,21.92180570048866,21.62385701827799,183600
2024-05-23,21.696086883544922,21.650942100258206,21.867631893742246,21.578712169096857,25900
2024-05-24,21.804431915283203,21.89471976388366,21.92180663509304,21.64191413222187,25400
2024-05-28,21.55162811279297,21.650943196859167,21.777346874366806,21.488425412990406,28000
2024-05-29,21.605798721313477,21.4703678176399,21.61482767783803,21.298821087868106,18400
2024-05-30,21.678030014038086,21.551628058943763,21.69608792822227,21.163391514471215,37900
2024-05-31,22.79759407043457,21.65094239101428,22.79759407043457,21.65094239101428,49700
2024-06-03,22.255868911743164,22.698277465153122,22.698277465153122,22.057237027180765,44100
2024-06-04,22.147525787353516,22.301014616060396,22.32809976565146,21.80443230102166,33500
2024-06-05,22.47256088256836,22.093353268400058,22.508676713488008,21.985009219836318,27400
2024-06-06,22.237810134887695,22.562845680735133,22.562845680735133,22.066265127554765,16400
2024-06-07,22.71633529663086,22.52673236961188,22.734393210279553,22.34615667731982,26100
2024-06-10,22.40935707092285,22.8788524810094,22.8788524810094,22.25586825309061,16200
2024-06-11,21.95792007446289,22.147524722975742,22.147524722975742,21.813460209928063,25600
2024-06-12,21.930835723876953,22.012092893798165,22.048208722294245,21.795403089114135,14900
2024-06-13,21.95792007446289,22.003064858440915,22.03917896352591,21.750259234456255,14400
2024-06-14,21.7683162689209,21.87666030189777,21.948890231248132,21.614827453789207,27100
2024-06-17,21.696086883544922,21.705115840202264,21.813459875895585,21.605799039068888,27200
2024-06-18,21.50648307800293,21.56065509796561,21.63288503194834,21.226592299082036,30000
2024-06-20,21.831518173217773,21.569683591841454,21.849576086850092,21.533569486674246,20100
2024-06-21,21.127275466918945,21.398139010579197,21.398139010579197,20.955728728143864,176600
2024-06-24,20.90155792236328,21.13630565166568,21.163392524234343,20.78418491876086,34900
2024-06-25,21.16339111328125,21.018931246741236,21.19950521886753,20.919614442708436,30300
2024-06-26,21.325910568237305,21.316881610607393,21.461341488490827,21.181448968256287,29600
2024-06-27,21.867631912231445,21.55162703944424,21.876660868896423,21.55162703944424,26900
2024-06-28,22.174610137939453,22.075295056188274,22.337127918019945,22.075295056188274,23300
2024-07-01,22.301015853881836,22.319072047245587,22.319072047245587,22.111411185732823,24900
2024-07-02,22.29198455810547,22.165580885231165,22.29198455810547,21.95792004549845,18800
2024-07-03,22.5267333984375,22.400329719221062,22.5267333984375,21.930835997594677,8400
2024-07-05,22.37324333190918,22.571875213835867,22.571875213835867,22.2197545115712,43000
2024-07-08,22.87885284423828,22.914966949073545,22.98719688084149,22.48158735846588,30600
2024-07-09,22.725364685058594,22.75245155604607,22.80662357592356,22.635076837197804,10600
2024-07-10,23.113601684570312,22.779537157478046,23.19486057704958,22.752452008049957,16200
2024-07-11,23.37543487548828,23.212917088296415,23.700470449872018,23.122630959498725,39800
2024-07-12,24.016475677490234,23.70046907868824,24.02550463426714,23.62823914657042,29300
2024-07-15,23.78173065185547,24.007449430462984,24.007449430462984,23.682413838196926,15000
2024-07-16,23.673381805419922,23.194859159070692,23.881044363559333,23.194859159070692,45700
2024-07-17,23.384462356567383,23.447663331575004,23.655325892153865,23.249031449822848,36400
2024-07-18,23.276121139526367,23.49281096098548,23.601155010666226,23.203891199039997,18600
2024-07-19,23.122631072998047,23.17680309496207,23.203889966992847,22.89691230570083,9000
2024-07-22,22.87885284423828,22.978169646205732,22.978169646205732,22.653134092201277,9700
2024-07-23,22.87885284423828,23.059428534706846,23.059428534706846,22.68022096240079,13600
2024-07-24,22.969141006469727,22.815652184082367,23.095542958283747,22.770507399793477,15600
2024-07-25,23.113601684570312,23.014284877740653,23.44766448956508,22.887882921482902,22000
2024-07-26,23.312232971191406,23.104572127843085,23.501837622755385,23.032342194413342,16400
2024-07-29,23.24000358581543,22.824681889324523,23.519894369193974,22.824681889324523,17300
2024-07-30,23.330291748046875,23.3573786198715,23.474751620249844,22.914968323890207,23400
2024-07-31,23.917160034179688,23.447664591611193,24.016476841441584,23.447664591611193,14000
2024-08-01,24.02550506591797,23.944246175563315,24.10676395627262,23.826871457452174,13800
2024-08-02,23.71852684020996,24.016475523548337,24.13384851670092,23.574066976900287,24700
2024-08-05,23.565038681030273,23.456692919460906,23.68241167747442,23.1677731847392,32600
2024-08-06,23.971330642700195,23.565037924576618,24.142877375470988,23.49280799321482,32500
2024-08-07,24.458885192871094,24.26928053726332,24.467914150004557,24.16996545299019,19100
2024-08-08,24.991580963134766,24.648487489320615,25.2895296524484,24.386654627607392,24200
2024-08-09,25.307588577270508,25.009639876054013,25.48816255619406,24.92838098280429,24800
2024-08-12,25.271472930908203,25.497191697767438,25.497191697767438,25.117984100560022,32400
2024-08-13,25.957656860351562,25.43398941692228,26.138232553436463,25.36175948410781,39600
2024-08-14,25.2534122467041,25.695820774577374,25.695820774577374,25.117981345860827,38500
2024-08-15,25.190214157104492,25.524278691370917,25.524278691370917,24.801977600721028,20400
2024-08-16,25.334671020507812,24.829061522598515,25.424958861373092,24.829061522598515,23700
2024-08-19,25.623592376708984,25.5965072281807,25.81319702689418,25.560391400679734,12200
2024-08-20,25.79513931274414,25.731938336225845,25.87639820315265,25.50621957889053,17400
2024-08-21,25.939598083496094,25.79513822267398,26.084057944318204,25.77708030954687,19300
2024-08-22,25.894454956054688,26.020856903423997,26.03891481650458,25.69582135636306,13300
2024-08-23,26.12920379638672,25.97571497272003,26.228518878455198,25.867369211621067,37900
2024-08-26,26.086347579956055,26.002498463432598,26.300627865742044,25.909332580963046,19500
2024-08-27,25.79753303527832,25.95591449066323,25.965231255920138,25.695050394443594,18100
2024-08-28,25.108110427856445,25.629836885458534,25.629836885458534,24.986994246722038,22000
2024-08-29,25.182641983032227,25.01494375414103,25.31307314906255,24.98699345699538,16600
2024-08-30,25.108110427856445,25.042893065788693,25.18264277894246,24.86587984257905,13100
2024-09-03,24.185768127441406,24.58638014756782,24.58638014756782,24.00875491896004,30500
2024-09-04,24.13918685913086,23.98080539900376,24.223035971962343,23.83174070441253,33900
2024-09-05,24.642282485961914,24.409368669561484,24.80066395219386,24.409368669561484,20200
2024-09-06,24.465267181396484,24.539799530631093,24.605015114087454,24.241670133692654,25900
2024-09-09,24.418684005737305,24.642282836414076,24.642282836414076,24.232354016161896,18300
2024-09-10,24.14850425720215,24.40936836806543,24.40936836806543,24.073971907954263,22900
2024-09-11,24.34415054321289,24.148503796541153,24.4559499534477,24.129870265336795,22200
2024-09-12,24.623647689819336,24.195085365612446,24.726130332410584,24.195085365612446,24100
2024-09-13,24.502532958984375,24.791347372928918,24.791347372928918,24.372101789455492,17200
2024-09-16,24.744762420654297,24.549115675235722,24.828611533545498,24.362783918368315,16600
2024-09-17,24.735445022583008,24.79134561440855,25.191957637535186,24.427998875507658,32700
2024-09-18,24.465267181396484,24.586381582530958,24.66091393176557,24.250986899470902,29300
2024-09-19,24.446632385253906,24.418682089364985,24.567748557114605,24.2230353491164,23800
2024-09-20,24.893827438354492,24.45595011412327,25.21059036294435,24.26961835483817,74800
2024-09-23,25.182641983032227,24.90314434254978,25.35033843493206,24.90314434254978,13400
2024-09-24,25.415555953979492,25.201273895171312,25.583252406928704,25.201273895171312,28900
2024-09-25,25.191957473754883,25.471453323100377,25.471453323100377,24.893826316930745,34600
2024-09-26,25.76958465576172,25.23854143556787,26.021132005429774,25.23854143556787,27700
2024-09-27,25.583251953125,25.63915254677453,25.74163341448265,25.443504022983863,28000
2024-09-30,25.042892456054688,25.434187733977012,25.434187733977012,24.85656247137205,28500
2024-10-01,25.471454620361328,25.229224042662505,25.518036671960907,24.95904494480048,16600
2024-10-02,25.573936462402344,25.555302931551676,25.750949674509773,25.350337646176936,16600
2024-10-03,25.443504333496094,25.64846962539641,25.64846962539641,25.322389933093383,21900
2024-10-04,25.695051193237305,25.443503854454615,25.695051193237305,25.443503854454615,16900
2024-10-07,25.434186935424805,25.834798966552032,25.834798966552032,25.378288119474195,13000
2024-10-08,25.434186935424805,25.285122241562302,25.51803604784638,25.26649048757298,11000
2024-10-09,25.070842742919922,25.033577456795527,25.508720072581966,24.865879226757315,24600
2024-10-10,24.837928771972656,25.1174246356037,25.1174246356037,24.623648491389428,30300
2024-10-11,24.931093215942383,24.865877636651522,24.968358499683763,23.71994039700045,67600
2024-10-14,24.372100830078125,24.893827264647957,24.893827264647957,24.260303196880262,20500
2024-10-15,24.353466033935547,24.260301936773484,24.502530721784343,24.241668406544573,27500
2024-10-16,24.465267181396484,24.204403070579662,24.521165999074597,24.204403070579662,18500
2024-10-17,24.353466033935547,24.353466033935547,24.577063065708742,24.223034876315662,38300
2024-10-18,24.502532958984375,24.511849724949496,24.567750320740227,24.28825267276081,30800
2024-10-21,23.92490577697754,24.57706334960136,24.57706334960136,23.906272246533387,25400
2024-10-22,24.073972702026367,23.78516006128835,24.13918828764546,23.78516006128835,14400
2024-10-23,23.691993713378906,23.887640466404264,23.887640466404264,23.51497871517163,21300
2024-10-24,23.44976234436035,23.337962934244445,23.524294692107176,22.77897121463893,102800
2024-10-25,23.226163864135742,23.62677587486113,23.62677587486113,23.188896804072343,12600
2024-10-28,22.890769958496094,23.095735257488933,23.328649077623393,22.704439968583383,43800
2024-10-29,22.69512176513672,22.67648823422818,22.881451743248167,22.415624132482577,74300
2024-10-30,22.98393440246582,22.81623617815331,23.263430258325794,22.704438546605846,63400
2024-10-31,22.378358840942383,22.872134970931313,22.918718798188685,22.21997738224995,65500
2024-11-01,22.471525192260742,22.378359312772982,22.732387522436845,22.378359312772982,22500
2024-11-04,22.05228042602539,22.229295425798437,22.28519424472993,21.912532490200952,46600
2024-11-05,22.192028045654297,22.331775979487585,22.527424508447304,21.987064527831564,58700
2024-11-06,21.92184829711914,22.08022975798878,22.266559738605725,21.893898000380496,42100
2024-11-07,21.987064361572266,22.17339434627722,22.49947404075011,21.912532012292008,123800
2024-11-08,21.716882705688477,21.987063572755904,21.996380338205608,21.63303359363247,42300
2024-11-11,21.334903717041016,21.670300157559364,21.800731316875936,21.167205496781843,86800
2024-11-12,20.52436637878418,20.85976106993361,20.952926952971783,20.254185495672626,105100
2024-11-13,20.533681869506836,20.589580685061478,20.813177724271352,20.310083053305654,133700
2024-11-14,20.08648681640625,20.356667693529527,20.682747388440205,20.049221530211778,142600
2024-11-15,20.775909423828125,20.775909423828125,20.85975853065631,20.375299196416044,177600
2024-11-18,20.673429489135742,20.692061242715724,21.027457685033337,20.636162427993217,111600
2024-11-19,20.841129302978516,20.533683133022688,20.962243706964756,20.524366367025067,130800
2024-11-20,21.07404136657715,20.943608430466316,21.19515576047513,20.943608430466316,77200
2024-11-21,21.11130714416504,21.16720595981045,21.288322133532034,21.09267361328613,55200
2024-11-22,21.129940032958984,21.055407688699518,21.428069409996862,21.055407688699518,38500
2024-11-25,20.468463897705078,21.120623241919667,21.120623241919667,20.468463897705078,83200
2024-11-26,20.533681869506836,20.505731573233863,20.552313623364178,20.31939981872998,46200
2024-11-27,20.561630249023438,20.431199087952095,20.794544052074436,20.431199087952095,59300
2024-11-29,20.673429489135742,20.580263613270706,20.79454388386639,20.570946847985073,19500
2024-12-02,20.990192413330078,20.79454389619835,21.13925710400602,20.775910365616035,69800
2024-12-03,21.50260353088379,20.990193843886594,21.59576941315366,20.990193843886594,88100
2024-12-04,21.353538513183594,21.521236743382612,21.521236743382612,21.297639695447714,51600
2024-12-05,21.28832244873047,21.38148832751312,21.38148832751312,21.12994098789736,47600
2024-12-06,21.362855911254883,21.41875473064522,21.539870912480946,21.325588847000372,39800
2024-12-09,21.437387466430664,21.623717449807266,21.660984512677405,21.31627128909408,41800
2024-12-10,21.28832244873047,21.44670390956358,21.60508537039669,21.064725405846904,68200
2024-12-11,20.841129302978516,21.1299419409391,21.1299419409391,20.74796341999372,47500
2024-12-12,20.589580535888672,20.664112881751972,20.841127869549045,20.524364955382197,59900
2024-12-13,20.55231285095215,20.58957991124885,20.738644598453174,20.27281700669185,67900
2024-12-16,20.580265045166016,20.617530331910036,20.701379448323337,20.170336229033367,108800
2024-12-17,20.188968658447266,20.468464513234974,20.626845971479025,19.984005150069034,183100
2024-12-18,19.62065887451172,20.04922120933316,20.216919437002797,19.564760057618958,121000
2024-12-19,19.779041290283203,19.629976586720343,19.974689824329104,19.574077767132128,80200
2024-12-20,19.890838623046875,19.65792482600181,20.347349452016253,19.583392482027037,369600
2024-12-23,19.96537208557129,19.76040679541416,20.011954136793538,19.611342099113344,143800
2024-12-24,20.44051742553711,19.93742271929458,20.44051742553711,19.93742271929458,34700
2024-12-26,20.533681869506836,20.496414807809536,20.70137831617076,20.310083053305654,56400
2024-12-27,20.561630249023438,20.48709790312677,20.636162594920105,20.40324879186911,40100
2024-12-30,20.747962951660156,20.53368266952597,20.757279717447474,20.403249725494888,53100
2024-12-31,20.63616371154785,20.757279890803122,20.86907752720187,20.561631361618222,47800
2025-01-02,20.757280349731445,20.636164167798384,20.775912104882245,20.589582114434243,28200
2025-01-03,21.02745819091797,20.85975996572463,21.176522885091753,20.701378506041067,51500
2025-01-06,21.008825302124023,21.074042662686114,21.167206766649198,20.887710900777183,41300
2025-01-07,21.260372161865234,21.111307466540342,21.493285970434297,20.99019306796062,58600
2025-01-08,21.11130714416504,21.129940675043944,21.139257440483398,20.943608920237498,49300
2025-01-10,20.841129302978516,20.87839458997758,20.962243706964756,20.561631654024136,53000
2025-01-13,21.008825302124023,20.766596499430346,21.288322944987417,20.244868276881895,60600
2025-01-14,20.906343460083008,21.12062373241886,21.157889016872737,20.729328472201033,70700
2025-01-15,21.083356857299805,21.083356857299805,21.223106561962954,20.785227471068865,95900
2025-01-16,21.334903717041016,21.092673151887904,21.474651641593237,20.91565994338435,55400
2025-01-17,20.915660858154297,21.213790250769065,21.288322598922758,20.75727939620378,66400
2025-01-21,20.915660858154297,20.850443498652385,21.03677525753229,20.673430282406958,43300
2025-01-22,20.971559524536133,20.794544532569564,21.24173861828279,20.794544532569564,56500
2025-01-23,21.07404136657715,20.859759320463375,21.185838995253555,20.692061100457497,64600
2025-01-24,21.07404136657715,21.05540783613399,21.19515576047513,20.831810801789906,51700
2025-01-27,21.02745819091797,21.083357006985306,21.167206119581977,20.813177915167067,59000
2025-01-28,21.167205810546875,21.008824353175637,21.372171094786886,20.869076426551906,65200
2025-01-29,21.008825302124023,21.074042662686114,21.279006179192834,20.84112884879564,47600
2025-01-30,21.269689559936523,21.17652367834019,21.381488973250402,21.074042807876474,40700
2025-01-31,21.139259338378906,21.45602228379425,21.47465403935462,21.046093452611192,36500
2025-02-03,21.046092987060547,21.13925887076738,21.19515769019491,20.96224386942354,49400
2025-02-04,21.40943717956543,21.288322779162012,21.50260305979418,21.018141904197776,69900
2025-02-05,21.50260353088379,21.4373879463923,21.754150879915024,21.157890299582682,153000
2025-02-06,21.716882705688477,21.707565940238776,21.800731817744484,21.428070084712957,66400
2025-02-07,21.428070068359375,21.67030063889283,21.67030063889283,21.17652273238333,49400
2025-02-10,21.418752670288086,21.67961676400179,21.67961676400179,21.176522106909204,49900
2025-02-11,21.2044734954834,21.474652591300746,21.474652591300746,20.980876450913104,60000
2025-02-12,21.381488800048828,21.20447380414885,21.502603201249,21.20447380414885,60200
2025-02-13,21.549184799194336,21.260372173961947,21.707566260191065,21.17652306067007,58500
2025-02-14,21.800731658935547,21.70756578210851,21.893897535762584,21.586451386127273,35400
2025-02-18,22.04296112060547,21.84731438838878,22.219976099985715,21.735514986414096,75500
2025-02-19,22.331775665283203,21.893898338235388,22.45289184269499,21.893898338235388,50400
2025-02-20,22.275876998901367,22.35972611398813,22.434258463288437,22.080230248359833,43100
2025-02-21,22.266559600830078,22.39699254114535,22.415624295197826,22.080229621366062,38300
2025-02-24,22.294509887695312,22.19202724399033,22.35972546932891,22.061596080723138,46200
2025-02-25,22.05228042602539,22.341093063661422,22.341093063661422,21.9963816070939,42400
2025-02-26,21.987064361572266,22.14544582591673,22.34109257640564,21.744833782163585,46500
2025-02-27,21.754150390625,21.88458155667435,21.949797139699022,21.64235097901744,43400
2025-02-28,21.24173927307129,21.64235132024356,21.67961838369744,21.18584045488186,49800
2025-03-03,21.37217140197754,21.25105522736917,21.54918461564927,21.195156411314485,38300
2025-03-04,21.92184829711914,21.567818313061668,22.08954474657699,21.297639219220127,62000
2025-03-05,22.751022338867188,22.03364733637792,22.825554691269225,22.03364733637792,59100
2025-03-06,22.928037643432617,22.574007632127948,23.10505087209348,22.55537409953476,110100
2025-03-07,23.049150466918945,23.095734295199765,23.1516331121454,22.527424029113206,90900
2025-03-10,23.188899993896484,23.021201754525375,23.356598233267594,23.021201754525375,92000
2025-03-11,23.300697326660156,23.13299910230093,23.403179969766644,23.002567939795448,98700
2025-03-12,22.945247650146484,23.349823883862346,23.349823883862346,22.80075653181316,93700
2025-03-13,22.636999130249023,23.118637409616024,23.301660470220668,22.48287502783592,70600
2025-03-14,22.916351318359375,22.64663320748859,23.02231049555864,22.492509097649375,57100
2025-03-17,23.330556869506836,22.945246625391512,23.465416832925325,22.945246625391512,60500
2025-03-18,23.07047462463379,23.12827070448433,23.147536676869258,22.733327457114516,77800
2025-03-19,22.974145889282227,23.166800095258797,23.31129304637147,22.8874508535363,91400
2025-03-20,22.521406173706055,22.714062229261824,22.82965623005615,22.44434411894461,55600
2025-03-21,21.981971740722656,22.309485932045085,22.473243027706296,21.837480618034363,141000
2025-03-24,21.375106811523438,21.96270424810602,22.107197198100863,21.211349727192907,129200
2025-03-25,21.384740829467773,21.384740829467773,21.452169896157567,21.163185819524383,57200
2025-03-26,21.3558406829834,21.27877863429427,21.36547366873256,21.115021551166855,33700
2025-03-27,21.529232025146484,21.28841287908736,22.01087031726473,21.28841287908736,64300
2025-03-28,21.317310333251953,21.606294415413107,21.80858161935204,21.076491183436477,95500
2025-03-31,21.06686019897461,21.307679350672835,21.375108419179647,20.903103102327645,78300
2025-04-01,21.635190963745117,20.912733533458457,22.299852314054036,20.72971230731157,273700
2025-04-02,21.163185119628906,21.375107136278878,21.558128357725767,20.845303931958156,67800
2025-04-03,21.30767822265625,21.153552283408754,21.692988477514437,20.854937065556687,84500
2025-04-04,20.488893508911133,21.105389938533385,21.548498125302594,20.35403353695305,112100
2025-04-07,19.978355407714844,20.01688735158459,20.51778976076181,19.544882063005463,115800
2025-04-08,20.334768295288086,20.643016493330418,20.80677357820343,20.16137822456323,183200
2025-04-09,21.42327117919922,20.325136452584868,21.770051340152925,20.257707385133713,147000
2025-04-10,21.172819137573242,21.269147164627032,21.394372313683952,20.614118785426413,70800
2025-04-11,21.66408920288086,21.240247010077425,22.174626431423725,20.835670789061464,98600
2025-04-14,21.558128356933594,21.59666030079734,22.010869510811563,21.384740121459362,57400
2025-04-15,21.904909133911133,21.481066925713495,22.087932197931245,21.481066925713495,63200
2025-04-16,22.164993286132812,21.92417415243381,22.84891874393198,21.895275194960423,151400
2025-04-17,22.193893432617188,22.164994473595574,22.502141646297268,21.972338421393385,62100
2025-04-21,22.030136108398438,22.251689279994448,22.396180398978622,21.68335595299302,63800
2025-04-22,22.251689910888672,22.078299828269895,22.28058703312226,21.827847690854362,68400
2025-04-23,22.15536117553711,22.319118266413685,22.714061514297615,21.943440990939767,49200
2025-04-24,22.550304412841797,22.309485269742414,22.6466324375424,22.24205620364327,65200
2025-04-25,22.492507934570312,22.53103804138558,22.540671027415453,22.22278983764655,62100
2025-04-28,22.51177406311035,22.29021905749169,22.72369424532795,22.14572794064768,87700
2025-04-29,22.3383846282959,22.598467911148596,22.636999856640422,22.213157642751742,61700
2025-04-30,22.60810089111328,22.020503420963745,22.77185798479856,22.020503420963745,39600
2025-05-01,22.521406173706055,22.63700017450038,22.714062229261824,22.280587022913497,36700
2025-05-02,22.74295997619629,22.66589792554357,22.89708407750172,22.588835874890858,37700
2025-05-05,22.569570541381836,22.820022672414364,22.84891979391148,22.26132233005081,28500
2025-05-06,22.90671730041504,22.444343154412305,22.9452474074878,22.43471200562229,48300
2025-05-07,22.77185821533203,22.704429147362106,22.964514270078368,22.559938024954505,61200
2025-05-08,22.6755313873291,22.69479552241833,22.839286640760943,22.40581328573311,59900
2025-05-09,22.858552932739258,22.73332778503936,22.954880958749175,22.6658987180237,51100
2025-05-12,22.983779907226562,23.01267702890332,23.205333080835,22.8681859086067,34700
2025-05-13,22.473241806030273,22.877818029946763,22.877818029946763,22.261321626761333,84600
2025-05-14,22.44434356689453,22.453976553165816,22.70442868430637,22.059033302564547,65700
2025-05-15,22.64663314819336,22.925982407556404,22.925982407556404,22.415446984039843,59400
2025-05-16,22.386547088623047,22.261321943930934,22.64663220141156,22.164993920234718,67700
2025-05-19,22.51177406311035,22.41544603944627,22.598467263373372,22.097564847467755,57700
2025-05-20,22.290218353271484,22.35764741651477,22.49250738030552,22.1746261983699,58800
2025-05-21,21.789316177368164,22.155360454728086,22.290218582602133,21.654456212189924,66600
2025-05-22,21.548498153686523,21.558129302770805,21.66409031574081,21.163186047360792,82400
2025-05-23,21.654457092285156,21.375107839291957,21.808581198206422,21.19208477452135,46100
2025-05-27,22.097564697265625,21.798947642206308,22.32875085010546,21.798947642206308,63500
2025-05-28,21.99160385131836,21.95307374421142,22.22279000587271,21.808580789973742,32300
2025-05-29,22.10719871520996,22.059033782804963,22.15536181031065,21.866379565097887,43700
2025-05-30,21.596660614013672,21.644823707237656,21.741151730989856,21.220983342414748,102300
2025-06-02,21.606292724609375,21.59665973889407,21.86637782701012,21.423269670626905,72800
2025-06-03,21.596660614013672,21.596660614013672,21.7507847170955,21.26914643563873,42700
2025-06-04,21.529232025146484,21.61592706471211,21.6737231453211,21.326942987058597,47900
2025-06-05,22.0108699798584,21.54849766746565,22.18426005633174,21.54849766746565,72400
2025-06-06,22.0205020904541,22.136094245304008,22.18425917424495,21.991603133089537,43400
2025-06-09,21.596660614013672,21.760417703201142,21.760417703201142,21.413637552614915,70800
2025-06-10,21.509965896606445,21.538864855353623,21.577394963045595,21.40400488517106,41600
2025-06-11,21.3558406829834,21.509964780361653,21.596659814799946,21.25951266279595,60000
2025-06-12,21.086122512817383,21.442535634948857,21.442535634948857,20.99942747871254,43300
2025-06-13,20.691179275512695,20.98016333482907,20.98016333482907,20.691179275512695,73500
2025-06-16,20.941633224487305,20.893470129038832,21.182452376338315,20.893470129038832,60200
2025-06-17,21.09575653076172,20.91273346788446,21.278779593638976,20.883836346638326,69100
2025-06-18,20.874202728271484,20.989796721667954,21.08612290597679,20.816406650225346,95800
2025-06-20,20.835670471191406,20.81640633700202,21.009060540025025,20.691179359598113,195900
2025-06-23,20.508159637451172,20.816407854603874,20.816407854603874,20.286604623731403,100800
2025-06-24,20.546689987182617,20.565955960306937,20.864571194516635,20.479260918551812,76600
2025-06-25,20.315502166748047,20.60448439085573,20.623750362410693,20.248073103609865,67300
2025-06-26,20.527423858642578,20.31550366779248,20.63338487271978,20.26734057265065,107800
2025-06-27,20.585220336914062,20.421463252666396,20.68154652045631,20.363665337776034,75700
2025-06-30,20.96089744567871,20.51778928790954,20.96089744567871,20.51778928790954,54400
2025-07-01,21.25951385498047,20.893469562506233,21.384740839437846,20.893469562506233,105600
2025-07-02,21.73151969909668,21.326943451416227,21.8471137001358,21.307679315663304,97400
2025-07-03,21.798948287963867,21.74115220736785,21.847113219547445,21.577395114592242,29000
2025-07-07,21.28841209411621,21.731518424620212,21.79894748906176,21.143920979269435,93500
2025-07-08,21.30767822265625,21.346208329489958,21.384740273627887,21.00906116749996,83700
2025-07-09,21.201717376708984,21.3751074520553,21.57739464842318,21.047593273579864,65100
2025-07-10,21.018693923950195,21.20171698199778,21.394371188670426,20.92236590196177,73600
2025-07-11,20.86457061767578,21.018694723800657,21.076490804271415,20.806774537205023,57300
2025-07-14,20.72007942199707,20.826040433559132,20.93199960781693,20.72007942199707,55900
2025-07-15,20.845304489135742,20.739345315282765,20.96089848651675,20.729712329058994,61800
2025-07-16,21.09575653076172,20.893469332821788,21.09575653076172,20.787508322107968,78000
2025-07-17,21.278779983520508,21.16318598450525,21.288412969880472,21.105389903649762,50000
2025-07-18,21.201717376708984,21.317309535403705,21.346208493729502,20.99942834303687,52900
2025-07-21,21.64482307434082,21.394370954830038,21.721885123628432,21.192083764439126,52500
2025-07-22,22.001235961914062,21.741150859401035,22.049399053207217,21.702620753827343,51300
2025-07-23,22.309484481811523,22.001236283499768,22.33838343939232,21.837479198483624,46500
2025-07-24,22.232423782348633,22.21315780945813,22.396180877309302,21.943441538208297,37800
2025-07-25,22.232423782348633,22.232423782348633,22.29985285016109,21.943441538208297,38200
2025-07-28,22.11682891845703,22.270954858256804,22.270954858256804,21.972337802030488,50300
2025-07-29,22.145727157592773,22.16499312910521,22.16499312910521,21.837478962610497,41300
2025-07-30,22.357648849487305,22.213157727947344,22.569570875896588,22.107198552046995,100600
2025-07-31,22.232423782348633,22.251689755239134,22.434712823090308,22.164994714536174,100300
2025-08-01,22.13609504699707,22.348017067403944,22.348017067403944,21.953073822305623,127100
2025-08-04,22.50214195251465,22.155361788753307,22.521406088153597,22.155361788753307,69600
2025-08-05,22.376914978027344,22.598468155084017,22.598468155084017,22.25168982843575,58000
2025-08-06,21.962705612182617,22.38654782806317,22.38654782806317,21.904909530977545,61000
2025-08-07,22.3480167388916,21.972337634285587,22.37691385957376,21.962704648290128,57300
2025-08-08,22.531038284301758,22.444343246402433,22.569570228836678,22.34801705967362,62400
2025-08-11,22.078298568725586,22.290218748000754,22.37691378436428,22.030135476214387,58700
2025-08-12,22.097564697265625,22.309484878042753,22.309484878042753,21.981970702193596,66600
2025-08-13,22.203523635864258,21.95307335089567,22.251688565515295,21.95307335089567,33100
2025-08-14,21.80858039855957,22.107197450473986,22.107197450473986,21.72188536249464,52800
2025-08-15,21.981971740722656,21.721886617501145,22.001237713695577,21.721886617501145,41400
2025-08-18,21.97233772277832,21.914541643877012,22.0782987318509,21.847112578941452,55100
2025-08-19,21.702621459960938,21.93380761283763,21.94344059887052,21.67372250186227,76800
2025-08-20,21.741151809692383,21.789316740394955,21.81821386151226,21.58702770605263,43200
2025-08-21,21.80858039855957,21.72188536249464,21.818213384489475,21.67372227014932,23800
2025-08-22,22.203523635864258,21.933807379035255,22.22278960772467,21.818213385176968,64300
2025-08-25,22.193893432617188,22.22279055433452,22.444343728254044,22.05903346115394,106200
2025-08-26,21.6833553314209,22.107197527288356,22.4250787148629,21.471435152139275,219500
2025-08-27,19.487085342407227,20.681548116066484,20.71044707574126,19.477452355848968,238600
2025-08-28,19.96872329711914,20.036152364542883,20.199909458559524,19.650842095475575,225600
2025-08-29,19.727903366088867,19.90129343961162,19.90129343961162,19.58341225058798,103400
2025-09-02,18.832056045532227,19.641208504311006,19.641208504311006,18.812791910650244,254100
2025-09-03,18.581605911254883,19.00544627906008,19.00544627906008,18.51417500804091,164300
2025-09-04,18.92838478088379,18.832056753634916,19.053611767498616,18.832056753634916,159700
2025-09-05,18.774259567260742,18.957282624531473,19.04397766022265,18.76462658137237,129300
2025-09-08,18.668298721313477,18.716463651172077,18.812791673585075,18.639401600702524,157800
2025-09-09,18.754993438720703,18.745360452912845,18.986179586196748,18.73572930440917,178700
2025-09-10,18.658668518066406,18.735730572440637,18.938017776183877,18.64903553160659,144900
2025-09-11,18.899486541748047,18.73572945629529,18.986179740113208,18.73572945629529,117700
2025-09-12,18.79352569580078,18.909117852817083,18.909117852817083,18.716463645355176,135500
2025-09-15,18.79352569580078,18.94764979669199,19.0632437910125,18.745360765957148,134600
2025-09-16,18.938016891479492,19.02471192826351,19.02471192826351,18.851321854695474,126200
2025-09-17,19.09214210510254,18.89948788559743,19.21736909321997,18.89948788559743,102500
2025-09-18,18.81279182434082,19.101774056591346,19.198102079776262,18.803158838291907,132100
2025-09-19,18.79352569580078,18.812791667738235,18.957282782660716,18.783892709832056,324800
2025-09-22,18.69719886779785,18.94765100707104,18.94765100707104,18.62013681242951,118600
2025-09-23,18.97654914855957,18.77426011362512,18.995813283592746,18.745361155118985,89700
2025-09-24,18.543073654174805,18.97654883815512,19.0439779029289,18.543073654174805,118900
2025-09-25,18.167396545410156,18.494910723441194,18.523807844423548,18.167396545410156,148800
2025-09-26,18.34078598022461,18.18666004538109,18.552706155015176,18.18666004538109,134500
2025-09-29,18.06143569946289,18.350417935732597,18.360050921915487,18.06143569946289,112500
2025-09-30,18.013273239135742,18.099968280525395,18.15776436235039,17.92657819774609,107800
2025-10-01,18.119232177734375,18.109599191339637,18.33115420381005,17.99400702921135,168400
2025-10-02,17.994007110595703,18.17703017831495,18.34078727315758,17.974741137719086,122700
2025-10-03,18.302255630493164,18.15776450613435,18.37931768597149,18.15776450613435,110100
2025-10-06,18.17702865600586,18.32151976587088,18.32151976587088,18.003638589246176,135100
2025-10-07,18.32151985168457,18.302253880331225,18.533440024658912,18.11923082708275,102800
2025-10-08,18.27335548400879,18.33115339984232,18.37931649239939,18.225192391451724,96200
2025-10-09,18.06143569946289,18.263722897390835,18.302254842122395,18.06143569946289,87900
2025-10-10,18.292621612548828,18.051802473093517,18.302254598603547,18.02290351492936,93400
2025-10-13,18.34078598022461,18.302254037187687,18.427479177449346,18.148129939648335,134600
2025-10-14,18.292621612548828,18.302254598603547,18.417848593955956,18.157763482391207,125300
2025-10-15,18.186660766601562,18.311887749133465,18.41784875938288,18.138497673199595,102600
2025-10-16,18.263723373413086,18.254092224283422,18.292622332714974,17.9747411296114,131400
2025-10-17,18.263723373413086,18.205927292113607,18.369684386882376,18.196294305679647,125600
2025-10-20,18.263723373413086,18.350418414014452,18.350418414014452,18.119232251512244,98500
2025-10-21,18.456378936767578,18.20592680805644,18.783893117597202,18.10959878358227,116200
2025-10-22,18.456378936767578,18.388949870826934,18.62013602718239,18.254091738945647,92200
2025-10-23,18.350418090820312,18.46601208868768,18.46601208868768,18.2155599577286,77000
2025-10-24,18.34078598022461,18.360050114438902,18.437112163208578,18.177028896926025,73600
2025-10-27,18.48527717590332,18.37931616937503,18.514174296007997,18.196293113727304,115500
2025-10-28,18.64903450012207,18.533440506302117,18.735729536160985,18.369683420151304,132700
2025-10-29,18.090333938598633,18.446745226670625,18.446745226670625,17.98437293210493,130900
2025-10-30,18.331153869628906,18.06143576740611,18.40821592207767,18.06143576740611,174300
2025-10-31,18.668298721313477,18.263722497022265,18.73572962311552,18.20592641849615,134900
2025-11-03,18.504541397094727,18.629768375816937,18.629768375816937,18.225192156714133,110000
2025-11-04,18.687564849853516,18.54307373367533,18.851321938136582,18.485277654664902,175600
2025-11-05,18.832056045532227,18.783892952370916,18.966916013531513,18.649034821675865,133800
2025-11-06,18.60087013244629,18.716464129758503,18.716464129758503,18.321520881340177,170800
2025-11-07,18.55270767211914,18.44674665740706,18.63940271373733,18.350418629241926,100800
2025-11-10,18.55270767211914,18.543074685572197,18.668299836073846,18.408216548523598,107600
2025-11-11,19.525615692138672,18.976548364342374,19.679739789860296,18.793525309308887,153700
2025-11-12,19.872394561767578,19.68937333880333,20.132479673101056,19.670107366711022,108400
2025-11-13,20.334768295288086,20.122846281155844,20.392564373094977,20.00725412554206,150700
2025-11-14,20.10358238220215,20.363665654031248,20.363665654031248,20.036151480449497,72400
2025-11-17,20.90310287475586,20.228808522420135,20.912734023891133,20.228808522420135,117400
2025-11-18,21.115022659301758,20.931999595070806,21.172818739525752,20.758609517094563,83100
2025-11-19,21.172819137573242,21.134289029134305,21.230617056188095,20.88383689371617,85000
2025-11-20,21.163185119628906,21.124655013067954,21.192084077527777,21.009061018776677,63700
2025-11-21,21.625558853149414,21.095755658783602,21.7604169795351,21.095755658783602,85000
2025-11-24,21.61592674255371,21.558128825501846,21.76041786057487,21.404004721305377,100400
2025-11-25,21.606292724609375,21.567760781748156,21.76041682144593,21.384739565069847,96300
2025-11-26,21.56776237487793,21.529232266474796,21.644824428988493,21.355842185399958,86200
2025-11-28,21.51959800720215,21.625559014325876,21.625559014325876,21.25951290097346,44400
2025-12-01,21.19208526611328,21.288413293874658,21.39437247083829,21.163186306593573,100800
2025-12-02,21.220983505249023,21.230616491428584,21.336575664795244,20.99942849772764,57900
2025-12-03,21.09575653076172,21.278779593638976,21.30767855218936,20.980164371168687,51500
2025-12-04,21.02832794189453,21.02832794189453,21.15355309051226,20.999428982688457,59500
2025-12-05,21.018693923950195,20.99942795209167,21.19208399606852,20.92236590196177,38600
2025-12-08,20.999427795410156,21.0475927246971,21.1439207459668,20.883835639729867,29200
2025-12-09,20.999427795410156,21.115021788394632,21.172817866234777,20.931998731712625,42100
2025-12-10,21.24024772644043,21.066859486417947,21.38474068241555,20.88383642287258,45400
2025-12-11,20.893468856811523,20.826039792367766,21.037959971663035,20.720078784068026,56600
2025-12-12,20.989797592163086,20.970531619580637,21.16318583349231,20.874203593972666,42100
2025-12-15,21.1439208984375,20.989796798216254,21.31730913320825,20.989796798216254,35300
2025-12-16,21.1439208984375,21.134287912510647,21.34620809098881,21.04759287647317,40500
2025-12-17,21.086122512817383,21.047592407273097,21.278778552451286,20.92236543031981,58800
2025-12-18,20.748977661132812,21.057225861563055,21.182451003998764,20.67191377372105,59600
2025-12-19,20.325136184692383,20.594852450942053,20.777875515400233,20.267340104396634,160600
2025-12-22,20.53705596923828,20.334768773504845,20.56595492747344,20.334768773504845,50500
2025-12-23,20.60448455810547,20.51778952270861,20.874202650151712,20.51778952270861,46600
2025-12-24,20.88383674621582,20.62375162619883,20.95126581348594,20.62375162619883,20400
2025-12-26,20.86457061767578,20.87420360397162,20.970531629625736,20.652650431080147,42700
2025-12-29,20.81640625,20.806773264293486,20.980163332402423,20.76824132146743,41300
2025-12-30,20.941633224487305,20.816408073938682,21.037961252688575,20.710447059186855,42800
2025-12-31,20.941633224487305,20.826041060489242,21.04759423923913,20.826041060489242,46900
2026-01-02,21.057226181030273,20.980164129753575,21.143921218379585,20.92236621331788,46700
